2026-02-10 14:36:01,386 - SmartRoom - INFO - Initializing Smart Room Controller...
2026-02-10 14:45:19,243 - SmartRoom - INFO - Initializing Smart Room Controller...
2026-02-10 14:45:19,244 - SmartRoom - INFO - Smart Room Controller initialized!
2026-02-10 14:45:19,244 - SmartRoom - INFO - [1/5] Starting MQTT Handler...
2026-02-10 14:45:19,244 - SmartRoom - INFO - MQTT callbacks registered
2026-02-10 14:45:19,244 - MQTTHandler - INFO - Connecting to MQTT broker localhost:1883...
2026-02-10 14:45:19,247 - MQTTHandler - INFO - MQTT loop started
2026-02-10 14:45:19,251 - MQTTHandler - INFO - Connected to MQTT broker!
2026-02-10 14:45:20,247 - SmartRoom - INFO - [2/5] Starting Data Collector...
2026-02-10 14:45:20,248 - DataCollector - INFO - DataCollector started
2026-02-10 14:45:20,249 - DataCollector - INFO - DataCollector connected (rc=0)
2026-02-10 14:45:20,249 - SmartRoom - INFO - [3/5] Camera disabled
2026-02-10 14:45:20,249 - SmartRoom - INFO - [4/5] Starting Optimization Loop...
2026-02-10 14:45:20,249 - SmartRoom - INFO - Optimization loop started (interval=30s)
2026-02-10 14:45:20,249 - SmartRoom - INFO - [5/5] System ready!
2026-02-10 14:45:20,250 - SmartRoom - INFO - All services started. Press Ctrl+C to stop.
2026-02-10 14:45:30,250 - SmartRoom - INFO - ========================================
2026-02-10 14:45:30,250 - SmartRoom - INFO - Running ML Optimization...
2026-02-10 14:45:30,251 - SmartRoom - INFO -   Occupancy: False | Persons: 0
2026-02-10 14:45:30,251 - SmartRoom - WARNING -   [AC] Sensor data stale, skipping
2026-02-10 14:45:30,251 - SmartRoom - WARNING -   [Lamp] Sensor data stale, skipping
2026-02-10 14:45:30,251 - SmartRoom - INFO - ========================================
2026-02-10 14:45:51,945 - SmartRoom - INFO - Shutting down...
2026-02-10 14:45:51,947 - MQTTHandler - INFO - MQTT stopped
2026-02-10 14:45:51,947 - SmartRoom - INFO - Goodbye!
2026-02-10 14:52:22,761 - SmartRoom - INFO - Initializing Smart Room Controller...
2026-02-10 14:52:22,762 - SmartRoom - INFO - Smart Room Controller initialized!
2026-02-10 14:52:22,762 - SmartRoom - INFO - [1/5] Starting MQTT Handler...
2026-02-10 14:52:22,762 - SmartRoom - INFO - MQTT callbacks registered
2026-02-10 14:52:22,762 - MQTTHandler - INFO - Connecting to MQTT broker localhost:1883...
2026-02-10 14:52:22,765 - MQTTHandler - INFO - MQTT loop started
2026-02-10 14:52:22,765 - MQTTHandler - INFO - Connected to MQTT broker!
2026-02-10 14:52:23,765 - SmartRoom - INFO - [2/5] Starting Data Collector...
2026-02-10 14:52:23,766 - DataCollector - INFO - DataCollector started
2026-02-10 14:52:23,767 - DataCollector - INFO - DataCollector connected (rc=0)
2026-02-10 14:52:23,767 - SmartRoom - INFO - [3/5] Camera disabled
2026-02-10 14:52:23,767 - SmartRoom - INFO - [4/5] Starting Optimization Loop...
2026-02-10 14:52:23,768 - SmartRoom - INFO - Optimization loop started (interval=30s)
2026-02-10 14:52:23,768 - SmartRoom - INFO - [5/5] System ready!
2026-02-10 14:52:23,768 - SmartRoom - INFO - All services started. Press Ctrl+C to stop.
2026-02-10 14:52:33,768 - SmartRoom - INFO - ========================================
2026-02-10 14:52:33,768 - SmartRoom - INFO - Running ML Optimization...
2026-02-10 14:52:33,768 - SmartRoom - INFO -   Occupancy: False | Persons: 0
2026-02-10 14:52:33,891 - ACGeneticOptimizer - INFO - GA Result: {'ac_temperature': 27, 'fan_speed': 2, 'duty_cycle': 0.0, 'should_turn_on': False, 'energy_score': np.float64(0.0), 'comfort_score': 1.0}
2026-02-10 14:52:33,892 - SmartRoom - INFO -   [AC] Temp:27C On:False
2026-02-10 14:52:33,892 - SmartRoom - WARNING -   [Lamp] Sensor data stale, skipping
2026-02-10 14:52:33,892 - SmartRoom - INFO - ========================================
2026-02-10 14:52:34,171 - SmartRoom - INFO - [AC Status] {'device': 'ac_controller', 'status': 'error', 'detail': 'No IR code for AC OFF', 'uptime': 77, 'wifi_rssi': -67, 'ac_state': 'off', 'ac_temp': 24, 'ir_codes_learned': 0}
2026-02-10 14:53:03,893 - SmartRoom - INFO - ========================================
2026-02-10 14:53:03,893 - SmartRoom - INFO - Running ML Optimization...
2026-02-10 14:53:03,893 - SmartRoom - INFO -   Occupancy: False | Persons: 0
2026-02-10 14:53:04,008 - ACGeneticOptimizer - INFO - GA Result: {'ac_temperature': 26, 'fan_speed': 1, 'duty_cycle': 0.0, 'should_turn_on': False, 'energy_score': np.float64(0.0), 'comfort_score': 1.0}
2026-02-10 14:53:04,009 - SmartRoom - INFO -   [AC] Temp:26C On:False
2026-02-10 14:53:04,009 - SmartRoom - WARNING -   [Lamp] Sensor data stale, skipping
2026-02-10 14:53:04,009 - SmartRoom - INFO - ========================================
2026-02-10 14:53:04,100 - SmartRoom - INFO - [AC Status] {'device': 'ac_controller', 'status': 'error', 'detail': 'No IR code for AC OFF', 'uptime': 107, 'wifi_rssi': -67, 'ac_state': 'off', 'ac_temp': 24, 'ir_codes_learned': 0}
2026-02-10 14:53:23,780 - SmartRoom - INFO - STATUS | AC: 25.5C 72.2% | Lamp: 0lux br=0 | Cam: 0ppl | Opts: 2
2026-02-10 14:53:34,010 - SmartRoom - INFO - ========================================
2026-02-10 14:53:34,010 - SmartRoom - INFO - Running ML Optimization...
2026-02-10 14:53:34,010 - SmartRoom - INFO -   Occupancy: False | Persons: 0
2026-02-10 14:53:34,136 - ACGeneticOptimizer - INFO - GA Result: {'ac_temperature': 25, 'fan_speed': 2, 'duty_cycle': 0.0, 'should_turn_on': False, 'energy_score': np.float64(0.0), 'comfort_score': 1.0}
2026-02-10 14:53:34,137 - SmartRoom - INFO -   [AC] Temp:25C On:False
2026-02-10 14:53:34,137 - SmartRoom - WARNING -   [Lamp] Sensor data stale, skipping
2026-02-10 14:53:34,137 - SmartRoom - INFO - ========================================
2026-02-10 14:53:34,238 - SmartRoom - INFO - [AC Status] {'device': 'ac_controller', 'status': 'error', 'detail': 'No IR code for AC OFF', 'uptime': 137, 'wifi_rssi': -64, 'ac_state': 'off', 'ac_temp': 24, 'ir_codes_learned': 0}
2026-02-10 14:54:04,138 - SmartRoom - INFO - ========================================
2026-02-10 14:54:04,138 - SmartRoom - INFO - Running ML Optimization...
2026-02-10 14:54:04,138 - SmartRoom - INFO -   Occupancy: False | Persons: 0
2026-02-10 14:54:04,251 - ACGeneticOptimizer - INFO - GA Result: {'ac_temperature': 23, 'fan_speed': 2, 'duty_cycle': 0.0, 'should_turn_on': False, 'energy_score': np.float64(0.0), 'comfort_score': 1.0}
2026-02-10 14:54:04,252 - SmartRoom - INFO -   [AC] Temp:23C On:False
2026-02-10 14:54:04,252 - SmartRoom - WARNING -   [Lamp] Sensor data stale, skipping
2026-02-10 14:54:04,252 - SmartRoom - INFO - ========================================
2026-02-10 14:54:04,368 - SmartRoom - INFO - [AC Status] {'device': 'ac_controller', 'status': 'error', 'detail': 'No IR code for AC OFF', 'uptime': 167, 'wifi_rssi': -64, 'ac_state': 'off', 'ac_temp': 24, 'ir_codes_learned': 0}
2026-02-10 14:54:12,944 - SmartRoom - INFO - [Lamp Status] {'brightness_pwm': 0, 'brightness_percent': 0, 'mode': 'auto', 'status': 'off'}
2026-02-10 14:54:23,784 - SmartRoom - INFO - STATUS | AC: 25.6C 72.6% | Lamp: 7lux br=0 | Cam: 0ppl | Opts: 4
2026-02-10 14:54:34,253 - SmartRoom - INFO - ========================================
2026-02-10 14:54:34,253 - SmartRoom - INFO - Running ML Optimization...
2026-02-10 14:54:34,253 - SmartRoom - INFO -   Occupancy: False | Persons: 0
2026-02-10 14:54:34,373 - ACGeneticOptimizer - INFO - GA Result: {'ac_temperature': 30, 'fan_speed': 2, 'duty_cycle': 0.0, 'should_turn_on': False, 'energy_score': np.float64(0.0), 'comfort_score': 1.0}
2026-02-10 14:54:34,373 - SmartRoom - INFO -   [AC] Temp:30C On:False
2026-02-10 14:54:34,374 - SmartRoom - INFO -   [Lamp] Brightness:0 On:False
2026-02-10 14:54:34,374 - SmartRoom - INFO - ========================================
2026-02-10 14:54:34,420 - SmartRoom - INFO - [AC Status] {'device': 'ac_controller', 'status': 'error', 'detail': 'No IR code for AC OFF', 'uptime': 197, 'wifi_rssi': -62, 'ac_state': 'off', 'ac_temp': 24, 'ir_codes_learned': 0}
2026-02-10 14:54:34,480 - SmartRoom - INFO - [Lamp Status] {'brightness_pwm': 0, 'brightness_percent': 0, 'mode': 'manual', 'status': 'off'}
2026-02-10 14:55:04,374 - SmartRoom - INFO - ========================================
2026-02-10 14:55:04,374 - SmartRoom - INFO - Running ML Optimization...
2026-02-10 14:55:04,375 - SmartRoom - INFO -   Occupancy: False | Persons: 0
2026-02-10 14:55:04,496 - ACGeneticOptimizer - INFO - GA Result: {'ac_temperature': 18, 'fan_speed': 2, 'duty_cycle': 0.0, 'should_turn_on': False, 'energy_score': np.float64(0.0), 'comfort_score': 1.0}
2026-02-10 14:55:04,497 - SmartRoom - INFO -   [AC] Temp:18C On:False
2026-02-10 14:55:04,498 - SmartRoom - INFO -   [Lamp] Brightness:0 On:False
2026-02-10 14:55:04,498 - SmartRoom - INFO - ========================================
2026-02-10 14:55:04,559 - SmartRoom - INFO - [Lamp Status] {'brightness_pwm': 0, 'brightness_percent': 0, 'mode': 'manual', 'status': 'off'}
2026-02-10 14:55:04,806 - SmartRoom - INFO - [AC Status] {'device': 'ac_controller', 'status': 'error', 'detail': 'No IR code for AC OFF', 'uptime': 227, 'wifi_rssi': -66, 'ac_state': 'off', 'ac_temp': 24, 'ir_codes_learned': 0}
2026-02-10 14:55:23,791 - SmartRoom - INFO - STATUS | AC: 25.6C 72.9% | Lamp: 8lux br=0 | Cam: 0ppl | Opts: 6
2026-02-10 14:55:34,499 - SmartRoom - INFO - ========================================
2026-02-10 14:55:34,499 - SmartRoom - INFO - Running ML Optimization...
2026-02-10 14:55:34,499 - SmartRoom - INFO -   Occupancy: False | Persons: 0
2026-02-10 14:55:34,622 - ACGeneticOptimizer - INFO - GA Result: {'ac_temperature': 23, 'fan_speed': 2, 'duty_cycle': 0.0, 'should_turn_on': False, 'energy_score': np.float64(0.0), 'comfort_score': 1.0}
2026-02-10 14:55:34,623 - SmartRoom - INFO -   [AC] Temp:23C On:False
2026-02-10 14:55:34,623 - SmartRoom - INFO -   [Lamp] Brightness:0 On:False
2026-02-10 14:55:34,624 - SmartRoom - INFO - ========================================
2026-02-10 14:55:34,698 - SmartRoom - INFO - [AC Status] {'device': 'ac_controller', 'status': 'error', 'detail': 'No IR code for AC OFF', 'uptime': 257, 'wifi_rssi': -63, 'ac_state': 'off', 'ac_temp': 24, 'ir_codes_learned': 0}
2026-02-10 14:55:34,698 - SmartRoom - INFO - [Lamp Status] {'brightness_pwm': 0, 'brightness_percent': 0, 'mode': 'manual', 'status': 'off'}
2026-02-10 14:56:04,624 - SmartRoom - INFO - ========================================
2026-02-10 14:56:04,624 - SmartRoom - INFO - Running ML Optimization...
2026-02-10 14:56:04,624 - SmartRoom - INFO -   Occupancy: False | Persons: 0
2026-02-10 14:56:04,711 - ACGeneticOptimizer - INFO - GA Result: {'ac_temperature': 22, 'fan_speed': 1, 'duty_cycle': 0.0, 'should_turn_on': False, 'energy_score': np.float64(0.0), 'comfort_score': 1.0}
2026-02-10 14:56:04,711 - SmartRoom - INFO -   [AC] Temp:22C On:False
2026-02-10 14:56:04,711 - SmartRoom - INFO -   [Lamp] Brightness:0 On:False
2026-02-10 14:56:04,712 - SmartRoom - INFO - ========================================
2026-02-10 14:56:04,756 - SmartRoom - INFO - [AC Status] {'device': 'ac_controller', 'status': 'error', 'detail': 'No IR code for AC OFF', 'uptime': 287, 'wifi_rssi': -62, 'ac_state': 'off', 'ac_temp': 24, 'ir_codes_learned': 0}
2026-02-10 14:56:04,768 - SmartRoom - INFO - [Lamp Status] {'brightness_pwm': 0, 'brightness_percent': 0, 'mode': 'manual', 'status': 'off'}
2026-02-10 14:56:23,796 - SmartRoom - INFO - STATUS | AC: 25.6C 73.3% | Lamp: 10lux br=0 | Cam: 0ppl | Opts: 8
2026-02-10 14:56:34,712 - SmartRoom - INFO - ========================================
2026-02-10 14:56:34,712 - SmartRoom - INFO - Running ML Optimization...
2026-02-10 14:56:34,712 - SmartRoom - INFO -   Occupancy: False | Persons: 0
2026-02-10 14:56:34,800 - ACGeneticOptimizer - INFO - GA Result: {'ac_temperature': 16, 'fan_speed': 1, 'duty_cycle': 0.0, 'should_turn_on': False, 'energy_score': np.float64(0.0), 'comfort_score': 1.0}
2026-02-10 14:56:34,801 - SmartRoom - INFO -   [AC] Temp:16C On:False
2026-02-10 14:56:34,801 - SmartRoom - INFO -   [Lamp] Brightness:0 On:False
2026-02-10 14:56:34,802 - SmartRoom - INFO - ========================================
2026-02-10 14:56:34,955 - SmartRoom - INFO - [Lamp Status] {'brightness_pwm': 0, 'brightness_percent': 0, 'mode': 'manual', 'status': 'off'}
2026-02-10 14:56:34,995 - SmartRoom - INFO - [AC Status] {'device': 'ac_controller', 'status': 'error', 'detail': 'No IR code for AC OFF', 'uptime': 318, 'wifi_rssi': -66, 'ac_state': 'off', 'ac_temp': 24, 'ir_codes_learned': 0}
2026-02-10 14:57:04,802 - SmartRoom - INFO - ========================================
2026-02-10 14:57:04,802 - SmartRoom - INFO - Running ML Optimization...
2026-02-10 14:57:04,803 - SmartRoom - INFO -   Occupancy: False | Persons: 0
2026-02-10 14:57:04,937 - ACGeneticOptimizer - INFO - GA Result: {'ac_temperature': 17, 'fan_speed': 1, 'duty_cycle': 0.0, 'should_turn_on': False, 'energy_score': np.float64(0.0), 'comfort_score': 1.0}
2026-02-10 14:57:04,939 - SmartRoom - INFO -   [AC] Temp:17C On:False
2026-02-10 14:57:04,940 - SmartRoom - INFO -   [Lamp] Brightness:0 On:False
2026-02-10 14:57:04,942 - SmartRoom - INFO - ========================================
2026-02-10 14:57:04,984 - SmartRoom - INFO - [Lamp Status] {'brightness_pwm': 0, 'brightness_percent': 0, 'mode': 'manual', 'status': 'off'}
2026-02-10 14:57:04,991 - SmartRoom - INFO - [AC Status] {'device': 'ac_controller', 'status': 'error', 'detail': 'No IR code for AC OFF', 'uptime': 348, 'wifi_rssi': -59, 'ac_state': 'off', 'ac_temp': 24, 'ir_codes_learned': 0}
2026-02-10 14:57:23,810 - SmartRoom - INFO - STATUS | AC: 25.6C 73.6% | Lamp: 11lux br=0 | Cam: 0ppl | Opts: 10
2026-02-10 14:57:34,946 - SmartRoom - INFO - ========================================
2026-02-10 14:57:34,946 - SmartRoom - INFO - Running ML Optimization...
2026-02-10 14:57:34,946 - SmartRoom - INFO -   Occupancy: False | Persons: 0
2026-02-10 14:57:35,127 - ACGeneticOptimizer - INFO - GA Result: {'ac_temperature': 30, 'fan_speed': 1, 'duty_cycle': 0.0, 'should_turn_on': False, 'energy_score': np.float64(0.0), 'comfort_score': 1.0}
2026-02-10 14:57:35,128 - SmartRoom - INFO -   [AC] Temp:30C On:False
2026-02-10 14:57:35,128 - SmartRoom - INFO -   [Lamp] Brightness:0 On:False
2026-02-10 14:57:35,129 - SmartRoom - INFO - ========================================
2026-02-10 14:57:35,415 - SmartRoom - INFO - [Lamp Status] {'brightness_pwm': 0, 'brightness_percent': 0, 'mode': 'manual', 'status': 'off'}
2026-02-10 14:57:35,426 - SmartRoom - INFO - [AC Status] {'device': 'ac_controller', 'status': 'error', 'detail': 'No IR code for AC OFF', 'uptime': 378, 'wifi_rssi': -63, 'ac_state': 'off', 'ac_temp': 24, 'ir_codes_learned': 0}
2026-02-10 14:58:05,131 - SmartRoom - INFO - ========================================
2026-02-10 14:58:05,132 - SmartRoom - INFO - Running ML Optimization...
2026-02-10 14:58:05,132 - SmartRoom - INFO -   Occupancy: False | Persons: 0
2026-02-10 14:58:05,224 - ACGeneticOptimizer - INFO - GA Result: {'ac_temperature': 23, 'fan_speed': 1, 'duty_cycle': 0.0, 'should_turn_on': False, 'energy_score': np.float64(0.0), 'comfort_score': 1.0}
2026-02-10 14:58:05,224 - SmartRoom - INFO -   [AC] Temp:23C On:False
2026-02-10 14:58:05,225 - SmartRoom - INFO -   [Lamp] Brightness:0 On:False
2026-02-10 14:58:05,225 - SmartRoom - INFO - ========================================
2026-02-10 14:58:05,358 - SmartRoom - INFO - [AC Status] {'device': 'ac_controller', 'status': 'error', 'detail': 'No IR code for AC OFF', 'uptime': 408, 'wifi_rssi': -65, 'ac_state': 'off', 'ac_temp': 24, 'ir_codes_learned': 0}
2026-02-10 14:58:05,400 - SmartRoom - INFO - [Lamp Status] {'brightness_pwm': 0, 'brightness_percent': 0, 'mode': 'manual', 'status': 'off'}
2026-02-10 14:58:23,822 - SmartRoom - INFO - STATUS | AC: 25.6C 73.8% | Lamp: 11lux br=0 | Cam: 0ppl | Opts: 12
2026-02-10 14:58:35,225 - SmartRoom - INFO - ========================================
2026-02-10 14:58:35,225 - SmartRoom - INFO - Running ML Optimization...
2026-02-10 14:58:35,225 - SmartRoom - INFO -   Occupancy: False | Persons: 0
2026-02-10 14:58:35,316 - ACGeneticOptimizer - INFO - GA Result: {'ac_temperature': 26, 'fan_speed': 2, 'duty_cycle': 0.0, 'should_turn_on': False, 'energy_score': np.float64(0.0), 'comfort_score': 1.0}
2026-02-10 14:58:35,317 - SmartRoom - INFO -   [AC] Temp:26C On:False
2026-02-10 14:58:35,317 - SmartRoom - INFO -   [Lamp] Brightness:0 On:False
2026-02-10 14:58:35,317 - SmartRoom - INFO - ========================================
2026-02-10 14:58:35,595 - SmartRoom - INFO - [Lamp Status] {'brightness_pwm': 0, 'brightness_percent': 0, 'mode': 'manual', 'status': 'off'}
2026-02-10 14:58:35,598 - SmartRoom - INFO - [AC Status] {'device': 'ac_controller', 'status': 'error', 'detail': 'No IR code for AC OFF', 'uptime': 438, 'wifi_rssi': -65, 'ac_state': 'off', 'ac_temp': 24, 'ir_codes_learned': 0}
2026-02-10 14:59:05,318 - SmartRoom - INFO - ========================================
2026-02-10 14:59:05,318 - SmartRoom - INFO - Running ML Optimization...
2026-02-10 14:59:05,318 - SmartRoom - INFO -   Occupancy: False | Persons: 0
2026-02-10 14:59:05,439 - ACGeneticOptimizer - INFO - GA Result: {'ac_temperature': 30, 'fan_speed': 2, 'duty_cycle': 0.0, 'should_turn_on': False, 'energy_score': np.float64(0.0), 'comfort_score': 1.0}
2026-02-10 14:59:05,439 - SmartRoom - INFO -   [AC] Temp:30C On:False
2026-02-10 14:59:05,440 - SmartRoom - INFO -   [Lamp] Brightness:0 On:False
2026-02-10 14:59:05,440 - SmartRoom - INFO - ========================================
2026-02-10 14:59:05,515 - SmartRoom - INFO - [AC Status] {'device': 'ac_controller', 'status': 'error', 'detail': 'No IR code for AC OFF', 'uptime': 468, 'wifi_rssi': -62, 'ac_state': 'off', 'ac_temp': 24, 'ir_codes_learned': 0}
2026-02-10 14:59:05,520 - SmartRoom - INFO - [Lamp Status] {'brightness_pwm': 0, 'brightness_percent': 0, 'mode': 'manual', 'status': 'off'}
2026-02-10 14:59:23,829 - SmartRoom - INFO - STATUS | AC: 25.7C 73.8% | Lamp: 12lux br=0 | Cam: 0ppl | Opts: 14
2026-02-10 14:59:35,440 - SmartRoom - INFO - ========================================
2026-02-10 14:59:35,441 - SmartRoom - INFO - Running ML Optimization...
2026-02-10 14:59:35,441 - SmartRoom - INFO -   Occupancy: False | Persons: 0
2026-02-10 14:59:35,523 - ACGeneticOptimizer - INFO - GA Result: {'ac_temperature': 27, 'fan_speed': 1, 'duty_cycle': 0.0, 'should_turn_on': False, 'energy_score': np.float64(0.0), 'comfort_score': 1.0}
2026-02-10 14:59:35,523 - SmartRoom - INFO -   [AC] Temp:27C On:False
2026-02-10 14:59:35,524 - SmartRoom - INFO -   [Lamp] Brightness:0 On:False
2026-02-10 14:59:35,524 - SmartRoom - INFO - ========================================
2026-02-10 14:59:35,568 - SmartRoom - INFO - [AC Status] {'device': 'ac_controller', 'status': 'error', 'detail': 'No IR code for AC OFF', 'uptime': 498, 'wifi_rssi': -63, 'ac_state': 'off', 'ac_temp': 24, 'ir_codes_learned': 0}
2026-02-10 14:59:35,568 - SmartRoom - INFO - [Lamp Status] {'brightness_pwm': 0, 'brightness_percent': 0, 'mode': 'manual', 'status': 'off'}
2026-02-10 15:00:05,524 - SmartRoom - INFO - ========================================
2026-02-10 15:00:05,525 - SmartRoom - INFO - Running ML Optimization...
2026-02-10 15:00:05,525 - SmartRoom - INFO -   Occupancy: False | Persons: 0
2026-02-10 15:00:05,618 - ACGeneticOptimizer - INFO - GA Result: {'ac_temperature': 30, 'fan_speed': 1, 'duty_cycle': 0.0, 'should_turn_on': False, 'energy_score': np.float64(0.0), 'comfort_score': 1.0}
2026-02-10 15:00:05,618 - SmartRoom - INFO -   [AC] Temp:30C On:False
2026-02-10 15:00:05,618 - SmartRoom - INFO -   [Lamp] Brightness:0 On:False
2026-02-10 15:00:05,619 - SmartRoom - INFO - ========================================
2026-02-10 15:00:05,770 - SmartRoom - INFO - [AC Status] {'device': 'ac_controller', 'status': 'error', 'detail': 'No IR code for AC OFF', 'uptime': 528, 'wifi_rssi': -66, 'ac_state': 'off', 'ac_temp': 24, 'ir_codes_learned': 0}
2026-02-10 15:00:05,770 - SmartRoom - INFO - [Lamp Status] {'brightness_pwm': 0, 'brightness_percent': 0, 'mode': 'manual', 'status': 'off'}
2026-02-10 15:00:23,834 - SmartRoom - INFO - STATUS | AC: 25.7C 73.7% | Lamp: 12lux br=0 | Cam: 0ppl | Opts: 16
2026-02-10 15:00:35,619 - SmartRoom - INFO - ========================================
2026-02-10 15:00:35,619 - SmartRoom - INFO - Running ML Optimization...
2026-02-10 15:00:35,619 - SmartRoom - INFO -   Occupancy: False | Persons: 0
2026-02-10 15:00:35,739 - ACGeneticOptimizer - INFO - GA Result: {'ac_temperature': 26, 'fan_speed': 3, 'duty_cycle': 0.0, 'should_turn_on': False, 'energy_score': np.float64(0.0), 'comfort_score': 1.0}
2026-02-10 15:00:35,739 - SmartRoom - INFO -   [AC] Temp:26C On:False
2026-02-10 15:00:35,740 - SmartRoom - INFO -   [Lamp] Brightness:0 On:False
2026-02-10 15:00:35,740 - SmartRoom - INFO - ========================================
2026-02-10 15:00:35,852 - SmartRoom - INFO - [AC Status] {'device': 'ac_controller', 'status': 'error', 'detail': 'No IR code for AC OFF', 'uptime': 559, 'wifi_rssi': -65, 'ac_state': 'off', 'ac_temp': 24, 'ir_codes_learned': 0}
2026-02-10 15:00:35,867 - SmartRoom - INFO - [Lamp Status] {'brightness_pwm': 0, 'brightness_percent': 0, 'mode': 'manual', 'status': 'off'}
2026-02-10 15:01:05,741 - SmartRoom - INFO - ========================================
2026-02-10 15:01:05,741 - SmartRoom - INFO - Running ML Optimization...
2026-02-10 15:01:05,741 - SmartRoom - INFO -   Occupancy: False | Persons: 0
2026-02-10 15:01:05,829 - ACGeneticOptimizer - INFO - GA Result: {'ac_temperature': 30, 'fan_speed': 1, 'duty_cycle': 0.0, 'should_turn_on': False, 'energy_score': np.float64(0.0), 'comfort_score': 1.0}
2026-02-10 15:01:05,830 - SmartRoom - INFO -   [AC] Temp:30C On:False
2026-02-10 15:01:05,830 - SmartRoom - INFO -   [Lamp] Brightness:0 On:False
2026-02-10 15:01:05,830 - SmartRoom - INFO - ========================================
2026-02-10 15:01:05,939 - SmartRoom - INFO - [AC Status] {'device': 'ac_controller', 'status': 'error', 'detail': 'No IR code for AC OFF', 'uptime': 589, 'wifi_rssi': -65, 'ac_state': 'off', 'ac_temp': 24, 'ir_codes_learned': 0}
2026-02-10 15:01:05,946 - SmartRoom - INFO - [Lamp Status] {'brightness_pwm': 0, 'brightness_percent': 0, 'mode': 'manual', 'status': 'off'}
2026-02-10 15:01:23,840 - SmartRoom - INFO - STATUS | AC: 25.8C 73.8% | Lamp: 12lux br=0 | Cam: 0ppl | Opts: 18
2026-02-10 15:01:35,831 - SmartRoom - INFO - ========================================
2026-02-10 15:01:35,831 - SmartRoom - INFO - Running ML Optimization...
2026-02-10 15:01:35,831 - SmartRoom - INFO -   Occupancy: False | Persons: 0
2026-02-10 15:01:35,947 - ACGeneticOptimizer - INFO - GA Result: {'ac_temperature': 27, 'fan_speed': 2, 'duty_cycle': 0.0, 'should_turn_on': False, 'energy_score': np.float64(0.0), 'comfort_score': 1.0}
2026-02-10 15:01:35,948 - SmartRoom - INFO -   [AC] Temp:27C On:False
2026-02-10 15:01:35,948 - SmartRoom - INFO -   [Lamp] Brightness:0 On:False
2026-02-10 15:01:35,948 - SmartRoom - INFO - ========================================
2026-02-10 15:01:36,004 - SmartRoom - INFO - [Lamp Status] {'brightness_pwm': 0, 'brightness_percent': 0, 'mode': 'manual', 'status': 'off'}
2026-02-10 15:01:36,017 - SmartRoom - INFO - [AC Status] {'device': 'ac_controller', 'status': 'error', 'detail': 'No IR code for AC OFF', 'uptime': 619, 'wifi_rssi': -69, 'ac_state': 'off', 'ac_temp': 24, 'ir_codes_learned': 0}
2026-02-10 15:02:05,952 - SmartRoom - INFO - ========================================
2026-02-10 15:02:05,952 - SmartRoom - INFO - Running ML Optimization...
2026-02-10 15:02:05,952 - SmartRoom - INFO -   Occupancy: False | Persons: 0
2026-02-10 15:02:06,058 - ACGeneticOptimizer - INFO - GA Result: {'ac_temperature': 22, 'fan_speed': 1, 'duty_cycle': 0.0, 'should_turn_on': False, 'energy_score': np.float64(0.0), 'comfort_score': 1.0}
2026-02-10 15:02:06,059 - SmartRoom - INFO -   [AC] Temp:22C On:False
2026-02-10 15:02:06,059 - SmartRoom - INFO -   [Lamp] Brightness:0 On:False
2026-02-10 15:02:06,059 - SmartRoom - INFO - ========================================
2026-02-10 15:02:08,818 - SmartRoom - INFO - [AC Status] {'device': 'ac_controller', 'status': 'online', 'detail': 'AC Controller connected', 'uptime': 649, 'wifi_rssi': -65, 'ac_state': 'off', 'ac_temp': 24, 'ir_codes_learned': 0}
2026-02-10 15:02:09,726 - SmartRoom - INFO - [Lamp Status] {'brightness_pwm': 0, 'brightness_percent': 0, 'mode': 'manual', 'status': 'off'}
2026-02-10 15:02:23,854 - SmartRoom - INFO - STATUS | AC: 25.8C 73.8% | Lamp: 13lux br=0 | Cam: 0ppl | Opts: 20
2026-02-10 15:02:36,060 - SmartRoom - INFO - ========================================
2026-02-10 15:02:36,060 - SmartRoom - INFO - Running ML Optimization...
2026-02-10 15:02:36,060 - SmartRoom - INFO -   Occupancy: False | Persons: 0
2026-02-10 15:02:36,143 - ACGeneticOptimizer - INFO - GA Result: {'ac_temperature': 18, 'fan_speed': 1, 'duty_cycle': 0.0, 'should_turn_on': False, 'energy_score': np.float64(0.0), 'comfort_score': 1.0}
2026-02-10 15:02:36,144 - SmartRoom - INFO -   [AC] Temp:18C On:False
2026-02-10 15:02:36,144 - SmartRoom - INFO -   [Lamp] Brightness:0 On:False
2026-02-10 15:02:36,144 - SmartRoom - INFO - ========================================
2026-02-10 15:02:37,378 - SmartRoom - INFO - [Lamp Status] {'brightness_pwm': 0, 'brightness_percent': 0, 'mode': 'manual', 'status': 'off'}
2026-02-10 15:02:42,796 - SmartRoom - INFO - [AC Status] {'device': 'ac_controller', 'status': 'error', 'detail': 'No IR code for AC OFF', 'uptime': 680, 'wifi_rssi': -67, 'ac_state': 'off', 'ac_temp': 24, 'ir_codes_learned': 0}
2026-02-10 15:02:46,862 - SmartRoom - INFO - [AC Status] {'device': 'ac_controller', 'status': 'error', 'detail': 'No IR code for AC OFF', 'uptime': 689, 'wifi_rssi': -68, 'ac_state': 'off', 'ac_temp': 24, 'ir_codes_learned': 0}
2026-02-10 15:02:48,044 - SmartRoom - INFO - [AC Status] {'device': 'ac_controller', 'status': 'error', 'detail': 'No IR code for AC OFF', 'uptime': 691, 'wifi_rssi': -69, 'ac_state': 'off', 'ac_temp': 24, 'ir_codes_learned': 0}
2026-02-10 15:02:49,801 - SmartRoom - INFO - [AC Status] {'device': 'ac_controller', 'status': 'error', 'detail': 'No IR code for AC ON', 'uptime': 691, 'wifi_rssi': -68, 'ac_state': 'off', 'ac_temp': 24, 'ir_codes_learned': 0}
2026-02-10 15:02:52,359 - SmartRoom - INFO - [Lamp Status] {'brightness_pwm': 0, 'brightness_percent': 0, 'mode': 'manual', 'status': 'off'}
2026-02-10 15:02:52,862 - SmartRoom - INFO - [Lamp Status] {'brightness_pwm': 128, 'brightness_percent': 50, 'mode': 'manual', 'status': 'on'}
2026-02-10 15:02:53,171 - SmartRoom - INFO - [Lamp Status] {'brightness_pwm': 255, 'brightness_percent': 100, 'mode': 'manual', 'status': 'on'}
2026-02-10 15:03:03,843 - SmartRoom - INFO - [AC Status] {'device': 'ac_controller', 'status': 'error', 'detail': 'No IR code for AC OFF', 'uptime': 706, 'wifi_rssi': -63, 'ac_state': 'off', 'ac_temp': 24, 'ir_codes_learned': 0}
2026-02-10 15:03:06,145 - SmartRoom - INFO - ========================================
2026-02-10 15:03:06,145 - SmartRoom - INFO - Running ML Optimization...
2026-02-10 15:03:06,145 - SmartRoom - INFO -   Occupancy: False | Persons: 0
2026-02-10 15:03:06,226 - ACGeneticOptimizer - INFO - GA Result: {'ac_temperature': 24, 'fan_speed': 3, 'duty_cycle': 0.0, 'should_turn_on': False, 'energy_score': np.float64(0.0), 'comfort_score': 1.0}
2026-02-10 15:03:06,226 - SmartRoom - INFO -   [AC] Temp:24C On:False
2026-02-10 15:03:06,227 - SmartRoom - INFO -   [Lamp] Brightness:0 On:False
2026-02-10 15:03:06,227 - SmartRoom - INFO - ========================================
2026-02-10 15:03:06,409 - SmartRoom - INFO - [Lamp Status] {'brightness_pwm': 0, 'brightness_percent': 0, 'mode': 'manual', 'status': 'off'}
2026-02-10 15:03:06,412 - SmartRoom - INFO - [AC Status] {'device': 'ac_controller', 'status': 'error', 'detail': 'No IR code for AC OFF', 'uptime': 709, 'wifi_rssi': -63, 'ac_state': 'off', 'ac_temp': 24, 'ir_codes_learned': 0}
2026-02-10 15:03:11,720 - SmartRoom - INFO - [AC Status] {'device': 'ac_controller', 'status': 'error', 'detail': 'No IR code for AC ON', 'uptime': 714, 'wifi_rssi': -64, 'ac_state': 'off', 'ac_temp': 24, 'ir_codes_learned': 0}
2026-02-10 15:03:16,822 - SmartRoom - INFO - [AC Status] {'device': 'ac_controller', 'status': 'error', 'detail': 'No IR code for AC ON', 'uptime': 719, 'wifi_rssi': -64, 'ac_state': 'off', 'ac_temp': 24, 'ir_codes_learned': 0}
2026-02-10 15:03:23,866 - SmartRoom - INFO - STATUS | AC: 25.8C 74.2% | Lamp: 12lux br=0 | Cam: 0ppl | Opts: 22
2026-02-10 15:03:32,999 - SmartRoom - INFO - [Lamp Status] {'brightness_pwm': 0, 'brightness_percent': 0, 'mode': 'manual', 'status': 'off'}
2026-02-10 15:03:33,127 - SmartRoom - INFO - [Lamp Status] {'brightness_pwm': 0, 'brightness_percent': 0, 'mode': 'manual', 'status': 'off'}
2026-02-10 15:03:33,344 - SmartRoom - INFO - [Lamp Status] {'brightness_pwm': 0, 'brightness_percent': 0, 'mode': 'manual', 'status': 'off'}
2026-02-10 15:03:33,443 - SmartRoom - INFO - [Lamp Status] {'brightness_pwm': 0, 'brightness_percent': 0, 'mode': 'manual', 'status': 'off'}
2026-02-10 15:03:34,577 - SmartRoom - INFO - [Lamp Status] {'brightness_pwm': 0, 'brightness_percent': 0, 'mode': 'manual', 'status': 'off'}
2026-02-10 15:03:36,173 - SmartRoom - INFO - [Lamp Status] {'brightness_pwm': 0, 'brightness_percent': 0, 'mode': 'manual', 'status': 'off'}
2026-02-10 15:03:36,227 - SmartRoom - INFO - ========================================
2026-02-10 15:03:36,227 - SmartRoom - INFO - Running ML Optimization...
2026-02-10 15:03:36,227 - SmartRoom - INFO -   Occupancy: False | Persons: 0
2026-02-10 15:03:36,314 - ACGeneticOptimizer - INFO - GA Result: {'ac_temperature': 19, 'fan_speed': 3, 'duty_cycle': 0.0, 'should_turn_on': False, 'energy_score': np.float64(0.0), 'comfort_score': 1.0}
2026-02-10 15:03:36,315 - SmartRoom - INFO -   [AC] Temp:19C On:False
2026-02-10 15:03:36,315 - SmartRoom - INFO -   [Lamp] Brightness:0 On:False
2026-02-10 15:03:36,315 - SmartRoom - INFO - ========================================
2026-02-10 15:03:36,411 - SmartRoom - INFO - [Lamp Status] {'brightness_pwm': 0, 'brightness_percent': 0, 'mode': 'manual', 'status': 'off'}
2026-02-10 15:03:36,412 - SmartRoom - INFO - [Lamp Status] {'brightness_pwm': 0, 'brightness_percent': 0, 'mode': 'manual', 'status': 'off'}
2026-02-10 15:03:36,412 - SmartRoom - INFO - [Lamp Status] {'brightness_pwm': 0, 'brightness_percent': 0, 'mode': 'manual', 'status': 'off'}
2026-02-10 15:03:36,412 - SmartRoom - INFO - [Lamp Status] {'brightness_pwm': 0, 'brightness_percent': 0, 'mode': 'manual', 'status': 'off'}
2026-02-10 15:03:36,412 - SmartRoom - INFO - [Lamp Status] {'brightness_pwm': 0, 'brightness_percent': 0, 'mode': 'manual', 'status': 'off'}
2026-02-10 15:03:36,595 - SmartRoom - INFO - [Lamp Status] {'brightness_pwm': 0, 'brightness_percent': 0, 'mode': 'manual', 'status': 'off'}
2026-02-10 15:03:36,595 - SmartRoom - INFO - [Lamp Status] {'brightness_pwm': 0, 'brightness_percent': 0, 'mode': 'manual', 'status': 'off'}
2026-02-10 15:03:36,595 - SmartRoom - INFO - [Lamp Status] {'brightness_pwm': 0, 'brightness_percent': 0, 'mode': 'manual', 'status': 'off'}
2026-02-10 15:03:36,595 - SmartRoom - INFO - [Lamp Status] {'brightness_pwm': 0, 'brightness_percent': 0, 'mode': 'manual', 'status': 'off'}
2026-02-10 15:03:36,803 - SmartRoom - INFO - [Lamp Status] {'brightness_pwm': 0, 'brightness_percent': 0, 'mode': 'manual', 'status': 'off'}
2026-02-10 15:03:37,700 - SmartRoom - INFO - [Lamp Status] {'brightness_pwm': 255, 'brightness_percent': 100, 'mode': 'manual', 'status': 'on'}
2026-02-10 15:03:43,829 - SmartRoom - INFO - [AC Status] {'device': 'ac_controller', 'status': 'online', 'detail': 'AC Controller connected', 'uptime': 742, 'wifi_rssi': -62, 'ac_state': 'off', 'ac_temp': 24, 'ir_codes_learned': 0}
2026-02-10 15:03:45,179 - SmartRoom - INFO - [Lamp Status] {'brightness_pwm': 128, 'brightness_percent': 50, 'mode': 'manual', 'status': 'on'}
2026-02-10 15:03:54,826 - SmartRoom - INFO - [Lamp Status] {'brightness_pwm': 0, 'brightness_percent': 0, 'mode': 'manual', 'status': 'off'}
2026-02-10 15:03:58,593 - SmartRoom - INFO - [Lamp Status] {'brightness_pwm': 128, 'brightness_percent': 50, 'mode': 'manual', 'status': 'on'}
2026-02-10 15:04:00,753 - SmartRoom - INFO - [Lamp Status] {'brightness_pwm': 255, 'brightness_percent': 100, 'mode': 'manual', 'status': 'on'}
2026-02-10 15:04:06,315 - SmartRoom - INFO - ========================================
2026-02-10 15:04:06,315 - SmartRoom - INFO - Running ML Optimization...
2026-02-10 15:04:06,316 - SmartRoom - INFO -   Occupancy: False | Persons: 0
2026-02-10 15:04:06,401 - ACGeneticOptimizer - INFO - GA Result: {'ac_temperature': 23, 'fan_speed': 1, 'duty_cycle': 0.0, 'should_turn_on': False, 'energy_score': np.float64(0.0), 'comfort_score': 1.0}
2026-02-10 15:04:06,401 - SmartRoom - INFO -   [AC] Temp:23C On:False
2026-02-10 15:04:06,402 - SmartRoom - INFO -   [Lamp] Brightness:0 On:False
2026-02-10 15:04:06,402 - SmartRoom - INFO - ========================================
2026-02-10 15:04:06,479 - SmartRoom - INFO - [AC Status] {'device': 'ac_controller', 'status': 'error', 'detail': 'No IR code for AC OFF', 'uptime': 769, 'wifi_rssi': -65, 'ac_state': 'off', 'ac_temp': 24, 'ir_codes_learned': 0}
2026-02-10 15:04:06,486 - SmartRoom - INFO - [Lamp Status] {'brightness_pwm': 0, 'brightness_percent': 0, 'mode': 'manual', 'status': 'off'}
2026-02-10 15:04:23,871 - SmartRoom - INFO - STATUS | AC: 25.8C 74.7% | Lamp: 12lux br=0 | Cam: 0ppl | Opts: 24
2026-02-10 15:04:36,402 - SmartRoom - INFO - ========================================
2026-02-10 15:04:36,402 - SmartRoom - INFO - Running ML Optimization...
2026-02-10 15:04:36,402 - SmartRoom - INFO -   Occupancy: False | Persons: 0
2026-02-10 15:04:36,534 - ACGeneticOptimizer - INFO - GA Result: {'ac_temperature': 30, 'fan_speed': 1, 'duty_cycle': 0.0, 'should_turn_on': False, 'energy_score': np.float64(0.0), 'comfort_score': 1.0}
2026-02-10 15:04:36,535 - SmartRoom - INFO -   [AC] Temp:30C On:False
2026-02-10 15:04:36,535 - SmartRoom - INFO -   [Lamp] Brightness:0 On:False
2026-02-10 15:04:36,535 - SmartRoom - INFO - ========================================
2026-02-10 15:04:36,583 - SmartRoom - INFO - [AC Status] {'device': 'ac_controller', 'status': 'error', 'detail': 'No IR code for AC OFF', 'uptime': 799, 'wifi_rssi': -67, 'ac_state': 'off', 'ac_temp': 24, 'ir_codes_learned': 0}
2026-02-10 15:04:36,583 - SmartRoom - INFO - [Lamp Status] {'brightness_pwm': 0, 'brightness_percent': 0, 'mode': 'manual', 'status': 'off'}
2026-02-10 15:05:06,536 - SmartRoom - INFO - ========================================
2026-02-10 15:05:06,536 - SmartRoom - INFO - Running ML Optimization...
2026-02-10 15:05:06,536 - SmartRoom - INFO -   Occupancy: False | Persons: 0
2026-02-10 15:05:06,623 - ACGeneticOptimizer - INFO - GA Result: {'ac_temperature': 30, 'fan_speed': 2, 'duty_cycle': 0.0, 'should_turn_on': False, 'energy_score': np.float64(0.0), 'comfort_score': 1.0}
2026-02-10 15:05:06,624 - SmartRoom - INFO -   [AC] Temp:30C On:False
2026-02-10 15:05:06,624 - SmartRoom - INFO -   [Lamp] Brightness:0 On:False
2026-02-10 15:05:06,624 - SmartRoom - INFO - ========================================
2026-02-10 15:05:06,862 - SmartRoom - INFO - [AC Status] {'device': 'ac_controller', 'status': 'error', 'detail': 'No IR code for AC OFF', 'uptime': 829, 'wifi_rssi': -65, 'ac_state': 'off', 'ac_temp': 24, 'ir_codes_learned': 0}
2026-02-10 15:05:07,149 - SmartRoom - INFO - [Lamp Status] {'brightness_pwm': 0, 'brightness_percent': 0, 'mode': 'manual', 'status': 'off'}
2026-02-10 15:05:23,880 - SmartRoom - INFO - STATUS | AC: 25.8C 74.6% | Lamp: 12lux br=0 | Cam: 0ppl | Opts: 26
2026-02-10 15:05:36,624 - SmartRoom - INFO - ========================================
2026-02-10 15:05:36,625 - SmartRoom - INFO - Running ML Optimization...
2026-02-10 15:05:36,625 - SmartRoom - INFO -   Occupancy: False | Persons: 0
2026-02-10 15:05:36,708 - ACGeneticOptimizer - INFO - GA Result: {'ac_temperature': 23, 'fan_speed': 3, 'duty_cycle': 0.0, 'should_turn_on': False, 'energy_score': np.float64(0.0), 'comfort_score': 1.0}
2026-02-10 15:05:36,709 - SmartRoom - INFO -   [AC] Temp:23C On:False
2026-02-10 15:05:36,709 - SmartRoom - INFO -   [Lamp] Brightness:0 On:False
2026-02-10 15:05:36,709 - SmartRoom - INFO - ========================================
2026-02-10 15:05:36,844 - SmartRoom - INFO - [Lamp Status] {'brightness_pwm': 0, 'brightness_percent': 0, 'mode': 'manual', 'status': 'off'}
2026-02-10 15:05:38,708 - SmartRoom - INFO - [AC Status] {'device': 'ac_controller', 'status': 'error', 'detail': 'No IR code for AC OFF', 'uptime': 861, 'wifi_rssi': -71, 'ac_state': 'off', 'ac_temp': 24, 'ir_codes_learned': 0}
2026-02-10 15:06:06,709 - SmartRoom - INFO - ========================================
2026-02-10 15:06:06,710 - SmartRoom - INFO - Running ML Optimization...
2026-02-10 15:06:06,710 - SmartRoom - INFO -   Occupancy: False | Persons: 0
2026-02-10 15:06:06,796 - ACGeneticOptimizer - INFO - GA Result: {'ac_temperature': 17, 'fan_speed': 1, 'duty_cycle': 0.0, 'should_turn_on': False, 'energy_score': np.float64(0.0), 'comfort_score': 1.0}
2026-02-10 15:06:06,797 - SmartRoom - INFO -   [AC] Temp:17C On:False
2026-02-10 15:06:06,797 - SmartRoom - INFO -   [Lamp] Brightness:0 On:False
2026-02-10 15:06:06,797 - SmartRoom - INFO - ========================================
2026-02-10 15:06:11,723 - SmartRoom - INFO - [Lamp Status] {'brightness_pwm': 0, 'brightness_percent': 0, 'mode': 'manual', 'status': 'off'}
2026-02-10 15:06:18,913 - SmartRoom - INFO - [AC Status] {'device': 'ac_controller', 'status': 'error', 'detail': 'No IR code for AC OFF', 'uptime': 893, 'wifi_rssi': -74, 'ac_state': 'off', 'ac_temp': 24, 'ir_codes_learned': 0}
2026-02-10 15:06:23,891 - SmartRoom - INFO - STATUS | AC: 25.8C 74.7% | Lamp: 12lux br=0 | Cam: 0ppl | Opts: 28
2026-02-10 15:06:36,798 - SmartRoom - INFO - ========================================
2026-02-10 15:06:36,798 - SmartRoom - INFO - Running ML Optimization...
2026-02-10 15:06:36,798 - SmartRoom - INFO -   Occupancy: False | Persons: 0
2026-02-10 15:06:36,882 - ACGeneticOptimizer - INFO - GA Result: {'ac_temperature': 16, 'fan_speed': 2, 'duty_cycle': 0.0, 'should_turn_on': False, 'energy_score': np.float64(0.0), 'comfort_score': 1.0}
2026-02-10 15:06:36,882 - SmartRoom - INFO -   [AC] Temp:16C On:False
2026-02-10 15:06:36,883 - SmartRoom - INFO -   [Lamp] Brightness:0 On:False
2026-02-10 15:06:36,883 - SmartRoom - INFO - ========================================
2026-02-10 15:06:37,007 - SmartRoom - INFO - [AC Status] {'device': 'ac_controller', 'status': 'error', 'detail': 'No IR code for AC OFF', 'uptime': 920, 'wifi_rssi': -69, 'ac_state': 'off', 'ac_temp': 24, 'ir_codes_learned': 0}
2026-02-10 15:06:39,560 - SmartRoom - INFO - [Lamp Status] {'brightness_pwm': 0, 'brightness_percent': 0, 'mode': 'manual', 'status': 'off'}
2026-02-10 15:07:03,196 - SmartRoom - INFO - [AC Status] {'device': 'ac_controller', 'status': 'online', 'detail': 'AC Controller connected', 'uptime': 943, 'wifi_rssi': -67, 'ac_state': 'off', 'ac_temp': 24, 'ir_codes_learned': 0}
2026-02-10 15:07:06,883 - SmartRoom - INFO - ========================================
2026-02-10 15:07:06,883 - SmartRoom - INFO - Running ML Optimization...
2026-02-10 15:07:06,883 - SmartRoom - INFO -   Occupancy: False | Persons: 0
2026-02-10 15:07:06,969 - ACGeneticOptimizer - INFO - GA Result: {'ac_temperature': 16, 'fan_speed': 1, 'duty_cycle': 0.0, 'should_turn_on': False, 'energy_score': np.float64(0.0), 'comfort_score': 1.0}
2026-02-10 15:07:06,970 - SmartRoom - INFO -   [AC] Temp:16C On:False
2026-02-10 15:07:06,970 - SmartRoom - INFO -   [Lamp] Brightness:0 On:False
2026-02-10 15:07:06,970 - SmartRoom - INFO - ========================================
2026-02-10 15:07:07,014 - SmartRoom - INFO - [Lamp Status] {'brightness_pwm': 0, 'brightness_percent': 0, 'mode': 'manual', 'status': 'off'}
2026-02-10 15:07:17,199 - SmartRoom - INFO - [AC Status] {'device': 'ac_controller', 'status': 'error', 'detail': 'No IR code for AC OFF', 'uptime': 950, 'wifi_rssi': -71, 'ac_state': 'off', 'ac_temp': 24, 'ir_codes_learned': 0}
2026-02-10 15:07:23,910 - SmartRoom - INFO - STATUS | AC: 25.8C 74.9% | Lamp: 12lux br=0 | Cam: 0ppl | Opts: 30
2026-02-10 15:07:36,971 - SmartRoom - INFO - ========================================
2026-02-10 15:07:36,971 - SmartRoom - INFO - Running ML Optimization...
2026-02-10 15:07:36,971 - SmartRoom - INFO -   Occupancy: False | Persons: 0
2026-02-10 15:07:37,051 - ACGeneticOptimizer - INFO - GA Result: {'ac_temperature': 16, 'fan_speed': 2, 'duty_cycle': 0.0, 'should_turn_on': False, 'energy_score': np.float64(0.0), 'comfort_score': 1.0}
2026-02-10 15:07:37,051 - SmartRoom - INFO -   [AC] Temp:16C On:False
2026-02-10 15:07:37,051 - SmartRoom - INFO -   [Lamp] Brightness:0 On:False
2026-02-10 15:07:37,052 - SmartRoom - INFO - ========================================
2026-02-10 15:07:37,873 - SmartRoom - INFO - [Lamp Status] {'brightness_pwm': 0, 'brightness_percent': 0, 'mode': 'manual', 'status': 'off'}
2026-02-10 15:07:42,439 - SmartRoom - INFO - [AC Status] {'device': 'ac_controller', 'status': 'online', 'detail': 'AC Controller connected', 'uptime': 981, 'wifi_rssi': -70, 'ac_state': 'off', 'ac_temp': 24, 'ir_codes_learned': 0}
2026-02-10 15:08:07,052 - SmartRoom - INFO - ========================================
2026-02-10 15:08:07,052 - SmartRoom - INFO - Running ML Optimization...
2026-02-10 15:08:07,052 - SmartRoom - INFO -   Occupancy: False | Persons: 0
2026-02-10 15:08:07,177 - ACGeneticOptimizer - INFO - GA Result: {'ac_temperature': 26, 'fan_speed': 3, 'duty_cycle': 0.0, 'should_turn_on': False, 'energy_score': np.float64(0.0), 'comfort_score': 1.0}
2026-02-10 15:08:07,178 - SmartRoom - INFO -   [AC] Temp:26C On:False
2026-02-10 15:08:07,178 - SmartRoom - INFO -   [Lamp] Brightness:0 On:False
2026-02-10 15:08:07,178 - SmartRoom - INFO - ========================================
2026-02-10 15:08:07,228 - SmartRoom - INFO - [Lamp Status] {'brightness_pwm': 0, 'brightness_percent': 0, 'mode': 'manual', 'status': 'off'}
2026-02-10 15:08:10,736 - SmartRoom - INFO - [AC Status] {'device': 'ac_controller', 'status': 'error', 'detail': 'No IR code for AC OFF', 'uptime': 1010, 'wifi_rssi': -69, 'ac_state': 'off', 'ac_temp': 24, 'ir_codes_learned': 0}
2026-02-10 15:08:23,916 - SmartRoom - INFO - STATUS | AC: 25.9C 74.6% | Lamp: 11lux br=0 | Cam: 0ppl | Opts: 32
2026-02-10 15:08:37,178 - SmartRoom - INFO - ========================================
2026-02-10 15:08:37,179 - SmartRoom - INFO - Running ML Optimization...
2026-02-10 15:08:37,179 - SmartRoom - INFO -   Occupancy: False | Persons: 0
2026-02-10 15:08:37,257 - ACGeneticOptimizer - INFO - GA Result: {'ac_temperature': 16, 'fan_speed': 3, 'duty_cycle': 0.0, 'should_turn_on': False, 'energy_score': np.float64(0.0), 'comfort_score': 1.0}
2026-02-10 15:08:37,257 - SmartRoom - INFO -   [AC] Temp:16C On:False
2026-02-10 15:08:37,258 - SmartRoom - INFO -   [Lamp] Brightness:0 On:False
2026-02-10 15:08:37,258 - SmartRoom - INFO - ========================================
2026-02-10 15:08:37,457 - SmartRoom - INFO - [AC Status] {'device': 'ac_controller', 'status': 'error', 'detail': 'No IR code for AC OFF', 'uptime': 1040, 'wifi_rssi': -63, 'ac_state': 'off', 'ac_temp': 24, 'ir_codes_learned': 0}
2026-02-10 15:08:37,498 - SmartRoom - INFO - [Lamp Status] {'brightness_pwm': 0, 'brightness_percent': 0, 'mode': 'manual', 'status': 'off'}
2026-02-10 15:09:07,258 - SmartRoom - INFO - ========================================
2026-02-10 15:09:07,259 - SmartRoom - INFO - Running ML Optimization...
2026-02-10 15:09:07,259 - SmartRoom - INFO -   Occupancy: False | Persons: 0
2026-02-10 15:09:07,343 - ACGeneticOptimizer - INFO - GA Result: {'ac_temperature': 22, 'fan_speed': 2, 'duty_cycle': 0.0, 'should_turn_on': False, 'energy_score': np.float64(0.0), 'comfort_score': 1.0}
2026-02-10 15:09:07,344 - SmartRoom - INFO -   [AC] Temp:22C On:False
2026-02-10 15:09:07,344 - SmartRoom - INFO -   [Lamp] Brightness:0 On:False
2026-02-10 15:09:07,344 - SmartRoom - INFO - ========================================
2026-02-10 15:09:07,423 - SmartRoom - INFO - [AC Status] {'device': 'ac_controller', 'status': 'error', 'detail': 'No IR code for AC OFF', 'uptime': 1070, 'wifi_rssi': -67, 'ac_state': 'off', 'ac_temp': 24, 'ir_codes_learned': 0}
2026-02-10 15:09:07,436 - SmartRoom - INFO - [Lamp Status] {'brightness_pwm': 0, 'brightness_percent': 0, 'mode': 'manual', 'status': 'off'}
2026-02-10 15:09:23,927 - SmartRoom - INFO - STATUS | AC: 25.9C 74.5% | Lamp: 11lux br=0 | Cam: 0ppl | Opts: 34
2026-02-10 15:09:37,345 - SmartRoom - INFO - ========================================
2026-02-10 15:09:37,345 - SmartRoom - INFO - Running ML Optimization...
2026-02-10 15:09:37,345 - SmartRoom - INFO -   Occupancy: False | Persons: 0
2026-02-10 15:09:37,428 - ACGeneticOptimizer - INFO - GA Result: {'ac_temperature': 27, 'fan_speed': 1, 'duty_cycle': 0.0, 'should_turn_on': False, 'energy_score': np.float64(0.0), 'comfort_score': 1.0}
2026-02-10 15:09:37,428 - SmartRoom - INFO -   [AC] Temp:27C On:False
2026-02-10 15:09:37,428 - SmartRoom - INFO -   [Lamp] Brightness:0 On:False
2026-02-10 15:09:37,429 - SmartRoom - INFO - ========================================
2026-02-10 15:09:39,783 - SmartRoom - INFO - [Lamp Status] {'brightness_pwm': 0, 'brightness_percent': 0, 'mode': 'manual', 'status': 'off'}
2026-02-10 15:09:51,418 - SmartRoom - INFO - [AC Status] {'device': 'ac_controller', 'status': 'online', 'detail': 'AC Controller connected', 'uptime': 1114, 'wifi_rssi': -66, 'ac_state': 'off', 'ac_temp': 24, 'ir_codes_learned': 0}
2026-02-10 15:10:07,429 - SmartRoom - INFO - ========================================
2026-02-10 15:10:07,429 - SmartRoom - INFO - Running ML Optimization...
2026-02-10 15:10:07,429 - SmartRoom - INFO -   Occupancy: False | Persons: 0
2026-02-10 15:10:07,547 - ACGeneticOptimizer - INFO - GA Result: {'ac_temperature': 22, 'fan_speed': 2, 'duty_cycle': 0.0, 'should_turn_on': False, 'energy_score': np.float64(0.0), 'comfort_score': 1.0}
2026-02-10 15:10:07,548 - SmartRoom - INFO -   [AC] Temp:22C On:False
2026-02-10 15:10:07,548 - SmartRoom - INFO -   [Lamp] Brightness:0 On:False
2026-02-10 15:10:07,549 - SmartRoom - INFO - ========================================
2026-02-10 15:10:08,252 - SmartRoom - INFO - [AC Status] {'device': 'ac_controller', 'status': 'error', 'detail': 'No IR code for AC OFF', 'uptime': 1130, 'wifi_rssi': -71, 'ac_state': 'off', 'ac_temp': 24, 'ir_codes_learned': 0}
2026-02-10 15:10:09,000 - SmartRoom - INFO - [Lamp Status] {'brightness_pwm': 0, 'brightness_percent': 0, 'mode': 'manual', 'status': 'off'}
2026-02-10 15:10:23,933 - SmartRoom - INFO - STATUS | AC: 26.0C 74.8% | Lamp: 11lux br=0 | Cam: 0ppl | Opts: 36
2026-02-10 15:10:37,549 - SmartRoom - INFO - ========================================
2026-02-10 15:10:37,549 - SmartRoom - INFO - Running ML Optimization...
2026-02-10 15:10:37,549 - SmartRoom - INFO -   Occupancy: False | Persons: 0
2026-02-10 15:10:37,638 - ACGeneticOptimizer - INFO - GA Result: {'ac_temperature': 22, 'fan_speed': 2, 'duty_cycle': 0.0, 'should_turn_on': False, 'energy_score': np.float64(0.0), 'comfort_score': 1.0}
2026-02-10 15:10:37,638 - SmartRoom - INFO -   [AC] Temp:22C On:False
2026-02-10 15:10:37,639 - SmartRoom - INFO -   [Lamp] Brightness:0 On:False
2026-02-10 15:10:37,639 - SmartRoom - INFO - ========================================
2026-02-10 15:10:37,783 - SmartRoom - INFO - [Lamp Status] {'brightness_pwm': 0, 'brightness_percent': 0, 'mode': 'manual', 'status': 'off'}
2026-02-10 15:10:37,799 - SmartRoom - INFO - [AC Status] {'device': 'ac_controller', 'status': 'error', 'detail': 'No IR code for AC OFF', 'uptime': 1160, 'wifi_rssi': -67, 'ac_state': 'off', 'ac_temp': 24, 'ir_codes_learned': 0}
2026-02-10 15:11:07,639 - SmartRoom - INFO - ========================================
2026-02-10 15:11:07,640 - SmartRoom - INFO - Running ML Optimization...
2026-02-10 15:11:07,640 - SmartRoom - INFO -   Occupancy: False | Persons: 0
2026-02-10 15:11:07,722 - ACGeneticOptimizer - INFO - GA Result: {'ac_temperature': 19, 'fan_speed': 1, 'duty_cycle': 0.0, 'should_turn_on': False, 'energy_score': np.float64(0.0), 'comfort_score': 1.0}
2026-02-10 15:11:07,723 - SmartRoom - INFO -   [AC] Temp:19C On:False
2026-02-10 15:11:07,723 - SmartRoom - INFO -   [Lamp] Brightness:0 On:False
2026-02-10 15:11:07,723 - SmartRoom - INFO - ========================================
2026-02-10 15:11:08,237 - SmartRoom - INFO - [AC Status] {'device': 'ac_controller', 'status': 'error', 'detail': 'No IR code for AC OFF', 'uptime': 1191, 'wifi_rssi': -61, 'ac_state': 'off', 'ac_temp': 24, 'ir_codes_learned': 0}
2026-02-10 15:11:08,352 - SmartRoom - INFO - [Lamp Status] {'brightness_pwm': 0, 'brightness_percent': 0, 'mode': 'manual', 'status': 'off'}
2026-02-10 15:11:23,946 - SmartRoom - INFO - STATUS | AC: 26.1C 74.5% | Lamp: 11lux br=0 | Cam: 0ppl | Opts: 38
2026-02-10 15:11:37,723 - SmartRoom - INFO - ========================================
2026-02-10 15:11:37,723 - SmartRoom - INFO - Running ML Optimization...
2026-02-10 15:11:37,723 - SmartRoom - INFO -   Occupancy: False | Persons: 0
2026-02-10 15:11:37,808 - ACGeneticOptimizer - INFO - GA Result: {'ac_temperature': 27, 'fan_speed': 3, 'duty_cycle': 0.0, 'should_turn_on': False, 'energy_score': np.float64(0.0), 'comfort_score': 1.0}
2026-02-10 15:11:37,809 - SmartRoom - INFO -   [AC] Temp:27C On:False
2026-02-10 15:11:37,809 - SmartRoom - INFO -   [Lamp] Brightness:0 On:False
2026-02-10 15:11:37,810 - SmartRoom - INFO - ========================================
2026-02-10 15:11:37,853 - SmartRoom - INFO - [AC Status] {'device': 'ac_controller', 'status': 'error', 'detail': 'No IR code for AC OFF', 'uptime': 1221, 'wifi_rssi': -66, 'ac_state': 'off', 'ac_temp': 24, 'ir_codes_learned': 0}
2026-02-10 15:11:37,857 - SmartRoom - INFO - [Lamp Status] {'brightness_pwm': 0, 'brightness_percent': 0, 'mode': 'manual', 'status': 'off'}
2026-02-10 15:12:07,810 - SmartRoom - INFO - ========================================
2026-02-10 15:12:07,810 - SmartRoom - INFO - Running ML Optimization...
2026-02-10 15:12:07,810 - SmartRoom - INFO -   Occupancy: False | Persons: 0
2026-02-10 15:12:07,934 - ACGeneticOptimizer - INFO - GA Result: {'ac_temperature': 21, 'fan_speed': 3, 'duty_cycle': 0.0, 'should_turn_on': False, 'energy_score': np.float64(0.0), 'comfort_score': 1.0}
2026-02-10 15:12:07,934 - SmartRoom - INFO -   [AC] Temp:21C On:False
2026-02-10 15:12:07,935 - SmartRoom - INFO -   [Lamp] Brightness:0 On:False
2026-02-10 15:12:07,935 - SmartRoom - INFO - ========================================
2026-02-10 15:12:08,105 - SmartRoom - INFO - [AC Status] {'device': 'ac_controller', 'status': 'error', 'detail': 'No IR code for AC OFF', 'uptime': 1251, 'wifi_rssi': -68, 'ac_state': 'off', 'ac_temp': 24, 'ir_codes_learned': 0}
2026-02-10 15:12:09,504 - SmartRoom - INFO - [Lamp Status] {'brightness_pwm': 0, 'brightness_percent': 0, 'mode': 'manual', 'status': 'off'}
2026-02-10 15:12:23,950 - SmartRoom - INFO - STATUS | AC: 26.2C 74.1% | Lamp: 8lux br=0 | Cam: 0ppl | Opts: 40
2026-02-10 15:12:37,935 - SmartRoom - INFO - ========================================
2026-02-10 15:12:37,936 - SmartRoom - INFO - Running ML Optimization...
2026-02-10 15:12:37,936 - SmartRoom - INFO -   Occupancy: False | Persons: 0
2026-02-10 15:12:38,023 - ACGeneticOptimizer - INFO - GA Result: {'ac_temperature': 22, 'fan_speed': 2, 'duty_cycle': 0.0, 'should_turn_on': False, 'energy_score': np.float64(0.0), 'comfort_score': 1.0}
2026-02-10 15:12:38,023 - SmartRoom - INFO -   [AC] Temp:22C On:False
2026-02-10 15:12:38,023 - SmartRoom - INFO -   [Lamp] Brightness:0 On:False
2026-02-10 15:12:38,024 - SmartRoom - INFO - ========================================
2026-02-10 15:12:38,284 - SmartRoom - INFO - [Lamp Status] {'brightness_pwm': 0, 'brightness_percent': 0, 'mode': 'manual', 'status': 'off'}
2026-02-10 15:12:40,218 - SmartRoom - INFO - [AC Status] {'device': 'ac_controller', 'status': 'error', 'detail': 'No IR code for AC OFF', 'uptime': 1281, 'wifi_rssi': -64, 'ac_state': 'off', 'ac_temp': 24, 'ir_codes_learned': 0}
2026-02-10 15:13:08,024 - SmartRoom - INFO - ========================================
2026-02-10 15:13:08,024 - SmartRoom - INFO - Running ML Optimization...
2026-02-10 15:13:08,024 - SmartRoom - INFO -   Occupancy: False | Persons: 0
2026-02-10 15:13:08,127 - ACGeneticOptimizer - INFO - GA Result: {'ac_temperature': 25, 'fan_speed': 1, 'duty_cycle': 0.0, 'should_turn_on': False, 'energy_score': np.float64(0.0), 'comfort_score': 1.0}
2026-02-10 15:13:08,127 - SmartRoom - INFO -   [AC] Temp:25C On:False
2026-02-10 15:13:08,128 - SmartRoom - INFO -   [Lamp] Brightness:0 On:False
2026-02-10 15:13:08,128 - SmartRoom - INFO - ========================================
2026-02-10 15:13:08,176 - SmartRoom - INFO - [AC Status] {'device': 'ac_controller', 'status': 'error', 'detail': 'No IR code for AC OFF', 'uptime': 1311, 'wifi_rssi': -65, 'ac_state': 'off', 'ac_temp': 24, 'ir_codes_learned': 0}
2026-02-10 15:13:08,181 - SmartRoom - INFO - [Lamp Status] {'brightness_pwm': 0, 'brightness_percent': 0, 'mode': 'manual', 'status': 'off'}
2026-02-10 15:13:23,964 - SmartRoom - INFO - STATUS | AC: 26.3C 73.9% | Lamp: 8lux br=0 | Cam: 0ppl | Opts: 42
2026-02-10 15:13:38,129 - SmartRoom - INFO - ========================================
2026-02-10 15:13:38,129 - SmartRoom - INFO - Running ML Optimization...
2026-02-10 15:13:38,130 - SmartRoom - INFO -   Occupancy: False | Persons: 0
2026-02-10 15:13:38,212 - ACGeneticOptimizer - INFO - GA Result: {'ac_temperature': 19, 'fan_speed': 1, 'duty_cycle': 0.0, 'should_turn_on': False, 'energy_score': np.float64(0.0), 'comfort_score': 1.0}
2026-02-10 15:13:38,212 - SmartRoom - INFO -   [AC] Temp:19C On:False
2026-02-10 15:13:38,213 - SmartRoom - INFO -   [Lamp] Brightness:0 On:False
2026-02-10 15:13:38,213 - SmartRoom - INFO - ========================================
2026-02-10 15:13:38,256 - SmartRoom - INFO - [Lamp Status] {'brightness_pwm': 0, 'brightness_percent': 0, 'mode': 'manual', 'status': 'off'}
2026-02-10 15:13:38,399 - SmartRoom - INFO - [AC Status] {'device': 'ac_controller', 'status': 'error', 'detail': 'No IR code for AC OFF', 'uptime': 1341, 'wifi_rssi': -65, 'ac_state': 'off', 'ac_temp': 24, 'ir_codes_learned': 0}
2026-02-10 15:14:08,213 - SmartRoom - INFO - ========================================
2026-02-10 15:14:08,214 - SmartRoom - INFO - Running ML Optimization...
2026-02-10 15:14:08,214 - SmartRoom - INFO -   Occupancy: False | Persons: 0
2026-02-10 15:14:08,296 - ACGeneticOptimizer - INFO - GA Result: {'ac_temperature': 30, 'fan_speed': 2, 'duty_cycle': 0.0, 'should_turn_on': False, 'energy_score': np.float64(0.0), 'comfort_score': 1.0}
2026-02-10 15:14:08,296 - SmartRoom - INFO -   [AC] Temp:30C On:False
2026-02-10 15:14:08,296 - SmartRoom - INFO -   [Lamp] Brightness:0 On:False
2026-02-10 15:14:08,297 - SmartRoom - INFO - ========================================
2026-02-10 15:14:08,382 - SmartRoom - INFO - [AC Status] {'device': 'ac_controller', 'status': 'error', 'detail': 'No IR code for AC OFF', 'uptime': 1371, 'wifi_rssi': -64, 'ac_state': 'off', 'ac_temp': 24, 'ir_codes_learned': 0}
2026-02-10 15:14:08,520 - SmartRoom - INFO - [Lamp Status] {'brightness_pwm': 0, 'brightness_percent': 0, 'mode': 'manual', 'status': 'off'}
2026-02-10 15:14:23,973 - SmartRoom - INFO - STATUS | AC: 26.4C 73.5% | Lamp: 8lux br=0 | Cam: 0ppl | Opts: 44
2026-02-10 15:14:38,297 - SmartRoom - INFO - ========================================
2026-02-10 15:14:38,297 - SmartRoom - INFO - Running ML Optimization...
2026-02-10 15:14:38,297 - SmartRoom - INFO -   Occupancy: False | Persons: 0
2026-02-10 15:14:38,386 - ACGeneticOptimizer - INFO - GA Result: {'ac_temperature': 18, 'fan_speed': 1, 'duty_cycle': 0.0, 'should_turn_on': False, 'energy_score': np.float64(0.0), 'comfort_score': 1.0}
2026-02-10 15:14:38,386 - SmartRoom - INFO -   [AC] Temp:18C On:False
2026-02-10 15:14:38,386 - SmartRoom - INFO -   [Lamp] Brightness:0 On:False
2026-02-10 15:14:38,386 - SmartRoom - INFO - ========================================
2026-02-10 15:14:38,428 - SmartRoom - INFO - [AC Status] {'device': 'ac_controller', 'status': 'error', 'detail': 'No IR code for AC OFF', 'uptime': 1401, 'wifi_rssi': -62, 'ac_state': 'off', 'ac_temp': 24, 'ir_codes_learned': 0}
2026-02-10 15:14:38,492 - SmartRoom - INFO - [Lamp Status] {'brightness_pwm': 0, 'brightness_percent': 0, 'mode': 'manual', 'status': 'off'}
2026-02-10 15:15:08,387 - SmartRoom - INFO - ========================================
2026-02-10 15:15:08,387 - SmartRoom - INFO - Running ML Optimization...
2026-02-10 15:15:08,387 - SmartRoom - INFO -   Occupancy: False | Persons: 0
2026-02-10 15:15:08,467 - ACGeneticOptimizer - INFO - GA Result: {'ac_temperature': 29, 'fan_speed': 3, 'duty_cycle': 0.0, 'should_turn_on': False, 'energy_score': np.float64(0.0), 'comfort_score': 1.0}
2026-02-10 15:15:08,467 - SmartRoom - INFO -   [AC] Temp:29C On:False
2026-02-10 15:15:08,468 - SmartRoom - INFO -   [Lamp] Brightness:0 On:False
2026-02-10 15:15:08,468 - SmartRoom - INFO - ========================================
2026-02-10 15:15:08,512 - SmartRoom - INFO - [AC Status] {'device': 'ac_controller', 'status': 'error', 'detail': 'No IR code for AC OFF', 'uptime': 1431, 'wifi_rssi': -63, 'ac_state': 'off', 'ac_temp': 24, 'ir_codes_learned': 0}
2026-02-10 15:15:08,515 - SmartRoom - INFO - [Lamp Status] {'brightness_pwm': 0, 'brightness_percent': 0, 'mode': 'manual', 'status': 'off'}
2026-02-10 15:15:23,986 - SmartRoom - INFO - STATUS | AC: 26.4C 73.5% | Lamp: 8lux br=0 | Cam: 0ppl | Opts: 46
2026-02-10 15:15:38,468 - SmartRoom - INFO - ========================================
2026-02-10 15:15:38,468 - SmartRoom - INFO - Running ML Optimization...
2026-02-10 15:15:38,468 - SmartRoom - INFO -   Occupancy: False | Persons: 0
2026-02-10 15:15:38,548 - ACGeneticOptimizer - INFO - GA Result: {'ac_temperature': 22, 'fan_speed': 2, 'duty_cycle': 0.0, 'should_turn_on': False, 'energy_score': np.float64(0.0), 'comfort_score': 1.0}
2026-02-10 15:15:38,548 - SmartRoom - INFO -   [AC] Temp:22C On:False
2026-02-10 15:15:38,548 - SmartRoom - INFO -   [Lamp] Brightness:0 On:False
2026-02-10 15:15:38,549 - SmartRoom - INFO - ========================================
2026-02-10 15:15:56,232 - SmartRoom - INFO - [AC Status] {'device': 'ac_controller', 'status': 'online', 'detail': 'AC Controller connected', 'uptime': 1479, 'wifi_rssi': -64, 'ac_state': 'off', 'ac_temp': 24, 'ir_codes_learned': 0}
2026-02-10 15:16:01,796 - SmartRoom - INFO - [Lamp Status] {'brightness_pwm': 0, 'brightness_percent': 0, 'mode': 'manual', 'status': 'off'}
2026-02-10 15:16:08,550 - SmartRoom - INFO - ========================================
2026-02-10 15:16:08,551 - SmartRoom - INFO - Running ML Optimization...
2026-02-10 15:16:08,551 - SmartRoom - INFO -   Occupancy: False | Persons: 0
2026-02-10 15:16:08,651 - ACGeneticOptimizer - INFO - GA Result: {'ac_temperature': 19, 'fan_speed': 2, 'duty_cycle': 0.0, 'should_turn_on': False, 'energy_score': np.float64(0.0), 'comfort_score': 1.0}
2026-02-10 15:16:08,651 - SmartRoom - INFO -   [AC] Temp:19C On:False
2026-02-10 15:16:08,652 - SmartRoom - INFO -   [Lamp] Brightness:0 On:False
2026-02-10 15:16:08,652 - SmartRoom - INFO - ========================================
2026-02-10 15:16:08,808 - SmartRoom - INFO - [AC Status] {'device': 'ac_controller', 'status': 'error', 'detail': 'No IR code for AC OFF', 'uptime': 1491, 'wifi_rssi': -65, 'ac_state': 'off', 'ac_temp': 24, 'ir_codes_learned': 0}
2026-02-10 15:16:08,817 - SmartRoom - INFO - [Lamp Status] {'brightness_pwm': 0, 'brightness_percent': 0, 'mode': 'manual', 'status': 'off'}
2026-02-10 15:16:23,992 - SmartRoom - INFO - STATUS | AC: 26.5C 73.3% | Lamp: 8lux br=0 | Cam: 0ppl | Opts: 48
2026-02-10 15:16:38,652 - SmartRoom - INFO - ========================================
2026-02-10 15:16:38,652 - SmartRoom - INFO - Running ML Optimization...
2026-02-10 15:16:38,652 - SmartRoom - INFO -   Occupancy: False | Persons: 0
2026-02-10 15:16:38,738 - ACGeneticOptimizer - INFO - GA Result: {'ac_temperature': 25, 'fan_speed': 2, 'duty_cycle': 0.0, 'should_turn_on': False, 'energy_score': np.float64(0.0), 'comfort_score': 1.0}
2026-02-10 15:16:38,739 - SmartRoom - INFO -   [AC] Temp:25C On:False
2026-02-10 15:16:38,739 - SmartRoom - INFO -   [Lamp] Brightness:0 On:False
2026-02-10 15:16:38,739 - SmartRoom - INFO - ========================================
2026-02-10 15:16:39,237 - SmartRoom - INFO - [AC Status] {'device': 'ac_controller', 'status': 'error', 'detail': 'No IR code for AC OFF', 'uptime': 1522, 'wifi_rssi': -68, 'ac_state': 'off', 'ac_temp': 24, 'ir_codes_learned': 0}
2026-02-10 15:16:39,272 - SmartRoom - INFO - [Lamp Status] {'brightness_pwm': 0, 'brightness_percent': 0, 'mode': 'manual', 'status': 'off'}
2026-02-10 15:17:08,740 - SmartRoom - INFO - ========================================
2026-02-10 15:17:08,740 - SmartRoom - INFO - Running ML Optimization...
2026-02-10 15:17:08,740 - SmartRoom - INFO -   Occupancy: False | Persons: 0
2026-02-10 15:17:08,853 - ACGeneticOptimizer - INFO - GA Result: {'ac_temperature': 22, 'fan_speed': 2, 'duty_cycle': 0.0, 'should_turn_on': False, 'energy_score': np.float64(0.0), 'comfort_score': 1.0}
2026-02-10 15:17:08,853 - SmartRoom - INFO -   [AC] Temp:22C On:False
2026-02-10 15:17:08,853 - SmartRoom - INFO -   [Lamp] Brightness:0 On:False
2026-02-10 15:17:08,853 - SmartRoom - INFO - ========================================
2026-02-10 15:17:09,355 - SmartRoom - INFO - [Lamp Status] {'brightness_pwm': 0, 'brightness_percent': 0, 'mode': 'manual', 'status': 'off'}
2026-02-10 15:17:09,356 - SmartRoom - INFO - [AC Status] {'device': 'ac_controller', 'status': 'error', 'detail': 'No IR code for AC OFF', 'uptime': 1552, 'wifi_rssi': -63, 'ac_state': 'off', 'ac_temp': 24, 'ir_codes_learned': 0}
2026-02-10 15:17:24,004 - SmartRoom - INFO - STATUS | AC: 26.5C 73.5% | Lamp: 8lux br=0 | Cam: 0ppl | Opts: 50
2026-02-10 15:17:38,854 - SmartRoom - INFO - ========================================
2026-02-10 15:17:38,854 - SmartRoom - INFO - Running ML Optimization...
2026-02-10 15:17:38,854 - SmartRoom - INFO -   Occupancy: False | Persons: 0
2026-02-10 15:17:38,942 - ACGeneticOptimizer - INFO - GA Result: {'ac_temperature': 22, 'fan_speed': 2, 'duty_cycle': 0.0, 'should_turn_on': False, 'energy_score': np.float64(0.0), 'comfort_score': 1.0}
2026-02-10 15:17:38,943 - SmartRoom - INFO -   [AC] Temp:22C On:False
2026-02-10 15:17:38,944 - SmartRoom - INFO -   [Lamp] Brightness:0 On:False
2026-02-10 15:17:38,944 - SmartRoom - INFO - ========================================
2026-02-10 15:17:39,015 - SmartRoom - INFO - [AC Status] {'device': 'ac_controller', 'status': 'error', 'detail': 'No IR code for AC OFF', 'uptime': 1582, 'wifi_rssi': -65, 'ac_state': 'off', 'ac_temp': 24, 'ir_codes_learned': 0}
2026-02-10 15:17:39,029 - SmartRoom - INFO - [Lamp Status] {'brightness_pwm': 0, 'brightness_percent': 0, 'mode': 'manual', 'status': 'off'}
2026-02-10 15:18:08,945 - SmartRoom - INFO - ========================================
2026-02-10 15:18:08,945 - SmartRoom - INFO - Running ML Optimization...
2026-02-10 15:18:08,945 - SmartRoom - INFO -   Occupancy: False | Persons: 0
2026-02-10 15:18:09,027 - ACGeneticOptimizer - INFO - GA Result: {'ac_temperature': 27, 'fan_speed': 3, 'duty_cycle': 0.0, 'should_turn_on': False, 'energy_score': np.float64(0.0), 'comfort_score': 1.0}
2026-02-10 15:18:09,027 - SmartRoom - INFO -   [AC] Temp:27C On:False
2026-02-10 15:18:09,028 - SmartRoom - INFO -   [Lamp] Brightness:0 On:False
2026-02-10 15:18:09,028 - SmartRoom - INFO - ========================================
2026-02-10 15:18:09,181 - SmartRoom - INFO - [AC Status] {'device': 'ac_controller', 'status': 'error', 'detail': 'No IR code for AC OFF', 'uptime': 1612, 'wifi_rssi': -63, 'ac_state': 'off', 'ac_temp': 24, 'ir_codes_learned': 0}
2026-02-10 15:18:09,248 - SmartRoom - INFO - [Lamp Status] {'brightness_pwm': 0, 'brightness_percent': 0, 'mode': 'manual', 'status': 'off'}
2026-02-10 15:18:24,017 - SmartRoom - INFO - STATUS | AC: 26.5C 73.5% | Lamp: 7lux br=0 | Cam: 0ppl | Opts: 52
2026-02-10 15:18:39,028 - SmartRoom - INFO - ========================================
2026-02-10 15:18:39,029 - SmartRoom - INFO - Running ML Optimization...
2026-02-10 15:18:39,029 - SmartRoom - INFO -   Occupancy: False | Persons: 0
2026-02-10 15:18:39,149 - ACGeneticOptimizer - INFO - GA Result: {'ac_temperature': 28, 'fan_speed': 1, 'duty_cycle': 0.0, 'should_turn_on': False, 'energy_score': np.float64(0.0), 'comfort_score': 1.0}
2026-02-10 15:18:39,149 - SmartRoom - INFO -   [AC] Temp:28C On:False
2026-02-10 15:18:39,149 - SmartRoom - INFO -   [Lamp] Brightness:0 On:False
2026-02-10 15:18:39,150 - SmartRoom - INFO - ========================================
2026-02-10 15:18:39,237 - SmartRoom - INFO - [Lamp Status] {'brightness_pwm': 0, 'brightness_percent': 0, 'mode': 'manual', 'status': 'off'}
2026-02-10 15:18:41,030 - SmartRoom - INFO - [AC Status] {'device': 'ac_controller', 'status': 'online', 'detail': 'AC Controller connected', 'uptime': 1, 'wifi_rssi': -62, 'ac_state': 'off', 'ac_temp': 24, 'ir_codes_learned': 0}
2026-02-10 15:19:09,150 - SmartRoom - INFO - ========================================
2026-02-10 15:19:09,150 - SmartRoom - INFO - Running ML Optimization...
2026-02-10 15:19:09,150 - SmartRoom - INFO -   Occupancy: False | Persons: 0
2026-02-10 15:19:09,270 - ACGeneticOptimizer - INFO - GA Result: {'ac_temperature': 18, 'fan_speed': 1, 'duty_cycle': 0.0, 'should_turn_on': False, 'energy_score': np.float64(0.0), 'comfort_score': 1.0}
2026-02-10 15:19:09,270 - SmartRoom - INFO -   [AC] Temp:18C On:False
2026-02-10 15:19:09,270 - SmartRoom - INFO -   [Lamp] Brightness:0 On:False
2026-02-10 15:19:09,270 - SmartRoom - INFO - ========================================
2026-02-10 15:19:09,334 - SmartRoom - INFO - [Lamp Status] {'brightness_pwm': 0, 'brightness_percent': 0, 'mode': 'manual', 'status': 'off'}
2026-02-10 15:19:09,351 - SmartRoom - INFO - [AC Status] {'device': 'ac_controller', 'status': 'error', 'detail': 'No IR code for AC OFF', 'uptime': 30, 'wifi_rssi': -64, 'ac_state': 'off', 'ac_temp': 24, 'ir_codes_learned': 0}
2026-02-10 15:19:24,023 - SmartRoom - INFO - STATUS | AC: 26.5C 73.6% | Lamp: 8lux br=0 | Cam: 0ppl | Opts: 54
2026-02-10 15:19:39,271 - SmartRoom - INFO - ========================================
2026-02-10 15:19:39,271 - SmartRoom - INFO - Running ML Optimization...
2026-02-10 15:19:39,271 - SmartRoom - INFO -   Occupancy: False | Persons: 0
2026-02-10 15:19:39,389 - ACGeneticOptimizer - INFO - GA Result: {'ac_temperature': 30, 'fan_speed': 3, 'duty_cycle': 0.0, 'should_turn_on': False, 'energy_score': np.float64(0.0), 'comfort_score': 1.0}
2026-02-10 15:19:39,389 - SmartRoom - INFO -   [AC] Temp:30C On:False
2026-02-10 15:19:39,389 - SmartRoom - INFO -   [Lamp] Brightness:0 On:False
2026-02-10 15:19:39,390 - SmartRoom - INFO - ========================================
2026-02-10 15:19:39,472 - SmartRoom - INFO - [AC Status] {'device': 'ac_controller', 'status': 'error', 'detail': 'No IR code for AC OFF', 'uptime': 60, 'wifi_rssi': -62, 'ac_state': 'off', 'ac_temp': 24, 'ir_codes_learned': 0}
2026-02-10 15:19:39,473 - SmartRoom - INFO - [Lamp Status] {'brightness_pwm': 0, 'brightness_percent': 0, 'mode': 'manual', 'status': 'off'}
2026-02-10 15:20:09,390 - SmartRoom - INFO - ========================================
2026-02-10 15:20:09,390 - SmartRoom - INFO - Running ML Optimization...
2026-02-10 15:20:09,390 - SmartRoom - INFO -   Occupancy: False | Persons: 0
2026-02-10 15:20:09,513 - ACGeneticOptimizer - INFO - GA Result: {'ac_temperature': 23, 'fan_speed': 2, 'duty_cycle': 0.0, 'should_turn_on': False, 'energy_score': np.float64(0.0), 'comfort_score': 1.0}
2026-02-10 15:20:09,514 - SmartRoom - INFO -   [AC] Temp:23C On:False
2026-02-10 15:20:09,514 - SmartRoom - INFO -   [Lamp] Brightness:0 On:False
2026-02-10 15:20:09,515 - SmartRoom - INFO - ========================================
2026-02-10 15:20:09,596 - SmartRoom - INFO - [Lamp Status] {'brightness_pwm': 0, 'brightness_percent': 0, 'mode': 'manual', 'status': 'off'}
2026-02-10 15:20:09,601 - SmartRoom - INFO - [AC Status] {'device': 'ac_controller', 'status': 'error', 'detail': 'No IR code for AC OFF', 'uptime': 90, 'wifi_rssi': -71, 'ac_state': 'off', 'ac_temp': 24, 'ir_codes_learned': 0}
2026-02-10 15:20:24,027 - SmartRoom - INFO - STATUS | AC: 26.5C 73.7% | Lamp: 8lux br=0 | Cam: 0ppl | Opts: 56
2026-02-10 15:20:39,515 - SmartRoom - INFO - ========================================
2026-02-10 15:20:39,515 - SmartRoom - INFO - Running ML Optimization...
2026-02-10 15:20:39,515 - SmartRoom - INFO -   Occupancy: False | Persons: 0
2026-02-10 15:20:39,602 - ACGeneticOptimizer - INFO - GA Result: {'ac_temperature': 22, 'fan_speed': 2, 'duty_cycle': 0.0, 'should_turn_on': False, 'energy_score': np.float64(0.0), 'comfort_score': 1.0}
2026-02-10 15:20:39,602 - SmartRoom - INFO -   [AC] Temp:22C On:False
2026-02-10 15:20:39,603 - SmartRoom - INFO -   [Lamp] Brightness:0 On:False
2026-02-10 15:20:39,603 - SmartRoom - INFO - ========================================
2026-02-10 15:20:39,648 - SmartRoom - INFO - [AC Status] {'device': 'ac_controller', 'status': 'error', 'detail': 'No IR code for AC OFF', 'uptime': 120, 'wifi_rssi': -68, 'ac_state': 'off', 'ac_temp': 24, 'ir_codes_learned': 0}
2026-02-10 15:20:39,648 - SmartRoom - INFO - [Lamp Status] {'brightness_pwm': 0, 'brightness_percent': 0, 'mode': 'manual', 'status': 'off'}
2026-02-10 15:21:09,604 - SmartRoom - INFO - ========================================
2026-02-10 15:21:09,604 - SmartRoom - INFO - Running ML Optimization...
2026-02-10 15:21:09,604 - SmartRoom - INFO -   Occupancy: False | Persons: 0
2026-02-10 15:21:09,714 - ACGeneticOptimizer - INFO - GA Result: {'ac_temperature': 27, 'fan_speed': 2, 'duty_cycle': 0.0, 'should_turn_on': False, 'energy_score': np.float64(0.0), 'comfort_score': 1.0}
2026-02-10 15:21:09,714 - SmartRoom - INFO -   [AC] Temp:27C On:False
2026-02-10 15:21:09,714 - SmartRoom - INFO -   [Lamp] Brightness:0 On:False
2026-02-10 15:21:09,715 - SmartRoom - INFO - ========================================
2026-02-10 15:21:09,816 - SmartRoom - INFO - [AC Status] {'device': 'ac_controller', 'status': 'error', 'detail': 'No IR code for AC OFF', 'uptime': 150, 'wifi_rssi': -70, 'ac_state': 'off', 'ac_temp': 24, 'ir_codes_learned': 0}
2026-02-10 15:21:09,864 - SmartRoom - INFO - [Lamp Status] {'brightness_pwm': 0, 'brightness_percent': 0, 'mode': 'manual', 'status': 'off'}
2026-02-10 15:21:10,708 - SmartRoom - INFO - [Lamp Status] {'brightness_pwm': 0, 'brightness_percent': 0, 'mode': 'manual', 'status': 'off'}
2026-02-10 15:21:11,449 - SmartRoom - INFO - [Lamp Status] {'brightness_pwm': 64, 'brightness_percent': 25, 'mode': 'manual', 'status': 'on'}
2026-02-10 15:21:16,723 - SmartRoom - INFO - [Lamp Status] {'brightness_pwm': 128, 'brightness_percent': 50, 'mode': 'manual', 'status': 'on'}
2026-02-10 15:21:19,075 - SmartRoom - INFO - [Lamp Status] {'brightness_pwm': 192, 'brightness_percent': 75, 'mode': 'manual', 'status': 'on'}
2026-02-10 15:21:22,060 - SmartRoom - INFO - [Lamp Status] {'brightness_pwm': 255, 'brightness_percent': 100, 'mode': 'manual', 'status': 'on'}
2026-02-10 15:21:24,032 - SmartRoom - INFO - STATUS | AC: 26.6C 73.5% | Lamp: 11lux br=0 | Cam: 0ppl | Opts: 58
2026-02-10 15:21:39,715 - SmartRoom - INFO - ========================================
2026-02-10 15:21:39,715 - SmartRoom - INFO - Running ML Optimization...
2026-02-10 15:21:39,716 - SmartRoom - INFO -   Occupancy: False | Persons: 0
2026-02-10 15:21:39,831 - ACGeneticOptimizer - INFO - GA Result: {'ac_temperature': 29, 'fan_speed': 1, 'duty_cycle': 0.0, 'should_turn_on': False, 'energy_score': np.float64(0.0), 'comfort_score': 1.0}
2026-02-10 15:21:39,831 - SmartRoom - INFO -   [AC] Temp:29C On:False
2026-02-10 15:21:39,832 - SmartRoom - INFO -   [Lamp] Brightness:0 On:False
2026-02-10 15:21:39,832 - SmartRoom - INFO - ========================================
2026-02-10 15:21:39,883 - SmartRoom - INFO - [Lamp Status] {'brightness_pwm': 0, 'brightness_percent': 0, 'mode': 'manual', 'status': 'off'}
2026-02-10 15:21:40,070 - SmartRoom - INFO - [AC Status] {'device': 'ac_controller', 'status': 'error', 'detail': 'No IR code for AC OFF', 'uptime': 180, 'wifi_rssi': -63, 'ac_state': 'off', 'ac_temp': 24, 'ir_codes_learned': 0}
2026-02-10 15:22:09,832 - SmartRoom - INFO - ========================================
2026-02-10 15:22:09,833 - SmartRoom - INFO - Running ML Optimization...
2026-02-10 15:22:09,833 - SmartRoom - INFO -   Occupancy: False | Persons: 0
2026-02-10 15:22:09,919 - ACGeneticOptimizer - INFO - GA Result: {'ac_temperature': 25, 'fan_speed': 1, 'duty_cycle': 0.0, 'should_turn_on': False, 'energy_score': np.float64(0.0), 'comfort_score': 1.0}
2026-02-10 15:22:09,920 - SmartRoom - INFO -   [AC] Temp:25C On:False
2026-02-10 15:22:09,920 - SmartRoom - INFO -   [Lamp] Brightness:0 On:False
2026-02-10 15:22:09,921 - SmartRoom - INFO - ========================================
2026-02-10 15:22:09,975 - SmartRoom - INFO - [AC Status] {'device': 'ac_controller', 'status': 'error', 'detail': 'No IR code for AC OFF', 'uptime': 210, 'wifi_rssi': -61, 'ac_state': 'off', 'ac_temp': 24, 'ir_codes_learned': 0}
2026-02-10 15:22:10,142 - SmartRoom - INFO - [Lamp Status] {'brightness_pwm': 0, 'brightness_percent': 0, 'mode': 'manual', 'status': 'off'}
2026-02-10 15:22:24,038 - SmartRoom - INFO - STATUS | AC: 26.6C 73.4% | Lamp: 8lux br=0 | Cam: 0ppl | Opts: 60
2026-02-10 15:22:39,921 - SmartRoom - INFO - ========================================
2026-02-10 15:22:39,921 - SmartRoom - INFO - Running ML Optimization...
2026-02-10 15:22:39,921 - SmartRoom - INFO -   Occupancy: False | Persons: 0
2026-02-10 15:22:40,038 - ACGeneticOptimizer - INFO - GA Result: {'ac_temperature': 27, 'fan_speed': 1, 'duty_cycle': 0.0, 'should_turn_on': False, 'energy_score': np.float64(0.0), 'comfort_score': 1.0}
2026-02-10 15:22:40,039 - SmartRoom - INFO -   [AC] Temp:27C On:False
2026-02-10 15:22:40,039 - SmartRoom - INFO -   [Lamp] Brightness:0 On:False
2026-02-10 15:22:40,040 - SmartRoom - INFO - ========================================
2026-02-10 15:22:40,136 - SmartRoom - INFO - [AC Status] {'device': 'ac_controller', 'status': 'error', 'detail': 'No IR code for AC OFF', 'uptime': 240, 'wifi_rssi': -65, 'ac_state': 'off', 'ac_temp': 24, 'ir_codes_learned': 0}
2026-02-10 15:22:40,157 - SmartRoom - INFO - [Lamp Status] {'brightness_pwm': 0, 'brightness_percent': 0, 'mode': 'manual', 'status': 'off'}
2026-02-10 15:23:10,041 - SmartRoom - INFO - ========================================
2026-02-10 15:23:10,041 - SmartRoom - INFO - Running ML Optimization...
2026-02-10 15:23:10,041 - SmartRoom - INFO -   Occupancy: False | Persons: 0
2026-02-10 15:23:10,121 - ACGeneticOptimizer - INFO - GA Result: {'ac_temperature': 30, 'fan_speed': 3, 'duty_cycle': 0.0, 'should_turn_on': False, 'energy_score': np.float64(0.0), 'comfort_score': 1.0}
2026-02-10 15:23:10,121 - SmartRoom - INFO -   [AC] Temp:30C On:False
2026-02-10 15:23:10,121 - SmartRoom - INFO -   [Lamp] Brightness:0 On:False
2026-02-10 15:23:10,122 - SmartRoom - INFO - ========================================
2026-02-10 15:23:10,164 - SmartRoom - INFO - [AC Status] {'device': 'ac_controller', 'status': 'error', 'detail': 'No IR code for AC OFF', 'uptime': 271, 'wifi_rssi': -66, 'ac_state': 'off', 'ac_temp': 24, 'ir_codes_learned': 0}
2026-02-10 15:23:10,164 - SmartRoom - INFO - [Lamp Status] {'brightness_pwm': 0, 'brightness_percent': 0, 'mode': 'manual', 'status': 'off'}
2026-02-10 15:23:24,050 - SmartRoom - INFO - STATUS | AC: 26.4C 73.8% | Lamp: 9lux br=0 | Cam: 0ppl | Opts: 62
2026-02-10 15:23:40,122 - SmartRoom - INFO - ========================================
2026-02-10 15:23:40,122 - SmartRoom - INFO - Running ML Optimization...
2026-02-10 15:23:40,122 - SmartRoom - INFO -   Occupancy: False | Persons: 0
2026-02-10 15:23:40,241 - ACGeneticOptimizer - INFO - GA Result: {'ac_temperature': 22, 'fan_speed': 1, 'duty_cycle': 0.0, 'should_turn_on': False, 'energy_score': np.float64(0.0), 'comfort_score': 1.0}
2026-02-10 15:23:40,241 - SmartRoom - INFO -   [AC] Temp:22C On:False
2026-02-10 15:23:40,242 - SmartRoom - INFO -   [Lamp] Brightness:0 On:False
2026-02-10 15:23:40,242 - SmartRoom - INFO - ========================================
2026-02-10 15:23:40,305 - SmartRoom - INFO - [AC Status] {'device': 'ac_controller', 'status': 'error', 'detail': 'No IR code for AC OFF', 'uptime': 301, 'wifi_rssi': -61, 'ac_state': 'off', 'ac_temp': 24, 'ir_codes_learned': 0}
2026-02-10 15:23:40,353 - SmartRoom - INFO - [Lamp Status] {'brightness_pwm': 0, 'brightness_percent': 0, 'mode': 'manual', 'status': 'off'}
2026-02-10 15:24:10,242 - SmartRoom - INFO - ========================================
2026-02-10 15:24:10,242 - SmartRoom - INFO - Running ML Optimization...
2026-02-10 15:24:10,242 - SmartRoom - INFO -   Occupancy: False | Persons: 0
2026-02-10 15:24:10,365 - ACGeneticOptimizer - INFO - GA Result: {'ac_temperature': 21, 'fan_speed': 1, 'duty_cycle': 0.0, 'should_turn_on': False, 'energy_score': np.float64(0.0), 'comfort_score': 1.0}
2026-02-10 15:24:10,365 - SmartRoom - INFO -   [AC] Temp:21C On:False
2026-02-10 15:24:10,366 - SmartRoom - INFO -   [Lamp] Brightness:0 On:False
2026-02-10 15:24:10,366 - SmartRoom - INFO - ========================================
2026-02-10 15:24:10,555 - SmartRoom - INFO - [AC Status] {'device': 'ac_controller', 'status': 'error', 'detail': 'No IR code for AC OFF', 'uptime': 331, 'wifi_rssi': -64, 'ac_state': 'off', 'ac_temp': 24, 'ir_codes_learned': 0}
2026-02-10 15:24:10,616 - SmartRoom - INFO - [Lamp Status] {'brightness_pwm': 0, 'brightness_percent': 0, 'mode': 'manual', 'status': 'off'}
2026-02-10 15:24:24,054 - SmartRoom - INFO - STATUS | AC: 26.5C 74.1% | Lamp: 10lux br=0 | Cam: 0ppl | Opts: 64
2026-02-10 15:24:40,366 - SmartRoom - INFO - ========================================
2026-02-10 15:24:40,366 - SmartRoom - INFO - Running ML Optimization...
2026-02-10 15:24:40,366 - SmartRoom - INFO -   Occupancy: False | Persons: 0
2026-02-10 15:24:40,485 - ACGeneticOptimizer - INFO - GA Result: {'ac_temperature': 26, 'fan_speed': 3, 'duty_cycle': 0.0, 'should_turn_on': False, 'energy_score': np.float64(0.0), 'comfort_score': 1.0}
2026-02-10 15:24:40,485 - SmartRoom - INFO -   [AC] Temp:26C On:False
2026-02-10 15:24:40,485 - SmartRoom - INFO -   [Lamp] Brightness:0 On:False
2026-02-10 15:24:40,486 - SmartRoom - INFO - ========================================
2026-02-10 15:24:40,601 - SmartRoom - INFO - [AC Status] {'device': 'ac_controller', 'status': 'error', 'detail': 'No IR code for AC OFF', 'uptime': 361, 'wifi_rssi': -67, 'ac_state': 'off', 'ac_temp': 24, 'ir_codes_learned': 0}
2026-02-10 15:24:40,611 - SmartRoom - INFO - [Lamp Status] {'brightness_pwm': 0, 'brightness_percent': 0, 'mode': 'manual', 'status': 'off'}
2026-02-10 15:25:10,486 - SmartRoom - INFO - ========================================
2026-02-10 15:25:10,487 - SmartRoom - INFO - Running ML Optimization...
2026-02-10 15:25:10,487 - SmartRoom - INFO -   Occupancy: False | Persons: 0
2026-02-10 15:25:10,601 - ACGeneticOptimizer - INFO - GA Result: {'ac_temperature': 26, 'fan_speed': 1, 'duty_cycle': 0.0, 'should_turn_on': False, 'energy_score': np.float64(0.0), 'comfort_score': 1.0}
2026-02-10 15:25:10,601 - SmartRoom - INFO -   [AC] Temp:26C On:False
2026-02-10 15:25:10,601 - SmartRoom - INFO -   [Lamp] Brightness:0 On:False
2026-02-10 15:25:10,601 - SmartRoom - INFO - ========================================
2026-02-10 15:25:10,644 - SmartRoom - INFO - [AC Status] {'device': 'ac_controller', 'status': 'error', 'detail': 'No IR code for AC OFF', 'uptime': 391, 'wifi_rssi': -66, 'ac_state': 'off', 'ac_temp': 24, 'ir_codes_learned': 0}
2026-02-10 15:25:10,655 - SmartRoom - INFO - [Lamp Status] {'brightness_pwm': 0, 'brightness_percent': 0, 'mode': 'manual', 'status': 'off'}
2026-02-10 15:25:24,059 - SmartRoom - INFO - STATUS | AC: 26.5C 74.0% | Lamp: 10lux br=0 | Cam: 0ppl | Opts: 66
2026-02-10 15:25:40,602 - SmartRoom - INFO - ========================================
2026-02-10 15:25:40,602 - SmartRoom - INFO - Running ML Optimization...
2026-02-10 15:25:40,602 - SmartRoom - INFO -   Occupancy: False | Persons: 0
2026-02-10 15:25:40,684 - ACGeneticOptimizer - INFO - GA Result: {'ac_temperature': 21, 'fan_speed': 1, 'duty_cycle': 0.0, 'should_turn_on': False, 'energy_score': np.float64(0.0), 'comfort_score': 1.0}
2026-02-10 15:25:40,685 - SmartRoom - INFO -   [AC] Temp:21C On:False
2026-02-10 15:25:40,685 - SmartRoom - INFO -   [Lamp] Brightness:0 On:False
2026-02-10 15:25:40,685 - SmartRoom - INFO - ========================================
2026-02-10 15:25:40,728 - SmartRoom - INFO - [AC Status] {'device': 'ac_controller', 'status': 'error', 'detail': 'No IR code for AC OFF', 'uptime': 421, 'wifi_rssi': -66, 'ac_state': 'off', 'ac_temp': 24, 'ir_codes_learned': 0}
2026-02-10 15:25:40,737 - SmartRoom - INFO - [Lamp Status] {'brightness_pwm': 0, 'brightness_percent': 0, 'mode': 'manual', 'status': 'off'}
2026-02-10 15:26:10,685 - SmartRoom - INFO - ========================================
2026-02-10 15:26:10,686 - SmartRoom - INFO - Running ML Optimization...
2026-02-10 15:26:10,686 - SmartRoom - INFO -   Occupancy: False | Persons: 0
2026-02-10 15:26:10,805 - ACGeneticOptimizer - INFO - GA Result: {'ac_temperature': 23, 'fan_speed': 2, 'duty_cycle': 0.0, 'should_turn_on': False, 'energy_score': np.float64(0.0), 'comfort_score': 1.0}
2026-02-10 15:26:10,805 - SmartRoom - INFO -   [AC] Temp:23C On:False
2026-02-10 15:26:10,806 - SmartRoom - INFO -   [Lamp] Brightness:0 On:False
2026-02-10 15:26:10,806 - SmartRoom - INFO - ========================================
2026-02-10 15:26:10,859 - SmartRoom - INFO - [AC Status] {'device': 'ac_controller', 'status': 'error', 'detail': 'No IR code for AC OFF', 'uptime': 451, 'wifi_rssi': -68, 'ac_state': 'off', 'ac_temp': 24, 'ir_codes_learned': 0}
2026-02-10 15:26:10,896 - SmartRoom - INFO - [Lamp Status] {'brightness_pwm': 0, 'brightness_percent': 0, 'mode': 'manual', 'status': 'off'}
2026-02-10 15:26:24,064 - SmartRoom - INFO - STATUS | AC: 26.5C 74.0% | Lamp: 10lux br=0 | Cam: 0ppl | Opts: 68
2026-02-10 15:26:40,806 - SmartRoom - INFO - ========================================
2026-02-10 15:26:40,806 - SmartRoom - INFO - Running ML Optimization...
2026-02-10 15:26:40,807 - SmartRoom - INFO -   Occupancy: False | Persons: 0
2026-02-10 15:26:40,917 - ACGeneticOptimizer - INFO - GA Result: {'ac_temperature': 28, 'fan_speed': 2, 'duty_cycle': 0.0, 'should_turn_on': False, 'energy_score': np.float64(0.0), 'comfort_score': 1.0}
2026-02-10 15:26:40,918 - SmartRoom - INFO -   [AC] Temp:28C On:False
2026-02-10 15:26:40,918 - SmartRoom - INFO -   [Lamp] Brightness:0 On:False
2026-02-10 15:26:40,919 - SmartRoom - INFO - ========================================
2026-02-10 15:26:41,076 - SmartRoom - INFO - [AC Status] {'device': 'ac_controller', 'status': 'error', 'detail': 'No IR code for AC OFF', 'uptime': 481, 'wifi_rssi': -65, 'ac_state': 'off', 'ac_temp': 24, 'ir_codes_learned': 0}
2026-02-10 15:26:41,125 - SmartRoom - INFO - [Lamp Status] {'brightness_pwm': 0, 'brightness_percent': 0, 'mode': 'manual', 'status': 'off'}
2026-02-10 15:27:10,919 - SmartRoom - INFO - ========================================
2026-02-10 15:27:10,919 - SmartRoom - INFO - Running ML Optimization...
2026-02-10 15:27:10,919 - SmartRoom - INFO -   Occupancy: False | Persons: 0
2026-02-10 15:27:11,023 - ACGeneticOptimizer - INFO - GA Result: {'ac_temperature': 26, 'fan_speed': 2, 'duty_cycle': 0.0, 'should_turn_on': False, 'energy_score': np.float64(0.0), 'comfort_score': 1.0}
2026-02-10 15:27:11,023 - SmartRoom - INFO -   [AC] Temp:26C On:False
2026-02-10 15:27:11,023 - SmartRoom - INFO -   [Lamp] Brightness:0 On:False
2026-02-10 15:27:11,024 - SmartRoom - INFO - ========================================
2026-02-10 15:27:11,096 - SmartRoom - INFO - [AC Status] {'device': 'ac_controller', 'status': 'error', 'detail': 'No IR code for AC OFF', 'uptime': 511, 'wifi_rssi': -68, 'ac_state': 'off', 'ac_temp': 24, 'ir_codes_learned': 0}
2026-02-10 15:27:11,143 - SmartRoom - INFO - [Lamp Status] {'brightness_pwm': 0, 'brightness_percent': 0, 'mode': 'manual', 'status': 'off'}
2026-02-10 15:27:24,068 - SmartRoom - INFO - STATUS | AC: 26.5C 74.1% | Lamp: 9lux br=0 | Cam: 0ppl | Opts: 70
2026-02-10 15:27:41,024 - SmartRoom - INFO - ========================================
2026-02-10 15:27:41,024 - SmartRoom - INFO - Running ML Optimization...
2026-02-10 15:27:41,024 - SmartRoom - INFO -   Occupancy: False | Persons: 0
2026-02-10 15:27:41,105 - ACGeneticOptimizer - INFO - GA Result: {'ac_temperature': 25, 'fan_speed': 1, 'duty_cycle': 0.0, 'should_turn_on': False, 'energy_score': np.float64(0.0), 'comfort_score': 1.0}
2026-02-10 15:27:41,106 - SmartRoom - INFO -   [AC] Temp:25C On:False
2026-02-10 15:27:41,106 - SmartRoom - INFO -   [Lamp] Brightness:0 On:False
2026-02-10 15:27:41,106 - SmartRoom - INFO - ========================================
2026-02-10 15:27:41,163 - SmartRoom - INFO - [AC Status] {'device': 'ac_controller', 'status': 'error', 'detail': 'No IR code for AC OFF', 'uptime': 541, 'wifi_rssi': -65, 'ac_state': 'off', 'ac_temp': 24, 'ir_codes_learned': 0}
2026-02-10 15:27:41,234 - SmartRoom - INFO - [Lamp Status] {'brightness_pwm': 0, 'brightness_percent': 0, 'mode': 'manual', 'status': 'off'}
2026-02-10 15:28:11,107 - SmartRoom - INFO - ========================================
2026-02-10 15:28:11,107 - SmartRoom - INFO - Running ML Optimization...
2026-02-10 15:28:11,107 - SmartRoom - INFO -   Occupancy: False | Persons: 0
2026-02-10 15:28:11,222 - ACGeneticOptimizer - INFO - GA Result: {'ac_temperature': 23, 'fan_speed': 3, 'duty_cycle': 0.0, 'should_turn_on': False, 'energy_score': np.float64(0.0), 'comfort_score': 1.0}
2026-02-10 15:28:11,223 - SmartRoom - INFO -   [AC] Temp:23C On:False
2026-02-10 15:28:11,223 - SmartRoom - INFO -   [Lamp] Brightness:0 On:False
2026-02-10 15:28:11,224 - SmartRoom - INFO - ========================================
2026-02-10 15:28:11,268 - SmartRoom - INFO - [AC Status] {'device': 'ac_controller', 'status': 'error', 'detail': 'No IR code for AC OFF', 'uptime': 572, 'wifi_rssi': -64, 'ac_state': 'off', 'ac_temp': 24, 'ir_codes_learned': 0}
2026-02-10 15:28:11,380 - SmartRoom - INFO - [Lamp Status] {'brightness_pwm': 0, 'brightness_percent': 0, 'mode': 'manual', 'status': 'off'}
2026-02-10 15:28:24,079 - SmartRoom - INFO - STATUS | AC: 26.5C 74.3% | Lamp: 8lux br=0 | Cam: 0ppl | Opts: 72
2026-02-10 15:28:41,224 - SmartRoom - INFO - ========================================
2026-02-10 15:28:41,224 - SmartRoom - INFO - Running ML Optimization...
2026-02-10 15:28:41,224 - SmartRoom - INFO -   Occupancy: False | Persons: 0
2026-02-10 15:28:41,311 - ACGeneticOptimizer - INFO - GA Result: {'ac_temperature': 25, 'fan_speed': 1, 'duty_cycle': 0.0, 'should_turn_on': False, 'energy_score': np.float64(0.0), 'comfort_score': 1.0}
2026-02-10 15:28:41,320 - SmartRoom - INFO -   [AC] Temp:25C On:False
2026-02-10 15:28:41,321 - SmartRoom - INFO -   [Lamp] Brightness:0 On:False
2026-02-10 15:28:41,321 - SmartRoom - INFO - ========================================
2026-02-10 15:28:41,656 - SmartRoom - INFO - [AC Status] {'device': 'ac_controller', 'status': 'error', 'detail': 'No IR code for AC OFF', 'uptime': 602, 'wifi_rssi': -67, 'ac_state': 'off', 'ac_temp': 24, 'ir_codes_learned': 0}
2026-02-10 15:28:41,660 - SmartRoom - INFO - [Lamp Status] {'brightness_pwm': 0, 'brightness_percent': 0, 'mode': 'manual', 'status': 'off'}
2026-02-10 15:29:11,321 - SmartRoom - INFO - ========================================
2026-02-10 15:29:11,322 - SmartRoom - INFO - Running ML Optimization...
2026-02-10 15:29:11,322 - SmartRoom - INFO -   Occupancy: False | Persons: 0
2026-02-10 15:29:11,412 - ACGeneticOptimizer - INFO - GA Result: {'ac_temperature': 16, 'fan_speed': 1, 'duty_cycle': 0.0, 'should_turn_on': False, 'energy_score': np.float64(0.0), 'comfort_score': 1.0}
2026-02-10 15:29:11,413 - SmartRoom - INFO -   [AC] Temp:16C On:False
2026-02-10 15:29:11,413 - SmartRoom - INFO -   [Lamp] Brightness:0 On:False
2026-02-10 15:29:11,414 - SmartRoom - INFO - ========================================
2026-02-10 15:29:11,569 - SmartRoom - INFO - [AC Status] {'device': 'ac_controller', 'status': 'error', 'detail': 'No IR code for AC OFF', 'uptime': 632, 'wifi_rssi': -63, 'ac_state': 'off', 'ac_temp': 24, 'ir_codes_learned': 0}
2026-02-10 15:29:11,581 - SmartRoom - INFO - [Lamp Status] {'brightness_pwm': 0, 'brightness_percent': 0, 'mode': 'manual', 'status': 'off'}
2026-02-10 15:29:24,087 - SmartRoom - INFO - STATUS | AC: 26.6C 74.1% | Lamp: 7lux br=0 | Cam: 0ppl | Opts: 74
2026-02-10 15:29:33,092 - SmartRoom - INFO - [Lamp Status] {'brightness_pwm': 255, 'brightness_percent': 100, 'mode': 'manual', 'status': 'on'}
2026-02-10 15:29:41,414 - SmartRoom - INFO - ========================================
2026-02-10 15:29:41,414 - SmartRoom - INFO - Running ML Optimization...
2026-02-10 15:29:41,414 - SmartRoom - INFO -   Occupancy: False | Persons: 0
2026-02-10 15:29:41,505 - ACGeneticOptimizer - INFO - GA Result: {'ac_temperature': 30, 'fan_speed': 1, 'duty_cycle': 0.0, 'should_turn_on': False, 'energy_score': np.float64(0.0), 'comfort_score': 1.0}
2026-02-10 15:29:41,505 - SmartRoom - INFO -   [AC] Temp:30C On:False
2026-02-10 15:29:41,506 - SmartRoom - INFO -   [Lamp] Brightness:0 On:False
2026-02-10 15:29:41,506 - SmartRoom - INFO - ========================================
2026-02-10 15:29:41,652 - SmartRoom - INFO - [AC Status] {'device': 'ac_controller', 'status': 'error', 'detail': 'No IR code for AC OFF', 'uptime': 662, 'wifi_rssi': -68, 'ac_state': 'off', 'ac_temp': 24, 'ir_codes_learned': 0}
2026-02-10 15:29:41,653 - SmartRoom - INFO - [Lamp Status] {'brightness_pwm': 0, 'brightness_percent': 0, 'mode': 'manual', 'status': 'off'}
2026-02-10 15:29:53,582 - SmartRoom - INFO - [Lamp Status] {'brightness_pwm': 255, 'brightness_percent': 100, 'mode': 'manual', 'status': 'on'}
2026-02-10 15:29:58,356 - SmartRoom - INFO - [Lamp Status] {'brightness_pwm': 255, 'brightness_percent': 100, 'mode': 'manual', 'status': 'on'}
2026-02-10 15:29:58,873 - SmartRoom - INFO - [Lamp Status] {'brightness_pwm': 255, 'brightness_percent': 100, 'mode': 'manual', 'status': 'on'}
2026-02-10 15:29:59,177 - SmartRoom - INFO - [Lamp Status] {'brightness_pwm': 255, 'brightness_percent': 100, 'mode': 'manual', 'status': 'on'}
2026-02-10 15:30:11,506 - SmartRoom - INFO - ========================================
2026-02-10 15:30:11,507 - SmartRoom - INFO - Running ML Optimization...
2026-02-10 15:30:11,507 - SmartRoom - INFO -   Occupancy: False | Persons: 0
2026-02-10 15:30:11,597 - ACGeneticOptimizer - INFO - GA Result: {'ac_temperature': 26, 'fan_speed': 1, 'duty_cycle': 0.0, 'should_turn_on': False, 'energy_score': np.float64(0.0), 'comfort_score': 1.0}
2026-02-10 15:30:11,597 - SmartRoom - INFO -   [AC] Temp:26C On:False
2026-02-10 15:30:11,598 - SmartRoom - INFO -   [Lamp] Brightness:0 On:False
2026-02-10 15:30:11,598 - SmartRoom - INFO - ========================================
2026-02-10 15:30:11,640 - SmartRoom - INFO - [AC Status] {'device': 'ac_controller', 'status': 'error', 'detail': 'No IR code for AC OFF', 'uptime': 692, 'wifi_rssi': -68, 'ac_state': 'off', 'ac_temp': 24, 'ir_codes_learned': 0}
2026-02-10 15:30:11,703 - SmartRoom - INFO - [Lamp Status] {'brightness_pwm': 0, 'brightness_percent': 0, 'mode': 'manual', 'status': 'off'}
2026-02-10 15:30:24,094 - SmartRoom - INFO - STATUS | AC: 26.5C 74.3% | Lamp: 6lux br=0 | Cam: 0ppl | Opts: 76
2026-02-10 15:30:41,598 - SmartRoom - INFO - ========================================
2026-02-10 15:30:41,599 - SmartRoom - INFO - Running ML Optimization...
2026-02-10 15:30:41,599 - SmartRoom - INFO -   Occupancy: False | Persons: 0
2026-02-10 15:30:41,718 - ACGeneticOptimizer - INFO - GA Result: {'ac_temperature': 26, 'fan_speed': 2, 'duty_cycle': 0.0, 'should_turn_on': False, 'energy_score': np.float64(0.0), 'comfort_score': 1.0}
2026-02-10 15:30:41,719 - SmartRoom - INFO -   [AC] Temp:26C On:False
2026-02-10 15:30:41,719 - SmartRoom - INFO -   [Lamp] Brightness:0 On:False
2026-02-10 15:30:41,719 - SmartRoom - INFO - ========================================
2026-02-10 15:30:41,843 - SmartRoom - INFO - [AC Status] {'device': 'ac_controller', 'status': 'error', 'detail': 'No IR code for AC OFF', 'uptime': 722, 'wifi_rssi': -63, 'ac_state': 'off', 'ac_temp': 24, 'ir_codes_learned': 0}
2026-02-10 15:30:41,890 - SmartRoom - INFO - [Lamp Status] {'brightness_pwm': 0, 'brightness_percent': 0, 'mode': 'manual', 'status': 'off'}
2026-02-10 15:31:11,720 - SmartRoom - INFO - ========================================
2026-02-10 15:31:11,720 - SmartRoom - INFO - Running ML Optimization...
2026-02-10 15:31:11,720 - SmartRoom - INFO -   Occupancy: False | Persons: 0
2026-02-10 15:31:11,848 - ACGeneticOptimizer - INFO - GA Result: {'ac_temperature': 29, 'fan_speed': 3, 'duty_cycle': 0.0, 'should_turn_on': False, 'energy_score': np.float64(0.0), 'comfort_score': 1.0}
2026-02-10 15:31:11,848 - SmartRoom - INFO -   [AC] Temp:29C On:False
2026-02-10 15:31:11,848 - SmartRoom - INFO -   [Lamp] Brightness:0 On:False
2026-02-10 15:31:11,849 - SmartRoom - INFO - ========================================
2026-02-10 15:31:11,892 - SmartRoom - INFO - [AC Status] {'device': 'ac_controller', 'status': 'error', 'detail': 'No IR code for AC OFF', 'uptime': 752, 'wifi_rssi': -65, 'ac_state': 'off', 'ac_temp': 24, 'ir_codes_learned': 0}
2026-02-10 15:31:11,894 - SmartRoom - INFO - [Lamp Status] {'brightness_pwm': 0, 'brightness_percent': 0, 'mode': 'manual', 'status': 'off'}
2026-02-10 15:31:24,098 - SmartRoom - INFO - STATUS | AC: 26.4C 74.6% | Lamp: 6lux br=0 | Cam: 0ppl | Opts: 78
2026-02-10 15:31:41,849 - SmartRoom - INFO - ========================================
2026-02-10 15:31:41,849 - SmartRoom - INFO - Running ML Optimization...
2026-02-10 15:31:41,849 - SmartRoom - INFO -   Occupancy: False | Persons: 0
2026-02-10 15:31:41,971 - ACGeneticOptimizer - INFO - GA Result: {'ac_temperature': 23, 'fan_speed': 3, 'duty_cycle': 0.0, 'should_turn_on': False, 'energy_score': np.float64(0.0), 'comfort_score': 1.0}
2026-02-10 15:31:41,971 - SmartRoom - INFO -   [AC] Temp:23C On:False
2026-02-10 15:31:41,972 - SmartRoom - INFO -   [Lamp] Brightness:0 On:False
2026-02-10 15:31:41,972 - SmartRoom - INFO - ========================================
2026-02-10 15:31:42,110 - SmartRoom - INFO - [AC Status] {'device': 'ac_controller', 'status': 'error', 'detail': 'No IR code for AC OFF', 'uptime': 782, 'wifi_rssi': -62, 'ac_state': 'off', 'ac_temp': 24, 'ir_codes_learned': 0}
2026-02-10 15:31:42,110 - SmartRoom - INFO - [Lamp Status] {'brightness_pwm': 0, 'brightness_percent': 0, 'mode': 'manual', 'status': 'off'}
2026-02-10 15:32:11,973 - SmartRoom - INFO - ========================================
2026-02-10 15:32:11,973 - SmartRoom - INFO - Running ML Optimization...
2026-02-10 15:32:11,973 - SmartRoom - INFO -   Occupancy: False | Persons: 0
2026-02-10 15:32:12,081 - ACGeneticOptimizer - INFO - GA Result: {'ac_temperature': 30, 'fan_speed': 3, 'duty_cycle': 0.0, 'should_turn_on': False, 'energy_score': np.float64(0.0), 'comfort_score': 1.0}
2026-02-10 15:32:12,081 - SmartRoom - INFO -   [AC] Temp:30C On:False
2026-02-10 15:32:12,082 - SmartRoom - INFO -   [Lamp] Brightness:0 On:False
2026-02-10 15:32:12,082 - SmartRoom - INFO - ========================================
2026-02-10 15:32:12,124 - SmartRoom - INFO - [AC Status] {'device': 'ac_controller', 'status': 'error', 'detail': 'No IR code for AC OFF', 'uptime': 812, 'wifi_rssi': -63, 'ac_state': 'off', 'ac_temp': 24, 'ir_codes_learned': 0}
2026-02-10 15:32:12,176 - SmartRoom - INFO - [Lamp Status] {'brightness_pwm': 0, 'brightness_percent': 0, 'mode': 'manual', 'status': 'off'}
2026-02-10 15:32:24,103 - SmartRoom - INFO - STATUS | AC: 26.3C 74.9% | Lamp: 6lux br=0 | Cam: 0ppl | Opts: 80
2026-02-10 15:32:42,082 - SmartRoom - INFO - ========================================
2026-02-10 15:32:42,082 - SmartRoom - INFO - Running ML Optimization...
2026-02-10 15:32:42,082 - SmartRoom - INFO -   Occupancy: False | Persons: 0
2026-02-10 15:32:42,217 - ACGeneticOptimizer - INFO - GA Result: {'ac_temperature': 21, 'fan_speed': 1, 'duty_cycle': 0.0, 'should_turn_on': False, 'energy_score': np.float64(0.0), 'comfort_score': 1.0}
2026-02-10 15:32:42,217 - SmartRoom - INFO -   [AC] Temp:21C On:False
2026-02-10 15:32:42,217 - SmartRoom - INFO -   [Lamp] Brightness:0 On:False
2026-02-10 15:32:42,218 - SmartRoom - INFO - ========================================
2026-02-10 15:32:42,343 - SmartRoom - INFO - [Lamp Status] {'brightness_pwm': 0, 'brightness_percent': 0, 'mode': 'manual', 'status': 'off'}
2026-02-10 15:32:42,549 - SmartRoom - INFO - [AC Status] {'device': 'ac_controller', 'status': 'error', 'detail': 'No IR code for AC OFF', 'uptime': 843, 'wifi_rssi': -67, 'ac_state': 'off', 'ac_temp': 24, 'ir_codes_learned': 0}
2026-02-10 15:33:12,218 - SmartRoom - INFO - ========================================
2026-02-10 15:33:12,218 - SmartRoom - INFO - Running ML Optimization...
2026-02-10 15:33:12,218 - SmartRoom - INFO -   Occupancy: False | Persons: 0
2026-02-10 15:33:12,330 - ACGeneticOptimizer - INFO - GA Result: {'ac_temperature': 26, 'fan_speed': 2, 'duty_cycle': 0.0, 'should_turn_on': False, 'energy_score': np.float64(0.0), 'comfort_score': 1.0}
2026-02-10 15:33:12,330 - SmartRoom - INFO -   [AC] Temp:26C On:False
2026-02-10 15:33:12,331 - SmartRoom - INFO -   [Lamp] Brightness:0 On:False
2026-02-10 15:33:12,331 - SmartRoom - INFO - ========================================
2026-02-10 15:33:12,412 - SmartRoom - INFO - [AC Status] {'device': 'ac_controller', 'status': 'error', 'detail': 'No IR code for AC OFF', 'uptime': 873, 'wifi_rssi': -65, 'ac_state': 'off', 'ac_temp': 24, 'ir_codes_learned': 0}
2026-02-10 15:33:12,452 - SmartRoom - INFO - [Lamp Status] {'brightness_pwm': 0, 'brightness_percent': 0, 'mode': 'manual', 'status': 'off'}
2026-02-10 15:33:24,117 - SmartRoom - INFO - STATUS | AC: 26.3C 74.7% | Lamp: 7lux br=0 | Cam: 0ppl | Opts: 82
2026-02-10 15:33:42,331 - SmartRoom - INFO - ========================================
2026-02-10 15:33:42,332 - SmartRoom - INFO - Running ML Optimization...
2026-02-10 15:33:42,332 - SmartRoom - INFO -   Occupancy: False | Persons: 0
2026-02-10 15:33:42,455 - ACGeneticOptimizer - INFO - GA Result: {'ac_temperature': 25, 'fan_speed': 2, 'duty_cycle': 0.0, 'should_turn_on': False, 'energy_score': np.float64(0.0), 'comfort_score': 1.0}
2026-02-10 15:33:42,455 - SmartRoom - INFO -   [AC] Temp:25C On:False
2026-02-10 15:33:42,456 - SmartRoom - INFO -   [Lamp] Brightness:0 On:False
2026-02-10 15:33:42,457 - SmartRoom - INFO - ========================================
2026-02-10 15:33:42,500 - SmartRoom - INFO - [Lamp Status] {'brightness_pwm': 0, 'brightness_percent': 0, 'mode': 'manual', 'status': 'off'}
2026-02-10 15:33:42,614 - SmartRoom - INFO - [AC Status] {'device': 'ac_controller', 'status': 'error', 'detail': 'No IR code for AC OFF', 'uptime': 903, 'wifi_rssi': -69, 'ac_state': 'off', 'ac_temp': 24, 'ir_codes_learned': 0}
2026-02-10 15:34:12,458 - SmartRoom - INFO - ========================================
2026-02-10 15:34:12,458 - SmartRoom - INFO - Running ML Optimization...
2026-02-10 15:34:12,458 - SmartRoom - INFO -   Occupancy: False | Persons: 0
2026-02-10 15:34:12,582 - ACGeneticOptimizer - INFO - GA Result: {'ac_temperature': 23, 'fan_speed': 1, 'duty_cycle': 0.0, 'should_turn_on': False, 'energy_score': np.float64(0.0), 'comfort_score': 1.0}
2026-02-10 15:34:12,582 - SmartRoom - INFO -   [AC] Temp:23C On:False
2026-02-10 15:34:12,582 - SmartRoom - INFO -   [Lamp] Brightness:0 On:False
2026-02-10 15:34:12,583 - SmartRoom - INFO - ========================================
2026-02-10 15:34:12,630 - SmartRoom - INFO - [AC Status] {'device': 'ac_controller', 'status': 'error', 'detail': 'No IR code for AC OFF', 'uptime': 933, 'wifi_rssi': -65, 'ac_state': 'off', 'ac_temp': 24, 'ir_codes_learned': 0}
2026-02-10 15:34:12,655 - SmartRoom - INFO - [Lamp Status] {'brightness_pwm': 0, 'brightness_percent': 0, 'mode': 'manual', 'status': 'off'}
2026-02-10 15:34:24,121 - SmartRoom - INFO - STATUS | AC: 26.4C 74.8% | Lamp: 7lux br=0 | Cam: 0ppl | Opts: 84
2026-02-10 15:34:42,583 - SmartRoom - INFO - ========================================
2026-02-10 15:34:42,583 - SmartRoom - INFO - Running ML Optimization...
2026-02-10 15:34:42,583 - SmartRoom - INFO -   Occupancy: False | Persons: 0
2026-02-10 15:34:42,700 - ACGeneticOptimizer - INFO - GA Result: {'ac_temperature': 20, 'fan_speed': 2, 'duty_cycle': 0.0, 'should_turn_on': False, 'energy_score': np.float64(0.0), 'comfort_score': 1.0}
2026-02-10 15:34:42,701 - SmartRoom - INFO -   [AC] Temp:20C On:False
2026-02-10 15:34:42,701 - SmartRoom - INFO -   [Lamp] Brightness:0 On:False
2026-02-10 15:34:42,701 - SmartRoom - INFO - ========================================
2026-02-10 15:34:43,141 - SmartRoom - INFO - [AC Status] {'device': 'ac_controller', 'status': 'error', 'detail': 'No IR code for AC OFF', 'uptime': 963, 'wifi_rssi': -65, 'ac_state': 'off', 'ac_temp': 24, 'ir_codes_learned': 0}
2026-02-10 15:34:43,152 - SmartRoom - INFO - [Lamp Status] {'brightness_pwm': 0, 'brightness_percent': 0, 'mode': 'manual', 'status': 'off'}
2026-02-10 15:35:12,702 - SmartRoom - INFO - ========================================
2026-02-10 15:35:12,702 - SmartRoom - INFO - Running ML Optimization...
2026-02-10 15:35:12,702 - SmartRoom - INFO -   Occupancy: False | Persons: 0
2026-02-10 15:35:12,797 - ACGeneticOptimizer - INFO - GA Result: {'ac_temperature': 26, 'fan_speed': 2, 'duty_cycle': 0.0, 'should_turn_on': False, 'energy_score': np.float64(0.0), 'comfort_score': 1.0}
2026-02-10 15:35:12,798 - SmartRoom - INFO -   [AC] Temp:26C On:False
2026-02-10 15:35:12,798 - SmartRoom - INFO -   [Lamp] Brightness:0 On:False
2026-02-10 15:35:12,799 - SmartRoom - INFO - ========================================
2026-02-10 15:35:13,254 - SmartRoom - INFO - [AC Status] {'device': 'ac_controller', 'status': 'error', 'detail': 'No IR code for AC OFF', 'uptime': 993, 'wifi_rssi': -63, 'ac_state': 'off', 'ac_temp': 24, 'ir_codes_learned': 0}
2026-02-10 15:35:14,836 - SmartRoom - INFO - [Lamp Status] {'brightness_pwm': 0, 'brightness_percent': 0, 'mode': 'manual', 'status': 'off'}
2026-02-10 15:35:24,128 - SmartRoom - INFO - STATUS | AC: 26.4C 74.9% | Lamp: 8lux br=0 | Cam: 0ppl | Opts: 86
2026-02-10 15:35:42,799 - SmartRoom - INFO - ========================================
2026-02-10 15:35:42,799 - SmartRoom - INFO - Running ML Optimization...
2026-02-10 15:35:42,799 - SmartRoom - INFO -   Occupancy: False | Persons: 0
2026-02-10 15:35:42,888 - ACGeneticOptimizer - INFO - GA Result: {'ac_temperature': 25, 'fan_speed': 2, 'duty_cycle': 0.0, 'should_turn_on': False, 'energy_score': np.float64(0.0), 'comfort_score': 1.0}
2026-02-10 15:35:42,889 - SmartRoom - INFO -   [AC] Temp:25C On:False
2026-02-10 15:35:42,889 - SmartRoom - INFO -   [Lamp] Brightness:0 On:False
2026-02-10 15:35:42,889 - SmartRoom - INFO - ========================================
2026-02-10 15:35:42,985 - SmartRoom - INFO - [AC Status] {'device': 'ac_controller', 'status': 'error', 'detail': 'No IR code for AC OFF', 'uptime': 1023, 'wifi_rssi': -71, 'ac_state': 'off', 'ac_temp': 24, 'ir_codes_learned': 0}
2026-02-10 15:35:42,986 - SmartRoom - INFO - [Lamp Status] {'brightness_pwm': 0, 'brightness_percent': 0, 'mode': 'manual', 'status': 'off'}
2026-02-10 15:36:12,890 - SmartRoom - INFO - ========================================
2026-02-10 15:36:12,890 - SmartRoom - INFO - Running ML Optimization...
2026-02-10 15:36:12,890 - SmartRoom - INFO -   Occupancy: False | Persons: 0
2026-02-10 15:36:12,978 - ACGeneticOptimizer - INFO - GA Result: {'ac_temperature': 30, 'fan_speed': 2, 'duty_cycle': 0.0, 'should_turn_on': False, 'energy_score': np.float64(0.0), 'comfort_score': 1.0}
2026-02-10 15:36:12,978 - SmartRoom - INFO -   [AC] Temp:30C On:False
2026-02-10 15:36:12,979 - SmartRoom - INFO -   [Lamp] Brightness:0 On:False
2026-02-10 15:36:12,979 - SmartRoom - INFO - ========================================
2026-02-10 15:36:13,068 - SmartRoom - INFO - [AC Status] {'device': 'ac_controller', 'status': 'error', 'detail': 'No IR code for AC OFF', 'uptime': 1053, 'wifi_rssi': -62, 'ac_state': 'off', 'ac_temp': 24, 'ir_codes_learned': 0}
2026-02-10 15:36:24,133 - SmartRoom - INFO - STATUS | AC: 26.5C 74.6% | Lamp: 8lux br=0 | Cam: 0ppl | Opts: 88
2026-02-10 15:36:26,456 - SmartRoom - INFO - [Lamp Status] {'brightness_pwm': 0, 'brightness_percent': 0, 'mode': 'manual', 'status': 'off'}
2026-02-10 15:36:42,980 - SmartRoom - INFO - ========================================
2026-02-10 15:36:42,980 - SmartRoom - INFO - Running ML Optimization...
2026-02-10 15:36:42,980 - SmartRoom - INFO -   Occupancy: False | Persons: 0
2026-02-10 15:36:43,102 - ACGeneticOptimizer - INFO - GA Result: {'ac_temperature': 28, 'fan_speed': 1, 'duty_cycle': 0.0, 'should_turn_on': False, 'energy_score': np.float64(0.0), 'comfort_score': 1.0}
2026-02-10 15:36:43,102 - SmartRoom - INFO -   [AC] Temp:28C On:False
2026-02-10 15:36:43,102 - SmartRoom - INFO -   [Lamp] Brightness:0 On:False
2026-02-10 15:36:43,103 - SmartRoom - INFO - ========================================
2026-02-10 15:36:43,144 - SmartRoom - INFO - [AC Status] {'device': 'ac_controller', 'status': 'error', 'detail': 'No IR code for AC OFF', 'uptime': 1083, 'wifi_rssi': -61, 'ac_state': 'off', 'ac_temp': 24, 'ir_codes_learned': 0}
2026-02-10 15:36:43,166 - SmartRoom - INFO - [Lamp Status] {'brightness_pwm': 0, 'brightness_percent': 0, 'mode': 'manual', 'status': 'off'}
2026-02-10 15:36:57,835 - SmartRoom - INFO - [Lamp Status] {'brightness_pwm': 31, 'brightness_percent': 12, 'mode': 'manual', 'status': 'on'}
2026-02-10 15:37:13,103 - SmartRoom - INFO - ========================================
2026-02-10 15:37:13,103 - SmartRoom - INFO - Running ML Optimization...
2026-02-10 15:37:13,108 - SmartRoom - INFO -   Occupancy: False | Persons: 0
2026-02-10 15:37:13,231 - ACGeneticOptimizer - INFO - GA Result: {'ac_temperature': 21, 'fan_speed': 2, 'duty_cycle': 0.0, 'should_turn_on': False, 'energy_score': np.float64(0.0), 'comfort_score': 1.0}
2026-02-10 15:37:13,231 - SmartRoom - INFO -   [AC] Temp:21C On:False
2026-02-10 15:37:13,232 - SmartRoom - INFO -   [Lamp] Brightness:0 On:False
2026-02-10 15:37:13,232 - SmartRoom - INFO - ========================================
2026-02-10 15:37:13,329 - SmartRoom - INFO - [AC Status] {'device': 'ac_controller', 'status': 'error', 'detail': 'No IR code for AC OFF', 'uptime': 1114, 'wifi_rssi': -68, 'ac_state': 'off', 'ac_temp': 24, 'ir_codes_learned': 0}
2026-02-10 15:37:13,379 - SmartRoom - INFO - [Lamp Status] {'brightness_pwm': 0, 'brightness_percent': 0, 'mode': 'manual', 'status': 'off'}
2026-02-10 15:37:24,147 - SmartRoom - INFO - STATUS | AC: 26.4C 74.6% | Lamp: 8lux br=0 | Cam: 0ppl | Opts: 90
2026-02-10 15:37:26,173 - SmartRoom - INFO - [Lamp Status] {'brightness_pwm': 128, 'brightness_percent': 50, 'mode': 'manual', 'status': 'on'}
2026-02-10 15:37:33,638 - SmartRoom - INFO - [Lamp Status] {'brightness_pwm': 64, 'brightness_percent': 25, 'mode': 'manual', 'status': 'on'}
2026-02-10 15:37:43,233 - SmartRoom - INFO - ========================================
2026-02-10 15:37:43,233 - SmartRoom - INFO - Running ML Optimization...
2026-02-10 15:37:43,233 - SmartRoom - INFO -   Occupancy: False | Persons: 0
2026-02-10 15:37:43,317 - ACGeneticOptimizer - INFO - GA Result: {'ac_temperature': 24, 'fan_speed': 2, 'duty_cycle': 0.0, 'should_turn_on': False, 'energy_score': np.float64(0.0), 'comfort_score': 1.0}
2026-02-10 15:37:43,318 - SmartRoom - INFO -   [AC] Temp:24C On:False
2026-02-10 15:37:43,318 - SmartRoom - INFO -   [Lamp] Brightness:0 On:False
2026-02-10 15:37:43,318 - SmartRoom - INFO - ========================================
2026-02-10 15:37:43,385 - SmartRoom - INFO - [Lamp Status] {'brightness_pwm': 0, 'brightness_percent': 0, 'mode': 'manual', 'status': 'off'}
2026-02-10 15:37:43,394 - SmartRoom - INFO - [AC Status] {'device': 'ac_controller', 'status': 'error', 'detail': 'No IR code for AC OFF', 'uptime': 1144, 'wifi_rssi': -63, 'ac_state': 'off', 'ac_temp': 24, 'ir_codes_learned': 0}
2026-02-10 15:37:44,617 - SmartRoom - INFO - [Lamp Status] {'brightness_pwm': 192, 'brightness_percent': 75, 'mode': 'manual', 'status': 'on'}
2026-02-10 15:37:46,812 - SmartRoom - INFO - [Lamp Status] {'brightness_pwm': 255, 'brightness_percent': 100, 'mode': 'manual', 'status': 'on'}
2026-02-10 15:38:13,319 - SmartRoom - INFO - ========================================
2026-02-10 15:38:13,319 - SmartRoom - INFO - Running ML Optimization...
2026-02-10 15:38:13,319 - SmartRoom - INFO -   Occupancy: False | Persons: 0
2026-02-10 15:38:13,427 - ACGeneticOptimizer - INFO - GA Result: {'ac_temperature': 17, 'fan_speed': 1, 'duty_cycle': 0.0, 'should_turn_on': False, 'energy_score': np.float64(0.0), 'comfort_score': 1.0}
2026-02-10 15:38:13,427 - SmartRoom - INFO -   [AC] Temp:17C On:False
2026-02-10 15:38:13,428 - SmartRoom - INFO -   [Lamp] Brightness:0 On:False
2026-02-10 15:38:13,428 - SmartRoom - INFO - ========================================
2026-02-10 15:38:13,491 - SmartRoom - INFO - [AC Status] {'device': 'ac_controller', 'status': 'error', 'detail': 'No IR code for AC OFF', 'uptime': 1174, 'wifi_rssi': -64, 'ac_state': 'off', 'ac_temp': 24, 'ir_codes_learned': 0}
2026-02-10 15:38:13,528 - SmartRoom - INFO - [Lamp Status] {'brightness_pwm': 0, 'brightness_percent': 0, 'mode': 'manual', 'status': 'off'}
2026-02-10 15:38:24,153 - SmartRoom - INFO - STATUS | AC: 26.4C 75.3% | Lamp: 8lux br=0 | Cam: 0ppl | Opts: 92
2026-02-10 15:38:43,429 - SmartRoom - INFO - ========================================
2026-02-10 15:38:43,429 - SmartRoom - INFO - Running ML Optimization...
2026-02-10 15:38:43,429 - SmartRoom - INFO -   Occupancy: False | Persons: 0
2026-02-10 15:38:43,524 - ACGeneticOptimizer - INFO - GA Result: {'ac_temperature': 21, 'fan_speed': 3, 'duty_cycle': 0.0, 'should_turn_on': False, 'energy_score': np.float64(0.0), 'comfort_score': 1.0}
2026-02-10 15:38:43,525 - SmartRoom - INFO -   [AC] Temp:21C On:False
2026-02-10 15:38:43,525 - SmartRoom - INFO -   [Lamp] Brightness:0 On:False
2026-02-10 15:38:43,526 - SmartRoom - INFO - ========================================
2026-02-10 15:38:43,577 - SmartRoom - INFO - [AC Status] {'device': 'ac_controller', 'status': 'error', 'detail': 'No IR code for AC OFF', 'uptime': 1204, 'wifi_rssi': -68, 'ac_state': 'off', 'ac_temp': 24, 'ir_codes_learned': 0}
2026-02-10 15:38:43,716 - SmartRoom - INFO - [Lamp Status] {'brightness_pwm': 0, 'brightness_percent': 0, 'mode': 'manual', 'status': 'off'}
2026-02-10 15:39:13,526 - SmartRoom - INFO - ========================================
2026-02-10 15:39:13,526 - SmartRoom - INFO - Running ML Optimization...
2026-02-10 15:39:13,526 - SmartRoom - INFO -   Occupancy: False | Persons: 0
2026-02-10 15:39:13,654 - ACGeneticOptimizer - INFO - GA Result: {'ac_temperature': 19, 'fan_speed': 1, 'duty_cycle': 0.0, 'should_turn_on': False, 'energy_score': np.float64(0.0), 'comfort_score': 1.0}
2026-02-10 15:39:13,655 - SmartRoom - INFO -   [AC] Temp:19C On:False
2026-02-10 15:39:13,655 - SmartRoom - INFO -   [Lamp] Brightness:0 On:False
2026-02-10 15:39:13,656 - SmartRoom - INFO - ========================================
2026-02-10 15:39:13,700 - SmartRoom - INFO - [AC Status] {'device': 'ac_controller', 'status': 'error', 'detail': 'No IR code for AC OFF', 'uptime': 1234, 'wifi_rssi': -63, 'ac_state': 'off', 'ac_temp': 24, 'ir_codes_learned': 0}
2026-02-10 15:39:13,736 - SmartRoom - INFO - [Lamp Status] {'brightness_pwm': 0, 'brightness_percent': 0, 'mode': 'manual', 'status': 'off'}
2026-02-10 15:39:24,162 - SmartRoom - INFO - STATUS | AC: 26.5C 75.2% | Lamp: 9lux br=0 | Cam: 0ppl | Opts: 94
2026-02-10 15:39:43,657 - SmartRoom - INFO - ========================================
2026-02-10 15:39:43,657 - SmartRoom - INFO - Running ML Optimization...
2026-02-10 15:39:43,657 - SmartRoom - INFO -   Occupancy: False | Persons: 0
2026-02-10 15:39:43,740 - ACGeneticOptimizer - INFO - GA Result: {'ac_temperature': 25, 'fan_speed': 2, 'duty_cycle': 0.0, 'should_turn_on': False, 'energy_score': np.float64(0.0), 'comfort_score': 1.0}
2026-02-10 15:39:43,740 - SmartRoom - INFO -   [AC] Temp:25C On:False
2026-02-10 15:39:43,741 - SmartRoom - INFO -   [Lamp] Brightness:0 On:False
2026-02-10 15:39:43,741 - SmartRoom - INFO - ========================================
2026-02-10 15:39:43,799 - SmartRoom - INFO - [Lamp Status] {'brightness_pwm': 0, 'brightness_percent': 0, 'mode': 'manual', 'status': 'off'}
2026-02-10 15:39:43,896 - SmartRoom - INFO - [AC Status] {'device': 'ac_controller', 'status': 'error', 'detail': 'No IR code for AC OFF', 'uptime': 1264, 'wifi_rssi': -65, 'ac_state': 'off', 'ac_temp': 24, 'ir_codes_learned': 0}
2026-02-10 15:40:13,741 - SmartRoom - INFO - ========================================
2026-02-10 15:40:13,742 - SmartRoom - INFO - Running ML Optimization...
2026-02-10 15:40:13,742 - SmartRoom - INFO -   Occupancy: False | Persons: 0
2026-02-10 15:40:13,860 - ACGeneticOptimizer - INFO - GA Result: {'ac_temperature': 30, 'fan_speed': 2, 'duty_cycle': 0.0, 'should_turn_on': False, 'energy_score': np.float64(0.0), 'comfort_score': 1.0}
2026-02-10 15:40:13,860 - SmartRoom - INFO -   [AC] Temp:30C On:False
2026-02-10 15:40:13,860 - SmartRoom - INFO -   [Lamp] Brightness:0 On:False
2026-02-10 15:40:13,861 - SmartRoom - INFO - ========================================
2026-02-10 15:40:13,997 - SmartRoom - INFO - [AC Status] {'device': 'ac_controller', 'status': 'error', 'detail': 'No IR code for AC OFF', 'uptime': 1294, 'wifi_rssi': -67, 'ac_state': 'off', 'ac_temp': 24, 'ir_codes_learned': 0}
2026-02-10 15:40:13,997 - SmartRoom - INFO - [Lamp Status] {'brightness_pwm': 0, 'brightness_percent': 0, 'mode': 'manual', 'status': 'off'}
2026-02-10 15:40:24,172 - SmartRoom - INFO - STATUS | AC: 26.5C 74.6% | Lamp: 9lux br=0 | Cam: 0ppl | Opts: 96
2026-02-10 15:40:43,861 - SmartRoom - INFO - ========================================
2026-02-10 15:40:43,861 - SmartRoom - INFO - Running ML Optimization...
2026-02-10 15:40:43,861 - SmartRoom - INFO -   Occupancy: False | Persons: 0
2026-02-10 15:40:43,980 - ACGeneticOptimizer - INFO - GA Result: {'ac_temperature': 28, 'fan_speed': 2, 'duty_cycle': 0.0, 'should_turn_on': False, 'energy_score': np.float64(0.0), 'comfort_score': 1.0}
2026-02-10 15:40:43,981 - SmartRoom - INFO -   [AC] Temp:28C On:False
2026-02-10 15:40:43,981 - SmartRoom - INFO -   [Lamp] Brightness:0 On:False
2026-02-10 15:40:43,982 - SmartRoom - INFO - ========================================
2026-02-10 15:40:44,054 - SmartRoom - INFO - [Lamp Status] {'brightness_pwm': 0, 'brightness_percent': 0, 'mode': 'manual', 'status': 'off'}
2026-02-10 15:40:44,095 - SmartRoom - INFO - [AC Status] {'device': 'ac_controller', 'status': 'error', 'detail': 'No IR code for AC OFF', 'uptime': 1324, 'wifi_rssi': -65, 'ac_state': 'off', 'ac_temp': 24, 'ir_codes_learned': 0}
2026-02-10 15:41:13,982 - SmartRoom - INFO - ========================================
2026-02-10 15:41:13,982 - SmartRoom - INFO - Running ML Optimization...
2026-02-10 15:41:13,982 - SmartRoom - INFO -   Occupancy: False | Persons: 0
2026-02-10 15:41:14,069 - ACGeneticOptimizer - INFO - GA Result: {'ac_temperature': 23, 'fan_speed': 1, 'duty_cycle': 0.0, 'should_turn_on': False, 'energy_score': np.float64(0.0), 'comfort_score': 1.0}
2026-02-10 15:41:14,069 - SmartRoom - INFO -   [AC] Temp:23C On:False
2026-02-10 15:41:14,069 - SmartRoom - INFO -   [Lamp] Brightness:0 On:False
2026-02-10 15:41:14,070 - SmartRoom - INFO - ========================================
2026-02-10 15:41:14,137 - SmartRoom - INFO - [AC Status] {'device': 'ac_controller', 'status': 'error', 'detail': 'No IR code for AC OFF', 'uptime': 1354, 'wifi_rssi': -65, 'ac_state': 'off', 'ac_temp': 24, 'ir_codes_learned': 0}
2026-02-10 15:41:14,223 - SmartRoom - INFO - [Lamp Status] {'brightness_pwm': 0, 'brightness_percent': 0, 'mode': 'manual', 'status': 'off'}
2026-02-10 15:41:24,179 - SmartRoom - INFO - STATUS | AC: 26.5C 74.4% | Lamp: 9lux br=0 | Cam: 0ppl | Opts: 98
2026-02-10 15:41:44,070 - SmartRoom - INFO - ========================================
2026-02-10 15:41:44,070 - SmartRoom - INFO - Running ML Optimization...
2026-02-10 15:41:44,070 - SmartRoom - INFO -   Occupancy: False | Persons: 0
2026-02-10 15:41:44,182 - ACGeneticOptimizer - INFO - GA Result: {'ac_temperature': 29, 'fan_speed': 1, 'duty_cycle': 0.0, 'should_turn_on': False, 'energy_score': np.float64(0.0), 'comfort_score': 1.0}
2026-02-10 15:41:44,182 - SmartRoom - INFO -   [AC] Temp:29C On:False
2026-02-10 15:41:44,183 - SmartRoom - INFO -   [Lamp] Brightness:0 On:False
2026-02-10 15:41:44,184 - SmartRoom - INFO - ========================================
2026-02-10 15:41:44,263 - SmartRoom - INFO - [AC Status] {'device': 'ac_controller', 'status': 'error', 'detail': 'No IR code for AC OFF', 'uptime': 1385, 'wifi_rssi': -63, 'ac_state': 'off', 'ac_temp': 24, 'ir_codes_learned': 0}
2026-02-10 15:41:44,281 - SmartRoom - INFO - [Lamp Status] {'brightness_pwm': 0, 'brightness_percent': 0, 'mode': 'manual', 'status': 'off'}
2026-02-10 15:42:14,184 - SmartRoom - INFO - ========================================
2026-02-10 15:42:14,184 - SmartRoom - INFO - Running ML Optimization...
2026-02-10 15:42:14,184 - SmartRoom - INFO -   Occupancy: False | Persons: 0
2026-02-10 15:42:14,265 - ACGeneticOptimizer - INFO - GA Result: {'ac_temperature': 26, 'fan_speed': 3, 'duty_cycle': 0.0, 'should_turn_on': False, 'energy_score': np.float64(0.0), 'comfort_score': 1.0}
2026-02-10 15:42:14,266 - SmartRoom - INFO -   [AC] Temp:26C On:False
2026-02-10 15:42:14,266 - SmartRoom - INFO -   [Lamp] Brightness:0 On:False
2026-02-10 15:42:14,266 - SmartRoom - INFO - ========================================
2026-02-10 15:42:14,332 - SmartRoom - INFO - [Lamp Status] {'brightness_pwm': 0, 'brightness_percent': 0, 'mode': 'manual', 'status': 'off'}
2026-02-10 15:42:14,338 - SmartRoom - INFO - [AC Status] {'device': 'ac_controller', 'status': 'error', 'detail': 'No IR code for AC OFF', 'uptime': 1415, 'wifi_rssi': -63, 'ac_state': 'off', 'ac_temp': 24, 'ir_codes_learned': 0}
2026-02-10 15:42:24,190 - SmartRoom - INFO - STATUS | AC: 26.4C 74.5% | Lamp: 9lux br=0 | Cam: 0ppl | Opts: 100
2026-02-10 15:42:44,267 - SmartRoom - INFO - ========================================
2026-02-10 15:42:44,267 - SmartRoom - INFO - Running ML Optimization...
2026-02-10 15:42:44,267 - SmartRoom - INFO -   Occupancy: False | Persons: 0
2026-02-10 15:42:44,378 - ACGeneticOptimizer - INFO - GA Result: {'ac_temperature': 22, 'fan_speed': 3, 'duty_cycle': 0.0, 'should_turn_on': False, 'energy_score': np.float64(0.0), 'comfort_score': 1.0}
2026-02-10 15:42:44,379 - SmartRoom - INFO -   [AC] Temp:22C On:False
2026-02-10 15:42:44,379 - SmartRoom - INFO -   [Lamp] Brightness:0 On:False
2026-02-10 15:42:44,380 - SmartRoom - INFO - ========================================
2026-02-10 15:42:44,424 - SmartRoom - INFO - [AC Status] {'device': 'ac_controller', 'status': 'error', 'detail': 'No IR code for AC OFF', 'uptime': 1445, 'wifi_rssi': -63, 'ac_state': 'off', 'ac_temp': 24, 'ir_codes_learned': 0}
2026-02-10 15:42:45,904 - SmartRoom - INFO - [Lamp Status] {'brightness_pwm': 0, 'brightness_percent': 0, 'mode': 'manual', 'status': 'off'}
2026-02-10 15:43:14,380 - SmartRoom - INFO - ========================================
2026-02-10 15:43:14,381 - SmartRoom - INFO - Running ML Optimization...
2026-02-10 15:43:14,381 - SmartRoom - INFO -   Occupancy: False | Persons: 0
2026-02-10 15:43:14,502 - ACGeneticOptimizer - INFO - GA Result: {'ac_temperature': 25, 'fan_speed': 3, 'duty_cycle': 0.0, 'should_turn_on': False, 'energy_score': np.float64(0.0), 'comfort_score': 1.0}
2026-02-10 15:43:14,502 - SmartRoom - INFO -   [AC] Temp:25C On:False
2026-02-10 15:43:14,503 - SmartRoom - INFO -   [Lamp] Brightness:0 On:False
2026-02-10 15:43:14,503 - SmartRoom - INFO - ========================================
2026-02-10 15:43:14,580 - SmartRoom - INFO - [Lamp Status] {'brightness_pwm': 0, 'brightness_percent': 0, 'mode': 'manual', 'status': 'off'}
2026-02-10 15:43:14,758 - SmartRoom - INFO - [AC Status] {'device': 'ac_controller', 'status': 'error', 'detail': 'No IR code for AC OFF', 'uptime': 1475, 'wifi_rssi': -67, 'ac_state': 'off', 'ac_temp': 24, 'ir_codes_learned': 0}
2026-02-10 15:43:24,196 - SmartRoom - INFO - STATUS | AC: 26.3C 75.2% | Lamp: 9lux br=0 | Cam: 0ppl | Opts: 102
2026-02-10 15:43:44,503 - SmartRoom - INFO - ========================================
2026-02-10 15:43:44,504 - SmartRoom - INFO - Running ML Optimization...
2026-02-10 15:43:44,504 - SmartRoom - INFO -   Occupancy: False | Persons: 0
2026-02-10 15:43:44,607 - ACGeneticOptimizer - INFO - GA Result: {'ac_temperature': 23, 'fan_speed': 1, 'duty_cycle': 0.0, 'should_turn_on': False, 'energy_score': np.float64(0.0), 'comfort_score': 1.0}
2026-02-10 15:43:44,607 - SmartRoom - INFO -   [AC] Temp:23C On:False
2026-02-10 15:43:44,608 - SmartRoom - INFO -   [Lamp] Brightness:0 On:False
2026-02-10 15:43:44,608 - SmartRoom - INFO - ========================================
2026-02-10 15:43:44,755 - SmartRoom - INFO - [AC Status] {'device': 'ac_controller', 'status': 'error', 'detail': 'No IR code for AC OFF', 'uptime': 1505, 'wifi_rssi': -62, 'ac_state': 'off', 'ac_temp': 24, 'ir_codes_learned': 0}
2026-02-10 15:43:44,799 - SmartRoom - INFO - [Lamp Status] {'brightness_pwm': 0, 'brightness_percent': 0, 'mode': 'manual', 'status': 'off'}
2026-02-10 15:44:14,608 - SmartRoom - INFO - ========================================
2026-02-10 15:44:14,609 - SmartRoom - INFO - Running ML Optimization...
2026-02-10 15:44:14,609 - SmartRoom - INFO -   Occupancy: False | Persons: 0
2026-02-10 15:44:14,694 - ACGeneticOptimizer - INFO - GA Result: {'ac_temperature': 25, 'fan_speed': 2, 'duty_cycle': 0.0, 'should_turn_on': False, 'energy_score': np.float64(0.0), 'comfort_score': 1.0}
2026-02-10 15:44:14,694 - SmartRoom - INFO -   [AC] Temp:25C On:False
2026-02-10 15:44:14,695 - SmartRoom - INFO -   [Lamp] Brightness:0 On:False
2026-02-10 15:44:14,695 - SmartRoom - INFO - ========================================
2026-02-10 15:44:14,853 - SmartRoom - INFO - [AC Status] {'device': 'ac_controller', 'status': 'error', 'detail': 'No IR code for AC OFF', 'uptime': 1535, 'wifi_rssi': -66, 'ac_state': 'off', 'ac_temp': 24, 'ir_codes_learned': 0}
2026-02-10 15:44:14,854 - SmartRoom - INFO - [Lamp Status] {'brightness_pwm': 0, 'brightness_percent': 0, 'mode': 'manual', 'status': 'off'}
2026-02-10 15:44:24,207 - SmartRoom - INFO - STATUS | AC: 26.4C 74.6% | Lamp: 8lux br=0 | Cam: 0ppl | Opts: 104
2026-02-10 15:44:44,696 - SmartRoom - INFO - ========================================
2026-02-10 15:44:44,696 - SmartRoom - INFO - Running ML Optimization...
2026-02-10 15:44:44,696 - SmartRoom - INFO -   Occupancy: False | Persons: 0
2026-02-10 15:44:44,808 - ACGeneticOptimizer - INFO - GA Result: {'ac_temperature': 21, 'fan_speed': 2, 'duty_cycle': 0.0, 'should_turn_on': False, 'energy_score': np.float64(0.0), 'comfort_score': 1.0}
2026-02-10 15:44:44,808 - SmartRoom - INFO -   [AC] Temp:21C On:False
2026-02-10 15:44:44,808 - SmartRoom - INFO -   [Lamp] Brightness:0 On:False
2026-02-10 15:44:44,808 - SmartRoom - INFO - ========================================
2026-02-10 15:44:45,131 - SmartRoom - INFO - [Lamp Status] {'brightness_pwm': 0, 'brightness_percent': 0, 'mode': 'manual', 'status': 'off'}
2026-02-10 15:44:45,232 - SmartRoom - INFO - [AC Status] {'device': 'ac_controller', 'status': 'error', 'detail': 'No IR code for AC OFF', 'uptime': 1565, 'wifi_rssi': -65, 'ac_state': 'off', 'ac_temp': 24, 'ir_codes_learned': 0}
2026-02-10 15:45:14,809 - SmartRoom - INFO - ========================================
2026-02-10 15:45:14,809 - SmartRoom - INFO - Running ML Optimization...
2026-02-10 15:45:14,809 - SmartRoom - INFO -   Occupancy: False | Persons: 0
2026-02-10 15:45:14,923 - ACGeneticOptimizer - INFO - GA Result: {'ac_temperature': 27, 'fan_speed': 3, 'duty_cycle': 0.0, 'should_turn_on': False, 'energy_score': np.float64(0.0), 'comfort_score': 1.0}
2026-02-10 15:45:14,924 - SmartRoom - INFO -   [AC] Temp:27C On:False
2026-02-10 15:45:14,925 - SmartRoom - INFO -   [Lamp] Brightness:0 On:False
2026-02-10 15:45:14,925 - SmartRoom - INFO - ========================================
2026-02-10 15:45:14,988 - SmartRoom - INFO - [Lamp Status] {'brightness_pwm': 0, 'brightness_percent': 0, 'mode': 'manual', 'status': 'off'}
2026-02-10 15:45:15,082 - SmartRoom - INFO - [AC Status] {'device': 'ac_controller', 'status': 'error', 'detail': 'No IR code for AC OFF', 'uptime': 1595, 'wifi_rssi': -64, 'ac_state': 'off', 'ac_temp': 24, 'ir_codes_learned': 0}
2026-02-10 15:45:24,212 - SmartRoom - INFO - STATUS | AC: 26.5C 73.7% | Lamp: 8lux br=0 | Cam: 0ppl | Opts: 106
2026-02-10 15:45:44,926 - SmartRoom - INFO - ========================================
2026-02-10 15:45:44,926 - SmartRoom - INFO - Running ML Optimization...
2026-02-10 15:45:44,926 - SmartRoom - INFO -   Occupancy: False | Persons: 0
2026-02-10 15:45:45,048 - ACGeneticOptimizer - INFO - GA Result: {'ac_temperature': 28, 'fan_speed': 3, 'duty_cycle': 0.0, 'should_turn_on': False, 'energy_score': np.float64(0.0), 'comfort_score': 1.0}
2026-02-10 15:45:45,049 - SmartRoom - INFO -   [AC] Temp:28C On:False
2026-02-10 15:45:45,049 - SmartRoom - INFO -   [Lamp] Brightness:0 On:False
2026-02-10 15:45:45,050 - SmartRoom - INFO - ========================================
2026-02-10 15:45:45,107 - SmartRoom - INFO - [AC Status] {'device': 'ac_controller', 'status': 'error', 'detail': 'No IR code for AC OFF', 'uptime': 1625, 'wifi_rssi': -68, 'ac_state': 'off', 'ac_temp': 24, 'ir_codes_learned': 0}
2026-02-10 15:45:46,094 - SmartRoom - INFO - [Lamp Status] {'brightness_pwm': 0, 'brightness_percent': 0, 'mode': 'manual', 'status': 'off'}
2026-02-10 15:46:15,051 - SmartRoom - INFO - ========================================
2026-02-10 15:46:15,052 - SmartRoom - INFO - Running ML Optimization...
2026-02-10 15:46:15,052 - SmartRoom - INFO -   Occupancy: False | Persons: 0
2026-02-10 15:46:15,167 - ACGeneticOptimizer - INFO - GA Result: {'ac_temperature': 17, 'fan_speed': 2, 'duty_cycle': 0.0, 'should_turn_on': False, 'energy_score': np.float64(0.0), 'comfort_score': 1.0}
2026-02-10 15:46:15,167 - SmartRoom - INFO -   [AC] Temp:17C On:False
2026-02-10 15:46:15,168 - SmartRoom - INFO -   [Lamp] Brightness:0 On:False
2026-02-10 15:46:15,168 - SmartRoom - INFO - ========================================
2026-02-10 15:46:15,235 - SmartRoom - INFO - [AC Status] {'device': 'ac_controller', 'status': 'error', 'detail': 'No IR code for AC OFF', 'uptime': 1656, 'wifi_rssi': -62, 'ac_state': 'off', 'ac_temp': 24, 'ir_codes_learned': 0}
2026-02-10 15:46:15,252 - SmartRoom - INFO - [Lamp Status] {'brightness_pwm': 0, 'brightness_percent': 0, 'mode': 'manual', 'status': 'off'}
2026-02-10 15:46:24,218 - SmartRoom - INFO - STATUS | AC: 26.5C 73.5% | Lamp: 9lux br=0 | Cam: 0ppl | Opts: 108
2026-02-10 15:46:45,169 - SmartRoom - INFO - ========================================
2026-02-10 15:46:45,169 - SmartRoom - INFO - Running ML Optimization...
2026-02-10 15:46:45,169 - SmartRoom - INFO -   Occupancy: False | Persons: 0
2026-02-10 15:46:45,290 - ACGeneticOptimizer - INFO - GA Result: {'ac_temperature': 17, 'fan_speed': 3, 'duty_cycle': 0.0, 'should_turn_on': False, 'energy_score': np.float64(0.0), 'comfort_score': 1.0}
2026-02-10 15:46:45,291 - SmartRoom - INFO -   [AC] Temp:17C On:False
2026-02-10 15:46:45,291 - SmartRoom - INFO -   [Lamp] Brightness:0 On:False
2026-02-10 15:46:45,291 - SmartRoom - INFO - ========================================
2026-02-10 15:46:45,397 - SmartRoom - INFO - [AC Status] {'device': 'ac_controller', 'status': 'error', 'detail': 'No IR code for AC OFF', 'uptime': 1686, 'wifi_rssi': -71, 'ac_state': 'off', 'ac_temp': 24, 'ir_codes_learned': 0}
2026-02-10 15:46:45,398 - SmartRoom - INFO - [Lamp Status] {'brightness_pwm': 0, 'brightness_percent': 0, 'mode': 'manual', 'status': 'off'}
2026-02-10 15:47:15,292 - SmartRoom - INFO - ========================================
2026-02-10 15:47:15,292 - SmartRoom - INFO - Running ML Optimization...
2026-02-10 15:47:15,292 - SmartRoom - INFO -   Occupancy: False | Persons: 0
2026-02-10 15:47:15,385 - ACGeneticOptimizer - INFO - GA Result: {'ac_temperature': 23, 'fan_speed': 2, 'duty_cycle': 0.0, 'should_turn_on': False, 'energy_score': np.float64(0.0), 'comfort_score': 1.0}
2026-02-10 15:47:15,385 - SmartRoom - INFO -   [AC] Temp:23C On:False
2026-02-10 15:47:15,386 - SmartRoom - INFO -   [Lamp] Brightness:0 On:False
2026-02-10 15:47:15,386 - SmartRoom - INFO - ========================================
2026-02-10 15:47:15,464 - SmartRoom - INFO - [AC Status] {'device': 'ac_controller', 'status': 'error', 'detail': 'No IR code for AC OFF', 'uptime': 1716, 'wifi_rssi': -71, 'ac_state': 'off', 'ac_temp': 24, 'ir_codes_learned': 0}
2026-02-10 15:47:15,492 - SmartRoom - INFO - [Lamp Status] {'brightness_pwm': 0, 'brightness_percent': 0, 'mode': 'manual', 'status': 'off'}
2026-02-10 15:47:24,228 - SmartRoom - INFO - STATUS | AC: 26.5C 72.5% | Lamp: 9lux br=0 | Cam: 0ppl | Opts: 110
2026-02-10 15:47:45,387 - SmartRoom - INFO - ========================================
2026-02-10 15:47:45,387 - SmartRoom - INFO - Running ML Optimization...
2026-02-10 15:47:45,387 - SmartRoom - INFO -   Occupancy: False | Persons: 0
2026-02-10 15:47:45,508 - ACGeneticOptimizer - INFO - GA Result: {'ac_temperature': 27, 'fan_speed': 1, 'duty_cycle': 0.0, 'should_turn_on': False, 'energy_score': np.float64(0.0), 'comfort_score': 1.0}
2026-02-10 15:47:45,508 - SmartRoom - INFO -   [AC] Temp:27C On:False
2026-02-10 15:47:45,508 - SmartRoom - INFO -   [Lamp] Brightness:0 On:False
2026-02-10 15:47:45,508 - SmartRoom - INFO - ========================================
2026-02-10 15:47:45,712 - SmartRoom - INFO - [AC Status] {'device': 'ac_controller', 'status': 'error', 'detail': 'No IR code for AC OFF', 'uptime': 1746, 'wifi_rssi': -71, 'ac_state': 'off', 'ac_temp': 24, 'ir_codes_learned': 0}
2026-02-10 15:47:45,712 - SmartRoom - INFO - [Lamp Status] {'brightness_pwm': 0, 'brightness_percent': 0, 'mode': 'manual', 'status': 'off'}
2026-02-10 15:48:15,509 - SmartRoom - INFO - ========================================
2026-02-10 15:48:15,509 - SmartRoom - INFO - Running ML Optimization...
2026-02-10 15:48:15,509 - SmartRoom - INFO -   Occupancy: False | Persons: 0
2026-02-10 15:48:15,618 - ACGeneticOptimizer - INFO - GA Result: {'ac_temperature': 17, 'fan_speed': 2, 'duty_cycle': 0.0, 'should_turn_on': False, 'energy_score': np.float64(0.0), 'comfort_score': 1.0}
2026-02-10 15:48:15,618 - SmartRoom - INFO -   [AC] Temp:17C On:False
2026-02-10 15:48:15,618 - SmartRoom - INFO -   [Lamp] Brightness:0 On:False
2026-02-10 15:48:15,619 - SmartRoom - INFO - ========================================
2026-02-10 15:48:15,660 - SmartRoom - INFO - [AC Status] {'device': 'ac_controller', 'status': 'error', 'detail': 'No IR code for AC OFF', 'uptime': 1776, 'wifi_rssi': -66, 'ac_state': 'off', 'ac_temp': 24, 'ir_codes_learned': 0}
2026-02-10 15:48:15,665 - SmartRoom - INFO - [Lamp Status] {'brightness_pwm': 0, 'brightness_percent': 0, 'mode': 'manual', 'status': 'off'}
2026-02-10 15:48:24,234 - SmartRoom - INFO - STATUS | AC: 26.4C 72.4% | Lamp: 9lux br=0 | Cam: 0ppl | Opts: 112
2026-02-10 15:48:45,619 - SmartRoom - INFO - ========================================
2026-02-10 15:48:45,619 - SmartRoom - INFO - Running ML Optimization...
2026-02-10 15:48:45,619 - SmartRoom - INFO -   Occupancy: False | Persons: 0
2026-02-10 15:48:45,708 - ACGeneticOptimizer - INFO - GA Result: {'ac_temperature': 16, 'fan_speed': 3, 'duty_cycle': 0.0, 'should_turn_on': False, 'energy_score': np.float64(0.0), 'comfort_score': 1.0}
2026-02-10 15:48:45,709 - SmartRoom - INFO -   [AC] Temp:16C On:False
2026-02-10 15:48:45,709 - SmartRoom - INFO -   [Lamp] Brightness:0 On:False
2026-02-10 15:48:45,710 - SmartRoom - INFO - ========================================
2026-02-10 15:48:45,779 - SmartRoom - INFO - [AC Status] {'device': 'ac_controller', 'status': 'error', 'detail': 'No IR code for AC OFF', 'uptime': 1806, 'wifi_rssi': -68, 'ac_state': 'off', 'ac_temp': 24, 'ir_codes_learned': 0}
2026-02-10 15:48:45,812 - SmartRoom - INFO - [Lamp Status] {'brightness_pwm': 0, 'brightness_percent': 0, 'mode': 'manual', 'status': 'off'}
2026-02-10 15:49:15,711 - SmartRoom - INFO - ========================================
2026-02-10 15:49:15,711 - SmartRoom - INFO - Running ML Optimization...
2026-02-10 15:49:15,711 - SmartRoom - INFO -   Occupancy: False | Persons: 0
2026-02-10 15:49:15,799 - ACGeneticOptimizer - INFO - GA Result: {'ac_temperature': 28, 'fan_speed': 1, 'duty_cycle': 0.0, 'should_turn_on': False, 'energy_score': np.float64(0.0), 'comfort_score': 1.0}
2026-02-10 15:49:15,800 - SmartRoom - INFO -   [AC] Temp:28C On:False
2026-02-10 15:49:15,800 - SmartRoom - INFO -   [Lamp] Brightness:0 On:False
2026-02-10 15:49:15,801 - SmartRoom - INFO - ========================================
2026-02-10 15:49:16,082 - SmartRoom - INFO - [AC Status] {'device': 'ac_controller', 'status': 'error', 'detail': 'No IR code for AC OFF', 'uptime': 1836, 'wifi_rssi': -69, 'ac_state': 'off', 'ac_temp': 24, 'ir_codes_learned': 0}
2026-02-10 15:49:16,083 - SmartRoom - INFO - [Lamp Status] {'brightness_pwm': 0, 'brightness_percent': 0, 'mode': 'manual', 'status': 'off'}
2026-02-10 15:49:24,239 - SmartRoom - INFO - STATUS | AC: 26.4C 72.1% | Lamp: 10lux br=0 | Cam: 0ppl | Opts: 114
2026-02-10 15:49:45,801 - SmartRoom - INFO - ========================================
2026-02-10 15:49:45,801 - SmartRoom - INFO - Running ML Optimization...
2026-02-10 15:49:45,801 - SmartRoom - INFO -   Occupancy: False | Persons: 0
2026-02-10 15:49:45,927 - ACGeneticOptimizer - INFO - GA Result: {'ac_temperature': 26, 'fan_speed': 1, 'duty_cycle': 0.0, 'should_turn_on': False, 'energy_score': np.float64(0.0), 'comfort_score': 1.0}
2026-02-10 15:49:45,927 - SmartRoom - INFO -   [AC] Temp:26C On:False
2026-02-10 15:49:45,928 - SmartRoom - INFO -   [Lamp] Brightness:0 On:False
2026-02-10 15:49:45,928 - SmartRoom - INFO - ========================================
2026-02-10 15:49:45,993 - SmartRoom - INFO - [Lamp Status] {'brightness_pwm': 0, 'brightness_percent': 0, 'mode': 'manual', 'status': 'off'}
2026-02-10 15:49:46,005 - SmartRoom - INFO - [AC Status] {'device': 'ac_controller', 'status': 'error', 'detail': 'No IR code for AC OFF', 'uptime': 1866, 'wifi_rssi': -66, 'ac_state': 'off', 'ac_temp': 24, 'ir_codes_learned': 0}
2026-02-10 15:50:15,928 - SmartRoom - INFO - ========================================
2026-02-10 15:50:15,929 - SmartRoom - INFO - Running ML Optimization...
2026-02-10 15:50:15,929 - SmartRoom - INFO -   Occupancy: False | Persons: 0
2026-02-10 15:50:16,016 - ACGeneticOptimizer - INFO - GA Result: {'ac_temperature': 24, 'fan_speed': 3, 'duty_cycle': 0.0, 'should_turn_on': False, 'energy_score': np.float64(0.0), 'comfort_score': 1.0}
2026-02-10 15:50:16,016 - SmartRoom - INFO -   [AC] Temp:24C On:False
2026-02-10 15:50:16,017 - SmartRoom - INFO -   [Lamp] Brightness:0 On:False
2026-02-10 15:50:16,017 - SmartRoom - INFO - ========================================
2026-02-10 15:50:16,104 - SmartRoom - INFO - [AC Status] {'device': 'ac_controller', 'status': 'error', 'detail': 'No IR code for AC OFF', 'uptime': 1896, 'wifi_rssi': -69, 'ac_state': 'off', 'ac_temp': 24, 'ir_codes_learned': 0}
2026-02-10 15:50:16,136 - SmartRoom - INFO - [Lamp Status] {'brightness_pwm': 0, 'brightness_percent': 0, 'mode': 'manual', 'status': 'off'}
2026-02-10 15:50:24,245 - SmartRoom - INFO - STATUS | AC: 26.4C 71.8% | Lamp: 10lux br=0 | Cam: 0ppl | Opts: 116
2026-02-10 15:50:46,017 - SmartRoom - INFO - ========================================
2026-02-10 15:50:46,017 - SmartRoom - INFO - Running ML Optimization...
2026-02-10 15:50:46,017 - SmartRoom - INFO -   Occupancy: False | Persons: 0
2026-02-10 15:50:46,113 - ACGeneticOptimizer - INFO - GA Result: {'ac_temperature': 29, 'fan_speed': 3, 'duty_cycle': 0.0, 'should_turn_on': False, 'energy_score': np.float64(0.0), 'comfort_score': 1.0}
2026-02-10 15:50:46,113 - SmartRoom - INFO -   [AC] Temp:29C On:False
2026-02-10 15:50:46,113 - SmartRoom - INFO -   [Lamp] Brightness:0 On:False
2026-02-10 15:50:46,113 - SmartRoom - INFO - ========================================
2026-02-10 15:50:46,172 - SmartRoom - INFO - [AC Status] {'device': 'ac_controller', 'status': 'error', 'detail': 'No IR code for AC OFF', 'uptime': 1926, 'wifi_rssi': -65, 'ac_state': 'off', 'ac_temp': 24, 'ir_codes_learned': 0}
2026-02-10 15:50:46,211 - SmartRoom - INFO - [Lamp Status] {'brightness_pwm': 0, 'brightness_percent': 0, 'mode': 'manual', 'status': 'off'}
2026-02-10 15:51:16,114 - SmartRoom - INFO - ========================================
2026-02-10 15:51:16,114 - SmartRoom - INFO - Running ML Optimization...
2026-02-10 15:51:16,114 - SmartRoom - INFO -   Occupancy: False | Persons: 0
2026-02-10 15:51:16,222 - ACGeneticOptimizer - INFO - GA Result: {'ac_temperature': 26, 'fan_speed': 1, 'duty_cycle': 0.0, 'should_turn_on': False, 'energy_score': np.float64(0.0), 'comfort_score': 1.0}
2026-02-10 15:51:16,223 - SmartRoom - INFO -   [AC] Temp:26C On:False
2026-02-10 15:51:16,224 - SmartRoom - INFO -   [Lamp] Brightness:0 On:False
2026-02-10 15:51:16,224 - SmartRoom - INFO - ========================================
2026-02-10 15:51:16,299 - SmartRoom - INFO - [AC Status] {'device': 'ac_controller', 'status': 'error', 'detail': 'No IR code for AC OFF', 'uptime': 1957, 'wifi_rssi': -71, 'ac_state': 'off', 'ac_temp': 24, 'ir_codes_learned': 0}
2026-02-10 15:51:16,472 - SmartRoom - INFO - [Lamp Status] {'brightness_pwm': 0, 'brightness_percent': 0, 'mode': 'manual', 'status': 'off'}
2026-02-10 15:51:24,250 - SmartRoom - INFO - STATUS | AC: 26.4C 71.7% | Lamp: 10lux br=0 | Cam: 0ppl | Opts: 118
2026-02-10 15:51:46,224 - SmartRoom - INFO - ========================================
2026-02-10 15:51:46,225 - SmartRoom - INFO - Running ML Optimization...
2026-02-10 15:51:46,225 - SmartRoom - INFO -   Occupancy: False | Persons: 0
2026-02-10 15:51:46,338 - ACGeneticOptimizer - INFO - GA Result: {'ac_temperature': 27, 'fan_speed': 2, 'duty_cycle': 0.0, 'should_turn_on': False, 'energy_score': np.float64(0.0), 'comfort_score': 1.0}
2026-02-10 15:51:46,339 - SmartRoom - INFO -   [AC] Temp:27C On:False
2026-02-10 15:51:46,340 - SmartRoom - INFO -   [Lamp] Brightness:0 On:False
2026-02-10 15:51:46,341 - SmartRoom - INFO - ========================================
2026-02-10 15:51:46,604 - SmartRoom - INFO - [AC Status] {'device': 'ac_controller', 'status': 'online', 'detail': 'AC Controller connected', 'uptime': 1987, 'wifi_rssi': -66, 'ac_state': 'off', 'ac_temp': 24, 'ir_codes_learned': 0}
2026-02-10 15:51:54,642 - SmartRoom - INFO - [Lamp Status] {'brightness_pwm': 0, 'brightness_percent': 0, 'mode': 'manual', 'status': 'off'}
2026-02-10 15:52:16,341 - SmartRoom - INFO - ========================================
2026-02-10 15:52:16,341 - SmartRoom - INFO - Running ML Optimization...
2026-02-10 15:52:16,341 - SmartRoom - INFO -   Occupancy: False | Persons: 0
2026-02-10 15:52:16,453 - ACGeneticOptimizer - INFO - GA Result: {'ac_temperature': 16, 'fan_speed': 3, 'duty_cycle': 0.0, 'should_turn_on': False, 'energy_score': np.float64(0.0), 'comfort_score': 1.0}
2026-02-10 15:52:16,453 - SmartRoom - INFO -   [AC] Temp:16C On:False
2026-02-10 15:52:16,454 - SmartRoom - INFO -   [Lamp] Brightness:0 On:False
2026-02-10 15:52:16,454 - SmartRoom - INFO - ========================================
2026-02-10 15:52:16,606 - SmartRoom - INFO - [AC Status] {'device': 'ac_controller', 'status': 'error', 'detail': 'No IR code for AC OFF', 'uptime': 2017, 'wifi_rssi': -67, 'ac_state': 'off', 'ac_temp': 24, 'ir_codes_learned': 0}
2026-02-10 15:52:16,641 - SmartRoom - INFO - [Lamp Status] {'brightness_pwm': 0, 'brightness_percent': 0, 'mode': 'manual', 'status': 'off'}
2026-02-10 15:52:24,260 - SmartRoom - INFO - STATUS | AC: 26.5C 71.2% | Lamp: 10lux br=0 | Cam: 0ppl | Opts: 120
2026-02-10 15:52:46,455 - SmartRoom - INFO - ========================================
2026-02-10 15:52:46,455 - SmartRoom - INFO - Running ML Optimization...
2026-02-10 15:52:46,455 - SmartRoom - INFO -   Occupancy: False | Persons: 0
2026-02-10 15:52:46,573 - ACGeneticOptimizer - INFO - GA Result: {'ac_temperature': 29, 'fan_speed': 1, 'duty_cycle': 0.0, 'should_turn_on': False, 'energy_score': np.float64(0.0), 'comfort_score': 1.0}
2026-02-10 15:52:46,573 - SmartRoom - INFO -   [AC] Temp:29C On:False
2026-02-10 15:52:46,574 - SmartRoom - INFO -   [Lamp] Brightness:0 On:False
2026-02-10 15:52:46,574 - SmartRoom - INFO - ========================================
2026-02-10 15:52:46,620 - SmartRoom - INFO - [AC Status] {'device': 'ac_controller', 'status': 'error', 'detail': 'No IR code for AC OFF', 'uptime': 2047, 'wifi_rssi': -71, 'ac_state': 'off', 'ac_temp': 24, 'ir_codes_learned': 0}
2026-02-10 15:52:46,639 - SmartRoom - INFO - [Lamp Status] {'brightness_pwm': 0, 'brightness_percent': 0, 'mode': 'manual', 'status': 'off'}
2026-02-10 15:53:16,574 - SmartRoom - INFO - ========================================
2026-02-10 15:53:16,575 - SmartRoom - INFO - Running ML Optimization...
2026-02-10 15:53:16,575 - SmartRoom - INFO -   Occupancy: False | Persons: 0
2026-02-10 15:53:16,658 - ACGeneticOptimizer - INFO - GA Result: {'ac_temperature': 25, 'fan_speed': 1, 'duty_cycle': 0.0, 'should_turn_on': False, 'energy_score': np.float64(0.0), 'comfort_score': 1.0}
2026-02-10 15:53:16,659 - SmartRoom - INFO -   [AC] Temp:25C On:False
2026-02-10 15:53:16,659 - SmartRoom - INFO -   [Lamp] Brightness:0 On:False
2026-02-10 15:53:16,659 - SmartRoom - INFO - ========================================
2026-02-10 15:53:16,704 - SmartRoom - INFO - [AC Status] {'device': 'ac_controller', 'status': 'error', 'detail': 'No IR code for AC OFF', 'uptime': 2077, 'wifi_rssi': -63, 'ac_state': 'off', 'ac_temp': 24, 'ir_codes_learned': 0}
2026-02-10 15:53:16,706 - SmartRoom - INFO - [Lamp Status] {'brightness_pwm': 0, 'brightness_percent': 0, 'mode': 'manual', 'status': 'off'}
2026-02-10 15:53:24,264 - SmartRoom - INFO - STATUS | AC: 26.5C 71.0% | Lamp: 10lux br=0 | Cam: 0ppl | Opts: 122
2026-02-10 15:53:46,660 - SmartRoom - INFO - ========================================
2026-02-10 15:53:46,660 - SmartRoom - INFO - Running ML Optimization...
2026-02-10 15:53:46,660 - SmartRoom - INFO -   Occupancy: False | Persons: 0
2026-02-10 15:53:46,746 - ACGeneticOptimizer - INFO - GA Result: {'ac_temperature': 23, 'fan_speed': 3, 'duty_cycle': 0.0, 'should_turn_on': False, 'energy_score': np.float64(0.0), 'comfort_score': 1.0}
2026-02-10 15:53:46,746 - SmartRoom - INFO -   [AC] Temp:23C On:False
2026-02-10 15:53:46,746 - SmartRoom - INFO -   [Lamp] Brightness:0 On:False
2026-02-10 15:53:46,747 - SmartRoom - INFO - ========================================
2026-02-10 15:53:46,790 - SmartRoom - INFO - [AC Status] {'device': 'ac_controller', 'status': 'error', 'detail': 'No IR code for AC OFF', 'uptime': 2107, 'wifi_rssi': -66, 'ac_state': 'off', 'ac_temp': 24, 'ir_codes_learned': 0}
2026-02-10 15:53:46,847 - SmartRoom - INFO - [Lamp Status] {'brightness_pwm': 0, 'brightness_percent': 0, 'mode': 'manual', 'status': 'off'}
2026-02-10 15:54:16,747 - SmartRoom - INFO - ========================================
2026-02-10 15:54:16,747 - SmartRoom - INFO - Running ML Optimization...
2026-02-10 15:54:16,747 - SmartRoom - INFO -   Occupancy: False | Persons: 0
2026-02-10 15:54:16,839 - ACGeneticOptimizer - INFO - GA Result: {'ac_temperature': 20, 'fan_speed': 1, 'duty_cycle': 0.0, 'should_turn_on': False, 'energy_score': np.float64(0.0), 'comfort_score': 1.0}
2026-02-10 15:54:16,840 - SmartRoom - INFO -   [AC] Temp:20C On:False
2026-02-10 15:54:16,841 - SmartRoom - INFO -   [Lamp] Brightness:0 On:False
2026-02-10 15:54:16,841 - SmartRoom - INFO - ========================================
2026-02-10 15:54:17,018 - SmartRoom - INFO - [AC Status] {'device': 'ac_controller', 'status': 'error', 'detail': 'No IR code for AC OFF', 'uptime': 2137, 'wifi_rssi': -63, 'ac_state': 'off', 'ac_temp': 24, 'ir_codes_learned': 0}
2026-02-10 15:54:17,024 - SmartRoom - INFO - [Lamp Status] {'brightness_pwm': 0, 'brightness_percent': 0, 'mode': 'manual', 'status': 'off'}
2026-02-10 15:54:24,269 - SmartRoom - INFO - STATUS | AC: 26.5C 70.7% | Lamp: 10lux br=0 | Cam: 0ppl | Opts: 124
2026-02-10 15:54:46,842 - SmartRoom - INFO - ========================================
2026-02-10 15:54:46,842 - SmartRoom - INFO - Running ML Optimization...
2026-02-10 15:54:46,842 - SmartRoom - INFO -   Occupancy: False | Persons: 0
2026-02-10 15:54:46,940 - ACGeneticOptimizer - INFO - GA Result: {'ac_temperature': 26, 'fan_speed': 3, 'duty_cycle': 0.0, 'should_turn_on': False, 'energy_score': np.float64(0.0), 'comfort_score': 1.0}
2026-02-10 15:54:46,940 - SmartRoom - INFO -   [AC] Temp:26C On:False
2026-02-10 15:54:46,941 - SmartRoom - INFO -   [Lamp] Brightness:0 On:False
2026-02-10 15:54:46,942 - SmartRoom - INFO - ========================================
2026-02-10 15:54:47,045 - SmartRoom - INFO - [AC Status] {'device': 'ac_controller', 'status': 'error', 'detail': 'No IR code for AC OFF', 'uptime': 2167, 'wifi_rssi': -61, 'ac_state': 'off', 'ac_temp': 24, 'ir_codes_learned': 0}
2026-02-10 15:54:47,045 - SmartRoom - INFO - [Lamp Status] {'brightness_pwm': 0, 'brightness_percent': 0, 'mode': 'manual', 'status': 'off'}
2026-02-10 15:55:16,943 - SmartRoom - INFO - ========================================
2026-02-10 15:55:16,943 - SmartRoom - INFO - Running ML Optimization...
2026-02-10 15:55:16,943 - SmartRoom - INFO -   Occupancy: False | Persons: 0
2026-02-10 15:55:17,065 - ACGeneticOptimizer - INFO - GA Result: {'ac_temperature': 18, 'fan_speed': 3, 'duty_cycle': 0.0, 'should_turn_on': False, 'energy_score': np.float64(0.0), 'comfort_score': 1.0}
2026-02-10 15:55:17,065 - SmartRoom - INFO -   [AC] Temp:18C On:False
2026-02-10 15:55:17,066 - SmartRoom - INFO -   [Lamp] Brightness:0 On:False
2026-02-10 15:55:17,067 - SmartRoom - INFO - ========================================
2026-02-10 15:55:17,112 - SmartRoom - INFO - [AC Status] {'device': 'ac_controller', 'status': 'error', 'detail': 'No IR code for AC OFF', 'uptime': 2197, 'wifi_rssi': -62, 'ac_state': 'off', 'ac_temp': 24, 'ir_codes_learned': 0}
2026-02-10 15:55:17,114 - SmartRoom - INFO - [Lamp Status] {'brightness_pwm': 0, 'brightness_percent': 0, 'mode': 'manual', 'status': 'off'}
2026-02-10 15:55:24,277 - SmartRoom - INFO - STATUS | AC: 26.4C 70.3% | Lamp: 9lux br=0 | Cam: 0ppl | Opts: 126
2026-02-10 15:55:47,067 - SmartRoom - INFO - ========================================
2026-02-10 15:55:47,070 - SmartRoom - INFO - Running ML Optimization...
2026-02-10 15:55:47,070 - SmartRoom - INFO -   Occupancy: False | Persons: 0
2026-02-10 15:55:47,187 - ACGeneticOptimizer - INFO - GA Result: {'ac_temperature': 27, 'fan_speed': 2, 'duty_cycle': 0.0, 'should_turn_on': False, 'energy_score': np.float64(0.0), 'comfort_score': 1.0}
2026-02-10 15:55:47,187 - SmartRoom - INFO -   [AC] Temp:27C On:False
2026-02-10 15:55:47,188 - SmartRoom - INFO -   [Lamp] Brightness:0 On:False
2026-02-10 15:55:47,189 - SmartRoom - INFO - ========================================
2026-02-10 15:55:47,291 - SmartRoom - INFO - [Lamp Status] {'brightness_pwm': 0, 'brightness_percent': 0, 'mode': 'manual', 'status': 'off'}
2026-02-10 15:55:47,445 - SmartRoom - INFO - [AC Status] {'device': 'ac_controller', 'status': 'error', 'detail': 'No IR code for AC OFF', 'uptime': 2228, 'wifi_rssi': -64, 'ac_state': 'off', 'ac_temp': 24, 'ir_codes_learned': 0}
2026-02-10 15:56:17,189 - SmartRoom - INFO - ========================================
2026-02-10 15:56:17,189 - SmartRoom - INFO - Running ML Optimization...
2026-02-10 15:56:17,189 - SmartRoom - INFO -   Occupancy: False | Persons: 0
2026-02-10 15:56:17,285 - ACGeneticOptimizer - INFO - GA Result: {'ac_temperature': 26, 'fan_speed': 2, 'duty_cycle': 0.0, 'should_turn_on': False, 'energy_score': np.float64(0.0), 'comfort_score': 1.0}
2026-02-10 15:56:17,286 - SmartRoom - INFO -   [AC] Temp:26C On:False
2026-02-10 15:56:17,287 - SmartRoom - INFO -   [Lamp] Brightness:0 On:False
2026-02-10 15:56:17,287 - SmartRoom - INFO - ========================================
2026-02-10 15:56:17,351 - SmartRoom - INFO - [AC Status] {'device': 'ac_controller', 'status': 'error', 'detail': 'No IR code for AC OFF', 'uptime': 2258, 'wifi_rssi': -64, 'ac_state': 'off', 'ac_temp': 24, 'ir_codes_learned': 0}
2026-02-10 15:56:17,352 - SmartRoom - INFO - [Lamp Status] {'brightness_pwm': 0, 'brightness_percent': 0, 'mode': 'manual', 'status': 'off'}
2026-02-10 15:56:24,288 - SmartRoom - INFO - STATUS | AC: 26.4C 70.3% | Lamp: 9lux br=0 | Cam: 0ppl | Opts: 128
2026-02-10 15:56:47,288 - SmartRoom - INFO - ========================================
2026-02-10 15:56:47,288 - SmartRoom - INFO - Running ML Optimization...
2026-02-10 15:56:47,288 - SmartRoom - INFO -   Occupancy: False | Persons: 0
2026-02-10 15:56:47,377 - ACGeneticOptimizer - INFO - GA Result: {'ac_temperature': 29, 'fan_speed': 1, 'duty_cycle': 0.0, 'should_turn_on': False, 'energy_score': np.float64(0.0), 'comfort_score': 1.0}
2026-02-10 15:56:47,378 - SmartRoom - INFO -   [AC] Temp:29C On:False
2026-02-10 15:56:47,378 - SmartRoom - INFO -   [Lamp] Brightness:0 On:False
2026-02-10 15:56:47,379 - SmartRoom - INFO - ========================================
2026-02-10 15:56:47,763 - SmartRoom - INFO - [Lamp Status] {'brightness_pwm': 0, 'brightness_percent': 0, 'mode': 'manual', 'status': 'off'}
2026-02-10 15:56:47,763 - SmartRoom - INFO - [AC Status] {'device': 'ac_controller', 'status': 'error', 'detail': 'No IR code for AC OFF', 'uptime': 2288, 'wifi_rssi': -64, 'ac_state': 'off', 'ac_temp': 24, 'ir_codes_learned': 0}
2026-02-10 15:57:17,379 - SmartRoom - INFO - ========================================
2026-02-10 15:57:17,379 - SmartRoom - INFO - Running ML Optimization...
2026-02-10 15:57:17,379 - SmartRoom - INFO -   Occupancy: False | Persons: 0
2026-02-10 15:57:17,467 - ACGeneticOptimizer - INFO - GA Result: {'ac_temperature': 22, 'fan_speed': 1, 'duty_cycle': 0.0, 'should_turn_on': False, 'energy_score': np.float64(0.0), 'comfort_score': 1.0}
2026-02-10 15:57:17,467 - SmartRoom - INFO -   [AC] Temp:22C On:False
2026-02-10 15:57:17,468 - SmartRoom - INFO -   [Lamp] Brightness:0 On:False
2026-02-10 15:57:17,469 - SmartRoom - INFO - ========================================
2026-02-10 15:57:17,512 - SmartRoom - INFO - [AC Status] {'device': 'ac_controller', 'status': 'error', 'detail': 'No IR code for AC OFF', 'uptime': 2318, 'wifi_rssi': -66, 'ac_state': 'off', 'ac_temp': 24, 'ir_codes_learned': 0}
2026-02-10 15:57:18,398 - SmartRoom - INFO - [Lamp Status] {'brightness_pwm': 0, 'brightness_percent': 0, 'mode': 'manual', 'status': 'off'}
2026-02-10 15:57:24,302 - SmartRoom - INFO - STATUS | AC: 26.3C 70.2% | Lamp: 8lux br=0 | Cam: 0ppl | Opts: 130
2026-02-10 15:57:47,469 - SmartRoom - INFO - ========================================
2026-02-10 15:57:47,470 - SmartRoom - INFO - Running ML Optimization...
2026-02-10 15:57:47,470 - SmartRoom - INFO -   Occupancy: False | Persons: 0
2026-02-10 15:57:47,571 - ACGeneticOptimizer - INFO - GA Result: {'ac_temperature': 17, 'fan_speed': 3, 'duty_cycle': 0.0, 'should_turn_on': False, 'energy_score': np.float64(0.0), 'comfort_score': 1.0}
2026-02-10 15:57:47,572 - SmartRoom - INFO -   [AC] Temp:17C On:False
2026-02-10 15:57:47,572 - SmartRoom - INFO -   [Lamp] Brightness:0 On:False
2026-02-10 15:57:47,573 - SmartRoom - INFO - ========================================
2026-02-10 15:57:47,674 - SmartRoom - INFO - [Lamp Status] {'brightness_pwm': 0, 'brightness_percent': 0, 'mode': 'manual', 'status': 'off'}
2026-02-10 15:57:47,701 - SmartRoom - INFO - [AC Status] {'device': 'ac_controller', 'status': 'error', 'detail': 'No IR code for AC OFF', 'uptime': 2348, 'wifi_rssi': -62, 'ac_state': 'off', 'ac_temp': 24, 'ir_codes_learned': 0}
2026-02-10 15:58:17,573 - SmartRoom - INFO - ========================================
2026-02-10 15:58:17,573 - SmartRoom - INFO - Running ML Optimization...
2026-02-10 15:58:17,573 - SmartRoom - INFO -   Occupancy: False | Persons: 0
2026-02-10 15:58:17,664 - ACGeneticOptimizer - INFO - GA Result: {'ac_temperature': 26, 'fan_speed': 2, 'duty_cycle': 0.0, 'should_turn_on': False, 'energy_score': np.float64(0.0), 'comfort_score': 1.0}
2026-02-10 15:58:17,664 - SmartRoom - INFO -   [AC] Temp:26C On:False
2026-02-10 15:58:17,665 - SmartRoom - INFO -   [Lamp] Brightness:0 On:False
2026-02-10 15:58:17,665 - SmartRoom - INFO - ========================================
2026-02-10 15:58:17,716 - SmartRoom - INFO - [Lamp Status] {'brightness_pwm': 0, 'brightness_percent': 0, 'mode': 'manual', 'status': 'off'}
2026-02-10 15:58:17,762 - SmartRoom - INFO - [AC Status] {'device': 'ac_controller', 'status': 'error', 'detail': 'No IR code for AC OFF', 'uptime': 2378, 'wifi_rssi': -62, 'ac_state': 'off', 'ac_temp': 24, 'ir_codes_learned': 0}
2026-02-10 15:58:24,310 - SmartRoom - INFO - STATUS | AC: 26.3C 70.0% | Lamp: 8lux br=0 | Cam: 0ppl | Opts: 132
2026-02-10 15:58:47,666 - SmartRoom - INFO - ========================================
2026-02-10 15:58:47,666 - SmartRoom - INFO - Running ML Optimization...
2026-02-10 15:58:47,666 - SmartRoom - INFO -   Occupancy: False | Persons: 0
2026-02-10 15:58:47,754 - ACGeneticOptimizer - INFO - GA Result: {'ac_temperature': 25, 'fan_speed': 1, 'duty_cycle': 0.0, 'should_turn_on': False, 'energy_score': np.float64(0.0), 'comfort_score': 1.0}
2026-02-10 15:58:47,754 - SmartRoom - INFO -   [AC] Temp:25C On:False
2026-02-10 15:58:47,755 - SmartRoom - INFO -   [Lamp] Brightness:0 On:False
2026-02-10 15:58:47,755 - SmartRoom - INFO - ========================================
2026-02-10 15:58:47,808 - SmartRoom - INFO - [Lamp Status] {'brightness_pwm': 0, 'brightness_percent': 0, 'mode': 'manual', 'status': 'off'}
2026-02-10 15:58:47,814 - SmartRoom - INFO - [AC Status] {'device': 'ac_controller', 'status': 'error', 'detail': 'No IR code for AC OFF', 'uptime': 2408, 'wifi_rssi': -64, 'ac_state': 'off', 'ac_temp': 24, 'ir_codes_learned': 0}
2026-02-10 15:59:17,756 - SmartRoom - INFO - ========================================
2026-02-10 15:59:17,756 - SmartRoom - INFO - Running ML Optimization...
2026-02-10 15:59:17,756 - SmartRoom - INFO -   Occupancy: False | Persons: 0
2026-02-10 15:59:17,848 - ACGeneticOptimizer - INFO - GA Result: {'ac_temperature': 22, 'fan_speed': 1, 'duty_cycle': 0.0, 'should_turn_on': False, 'energy_score': np.float64(0.0), 'comfort_score': 1.0}
2026-02-10 15:59:17,848 - SmartRoom - INFO -   [AC] Temp:22C On:False
2026-02-10 15:59:17,848 - SmartRoom - INFO -   [Lamp] Brightness:0 On:False
2026-02-10 15:59:17,848 - SmartRoom - INFO - ========================================
2026-02-10 15:59:17,907 - SmartRoom - INFO - [Lamp Status] {'brightness_pwm': 0, 'brightness_percent': 0, 'mode': 'manual', 'status': 'off'}
2026-02-10 15:59:18,219 - SmartRoom - INFO - [AC Status] {'device': 'ac_controller', 'status': 'error', 'detail': 'No IR code for AC OFF', 'uptime': 2438, 'wifi_rssi': -66, 'ac_state': 'off', 'ac_temp': 24, 'ir_codes_learned': 0}
2026-02-10 15:59:24,315 - SmartRoom - INFO - STATUS | AC: 26.3C 69.7% | Lamp: 8lux br=0 | Cam: 0ppl | Opts: 134
2026-02-10 15:59:47,849 - SmartRoom - INFO - ========================================
2026-02-10 15:59:47,849 - SmartRoom - INFO - Running ML Optimization...
2026-02-10 15:59:47,849 - SmartRoom - INFO -   Occupancy: False | Persons: 0
2026-02-10 15:59:47,961 - ACGeneticOptimizer - INFO - GA Result: {'ac_temperature': 29, 'fan_speed': 2, 'duty_cycle': 0.0, 'should_turn_on': False, 'energy_score': np.float64(0.0), 'comfort_score': 1.0}
2026-02-10 15:59:47,962 - SmartRoom - INFO -   [AC] Temp:29C On:False
2026-02-10 15:59:47,962 - SmartRoom - INFO -   [Lamp] Brightness:0 On:False
2026-02-10 15:59:47,962 - SmartRoom - INFO - ========================================
2026-02-10 15:59:48,175 - SmartRoom - INFO - [AC Status] {'device': 'ac_controller', 'status': 'error', 'detail': 'No IR code for AC OFF', 'uptime': 2468, 'wifi_rssi': -65, 'ac_state': 'off', 'ac_temp': 24, 'ir_codes_learned': 0}
2026-02-10 16:00:06,259 - SmartRoom - INFO - [Lamp Status] {'brightness_pwm': 0, 'brightness_percent': 0, 'mode': 'manual', 'status': 'off'}
2026-02-10 16:00:17,963 - SmartRoom - INFO - ========================================
2026-02-10 16:00:17,963 - SmartRoom - INFO - Running ML Optimization...
2026-02-10 16:00:17,963 - SmartRoom - INFO -   Occupancy: False | Persons: 0
2026-02-10 16:00:18,093 - ACGeneticOptimizer - INFO - GA Result: {'ac_temperature': 26, 'fan_speed': 3, 'duty_cycle': 0.0, 'should_turn_on': False, 'energy_score': np.float64(0.0), 'comfort_score': 1.0}
2026-02-10 16:00:18,094 - SmartRoom - INFO -   [AC] Temp:26C On:False
2026-02-10 16:00:18,094 - SmartRoom - INFO -   [Lamp] Brightness:0 On:False
2026-02-10 16:00:18,095 - SmartRoom - INFO - ========================================
2026-02-10 16:00:18,216 - SmartRoom - INFO - [AC Status] {'device': 'ac_controller', 'status': 'error', 'detail': 'No IR code for AC OFF', 'uptime': 2499, 'wifi_rssi': -64, 'ac_state': 'off', 'ac_temp': 24, 'ir_codes_learned': 0}
2026-02-10 16:00:18,216 - SmartRoom - INFO - [Lamp Status] {'brightness_pwm': 0, 'brightness_percent': 0, 'mode': 'manual', 'status': 'off'}
2026-02-10 16:00:24,321 - SmartRoom - INFO - STATUS | AC: 26.4C 69.4% | Lamp: 8lux br=0 | Cam: 0ppl | Opts: 136
2026-02-10 16:00:48,095 - SmartRoom - INFO - ========================================
2026-02-10 16:00:48,095 - SmartRoom - INFO - Running ML Optimization...
2026-02-10 16:00:48,095 - SmartRoom - INFO -   Occupancy: False | Persons: 0
2026-02-10 16:00:48,206 - ACGeneticOptimizer - INFO - GA Result: {'ac_temperature': 26, 'fan_speed': 1, 'duty_cycle': 0.0, 'should_turn_on': False, 'energy_score': np.float64(0.0), 'comfort_score': 1.0}
2026-02-10 16:00:48,206 - SmartRoom - INFO -   [AC] Temp:26C On:False
2026-02-10 16:00:48,207 - SmartRoom - INFO -   [Lamp] Brightness:0 On:False
2026-02-10 16:00:48,207 - SmartRoom - INFO - ========================================
2026-02-10 16:00:48,426 - SmartRoom - INFO - [AC Status] {'device': 'ac_controller', 'status': 'error', 'detail': 'No IR code for AC OFF', 'uptime': 2529, 'wifi_rssi': -66, 'ac_state': 'off', 'ac_temp': 24, 'ir_codes_learned': 0}
2026-02-10 16:00:48,485 - SmartRoom - INFO - [Lamp Status] {'brightness_pwm': 0, 'brightness_percent': 0, 'mode': 'manual', 'status': 'off'}
2026-02-10 16:01:18,207 - SmartRoom - INFO - ========================================
2026-02-10 16:01:18,208 - SmartRoom - INFO - Running ML Optimization...
2026-02-10 16:01:18,208 - SmartRoom - INFO -   Occupancy: False | Persons: 0
2026-02-10 16:01:18,296 - ACGeneticOptimizer - INFO - GA Result: {'ac_temperature': 22, 'fan_speed': 2, 'duty_cycle': 0.0, 'should_turn_on': False, 'energy_score': np.float64(0.0), 'comfort_score': 1.0}
2026-02-10 16:01:18,297 - SmartRoom - INFO -   [AC] Temp:22C On:False
2026-02-10 16:01:18,297 - SmartRoom - INFO -   [Lamp] Brightness:0 On:False
2026-02-10 16:01:18,298 - SmartRoom - INFO - ========================================
2026-02-10 16:01:18,444 - SmartRoom - INFO - [AC Status] {'device': 'ac_controller', 'status': 'error', 'detail': 'No IR code for AC OFF', 'uptime': 2559, 'wifi_rssi': -66, 'ac_state': 'off', 'ac_temp': 24, 'ir_codes_learned': 0}
2026-02-10 16:01:19,740 - SmartRoom - INFO - [Lamp Status] {'brightness_pwm': 0, 'brightness_percent': 0, 'mode': 'manual', 'status': 'off'}
2026-02-10 16:01:24,327 - SmartRoom - INFO - STATUS | AC: 26.4C 69.2% | Lamp: 7lux br=0 | Cam: 0ppl | Opts: 138
2026-02-10 16:01:48,298 - SmartRoom - INFO - ========================================
2026-02-10 16:01:48,298 - SmartRoom - INFO - Running ML Optimization...
2026-02-10 16:01:48,298 - SmartRoom - INFO -   Occupancy: False | Persons: 0
2026-02-10 16:01:48,415 - ACGeneticOptimizer - INFO - GA Result: {'ac_temperature': 28, 'fan_speed': 2, 'duty_cycle': 0.0, 'should_turn_on': False, 'energy_score': np.float64(0.0), 'comfort_score': 1.0}
2026-02-10 16:01:48,415 - SmartRoom - INFO -   [AC] Temp:28C On:False
2026-02-10 16:01:48,416 - SmartRoom - INFO -   [Lamp] Brightness:0 On:False
2026-02-10 16:01:48,416 - SmartRoom - INFO - ========================================
2026-02-10 16:01:48,697 - SmartRoom - INFO - [AC Status] {'device': 'ac_controller', 'status': 'error', 'detail': 'No IR code for AC OFF', 'uptime': 2589, 'wifi_rssi': -68, 'ac_state': 'off', 'ac_temp': 24, 'ir_codes_learned': 0}
2026-02-10 16:01:49,774 - SmartRoom - INFO - [Lamp Status] {'brightness_pwm': 0, 'brightness_percent': 0, 'mode': 'manual', 'status': 'off'}
2026-02-10 16:02:18,417 - SmartRoom - INFO - ========================================
2026-02-10 16:02:18,417 - SmartRoom - INFO - Running ML Optimization...
2026-02-10 16:02:18,417 - SmartRoom - INFO -   Occupancy: False | Persons: 0
2026-02-10 16:02:18,497 - ACGeneticOptimizer - INFO - GA Result: {'ac_temperature': 26, 'fan_speed': 1, 'duty_cycle': 0.0, 'should_turn_on': False, 'energy_score': np.float64(0.0), 'comfort_score': 1.0}
2026-02-10 16:02:18,498 - SmartRoom - INFO -   [AC] Temp:26C On:False
2026-02-10 16:02:18,498 - SmartRoom - INFO -   [Lamp] Brightness:0 On:False
2026-02-10 16:02:18,499 - SmartRoom - INFO - ========================================
2026-02-10 16:02:18,604 - SmartRoom - INFO - [AC Status] {'device': 'ac_controller', 'status': 'error', 'detail': 'No IR code for AC OFF', 'uptime': 2619, 'wifi_rssi': -74, 'ac_state': 'off', 'ac_temp': 24, 'ir_codes_learned': 0}
2026-02-10 16:02:18,612 - SmartRoom - INFO - [Lamp Status] {'brightness_pwm': 0, 'brightness_percent': 0, 'mode': 'manual', 'status': 'off'}
2026-02-10 16:02:24,339 - SmartRoom - INFO - STATUS | AC: 26.4C 68.9% | Lamp: 7lux br=0 | Cam: 0ppl | Opts: 140
2026-02-10 16:02:48,499 - SmartRoom - INFO - ========================================
2026-02-10 16:02:48,499 - SmartRoom - INFO - Running ML Optimization...
2026-02-10 16:02:48,499 - SmartRoom - INFO -   Occupancy: False | Persons: 0
2026-02-10 16:02:48,624 - ACGeneticOptimizer - INFO - GA Result: {'ac_temperature': 21, 'fan_speed': 1, 'duty_cycle': 0.0, 'should_turn_on': False, 'energy_score': np.float64(0.0), 'comfort_score': 1.0}
2026-02-10 16:02:48,624 - SmartRoom - INFO -   [AC] Temp:21C On:False
2026-02-10 16:02:48,624 - SmartRoom - INFO -   [Lamp] Brightness:0 On:False
2026-02-10 16:02:48,625 - SmartRoom - INFO - ========================================
2026-02-10 16:02:48,710 - SmartRoom - INFO - [AC Status] {'device': 'ac_controller', 'status': 'error', 'detail': 'No IR code for AC OFF', 'uptime': 2649, 'wifi_rssi': -65, 'ac_state': 'off', 'ac_temp': 24, 'ir_codes_learned': 0}
2026-02-10 16:02:48,717 - SmartRoom - INFO - [Lamp Status] {'brightness_pwm': 0, 'brightness_percent': 0, 'mode': 'manual', 'status': 'off'}
2026-02-10 16:03:18,625 - SmartRoom - INFO - ========================================
2026-02-10 16:03:18,625 - SmartRoom - INFO - Running ML Optimization...
2026-02-10 16:03:18,625 - SmartRoom - INFO -   Occupancy: False | Persons: 0
2026-02-10 16:03:18,738 - ACGeneticOptimizer - INFO - GA Result: {'ac_temperature': 18, 'fan_speed': 3, 'duty_cycle': 0.0, 'should_turn_on': False, 'energy_score': np.float64(0.0), 'comfort_score': 1.0}
2026-02-10 16:03:18,739 - SmartRoom - INFO -   [AC] Temp:18C On:False
2026-02-10 16:03:18,739 - SmartRoom - INFO -   [Lamp] Brightness:0 On:False
2026-02-10 16:03:18,739 - SmartRoom - INFO - ========================================
2026-02-10 16:03:18,784 - SmartRoom - INFO - [AC Status] {'device': 'ac_controller', 'status': 'error', 'detail': 'No IR code for AC OFF', 'uptime': 2679, 'wifi_rssi': -68, 'ac_state': 'off', 'ac_temp': 24, 'ir_codes_learned': 0}
2026-02-10 16:03:18,791 - SmartRoom - INFO - [Lamp Status] {'brightness_pwm': 0, 'brightness_percent': 0, 'mode': 'manual', 'status': 'off'}
2026-02-10 16:03:24,347 - SmartRoom - INFO - STATUS | AC: 26.4C 68.7% | Lamp: 7lux br=0 | Cam: 0ppl | Opts: 142
2026-02-10 16:03:48,740 - SmartRoom - INFO - ========================================
2026-02-10 16:03:48,740 - SmartRoom - INFO - Running ML Optimization...
2026-02-10 16:03:48,740 - SmartRoom - INFO -   Occupancy: False | Persons: 0
2026-02-10 16:03:48,831 - ACGeneticOptimizer - INFO - GA Result: {'ac_temperature': 27, 'fan_speed': 1, 'duty_cycle': 0.0, 'should_turn_on': False, 'energy_score': np.float64(0.0), 'comfort_score': 1.0}
2026-02-10 16:03:48,832 - SmartRoom - INFO -   [AC] Temp:27C On:False
2026-02-10 16:03:48,832 - SmartRoom - INFO -   [Lamp] Brightness:0 On:False
2026-02-10 16:03:48,833 - SmartRoom - INFO - ========================================
2026-02-10 16:03:49,015 - SmartRoom - INFO - [AC Status] {'device': 'ac_controller', 'status': 'error', 'detail': 'No IR code for AC OFF', 'uptime': 2709, 'wifi_rssi': -66, 'ac_state': 'off', 'ac_temp': 24, 'ir_codes_learned': 0}
2026-02-10 16:03:49,019 - SmartRoom - INFO - [Lamp Status] {'brightness_pwm': 0, 'brightness_percent': 0, 'mode': 'manual', 'status': 'off'}
2026-02-10 16:04:18,833 - SmartRoom - INFO - ========================================
2026-02-10 16:04:18,833 - SmartRoom - INFO - Running ML Optimization...
2026-02-10 16:04:18,833 - SmartRoom - INFO -   Occupancy: False | Persons: 0
2026-02-10 16:04:18,958 - ACGeneticOptimizer - INFO - GA Result: {'ac_temperature': 23, 'fan_speed': 1, 'duty_cycle': 0.0, 'should_turn_on': False, 'energy_score': np.float64(0.0), 'comfort_score': 1.0}
2026-02-10 16:04:18,958 - SmartRoom - INFO -   [AC] Temp:23C On:False
2026-02-10 16:04:18,959 - SmartRoom - INFO -   [Lamp] Brightness:0 On:False
2026-02-10 16:04:18,959 - SmartRoom - INFO - ========================================
2026-02-10 16:04:19,332 - SmartRoom - INFO - [Lamp Status] {'brightness_pwm': 0, 'brightness_percent': 0, 'mode': 'manual', 'status': 'off'}
2026-02-10 16:04:19,770 - SmartRoom - INFO - [AC Status] {'device': 'ac_controller', 'status': 'error', 'detail': 'No IR code for AC OFF', 'uptime': 2739, 'wifi_rssi': -64, 'ac_state': 'off', 'ac_temp': 24, 'ir_codes_learned': 0}
2026-02-10 16:04:24,352 - SmartRoom - INFO - STATUS | AC: 26.3C 68.8% | Lamp: 7lux br=0 | Cam: 0ppl | Opts: 144
2026-02-10 16:04:48,959 - SmartRoom - INFO - ========================================
2026-02-10 16:04:48,959 - SmartRoom - INFO - Running ML Optimization...
2026-02-10 16:04:48,960 - SmartRoom - INFO -   Occupancy: False | Persons: 0
2026-02-10 16:04:49,070 - ACGeneticOptimizer - INFO - GA Result: {'ac_temperature': 16, 'fan_speed': 3, 'duty_cycle': 0.0, 'should_turn_on': False, 'energy_score': np.float64(0.0), 'comfort_score': 1.0}
2026-02-10 16:04:49,070 - SmartRoom - INFO -   [AC] Temp:16C On:False
2026-02-10 16:04:49,071 - SmartRoom - INFO -   [Lamp] Brightness:0 On:False
2026-02-10 16:04:49,071 - SmartRoom - INFO - ========================================
2026-02-10 16:04:49,136 - SmartRoom - INFO - [AC Status] {'device': 'ac_controller', 'status': 'error', 'detail': 'No IR code for AC OFF', 'uptime': 2769, 'wifi_rssi': -65, 'ac_state': 'off', 'ac_temp': 24, 'ir_codes_learned': 0}
2026-02-10 16:04:49,146 - SmartRoom - INFO - [Lamp Status] {'brightness_pwm': 0, 'brightness_percent': 0, 'mode': 'manual', 'status': 'off'}
2026-02-10 16:05:19,071 - SmartRoom - INFO - ========================================
2026-02-10 16:05:19,071 - SmartRoom - INFO - Running ML Optimization...
2026-02-10 16:05:19,071 - SmartRoom - INFO -   Occupancy: False | Persons: 0
2026-02-10 16:05:19,157 - ACGeneticOptimizer - INFO - GA Result: {'ac_temperature': 27, 'fan_speed': 3, 'duty_cycle': 0.0, 'should_turn_on': False, 'energy_score': np.float64(0.0), 'comfort_score': 1.0}
2026-02-10 16:05:19,157 - SmartRoom - INFO -   [AC] Temp:27C On:False
2026-02-10 16:05:19,158 - SmartRoom - INFO -   [Lamp] Brightness:0 On:False
2026-02-10 16:05:19,159 - SmartRoom - INFO - ========================================
2026-02-10 16:05:19,481 - SmartRoom - INFO - [Lamp Status] {'brightness_pwm': 0, 'brightness_percent': 0, 'mode': 'manual', 'status': 'off'}
2026-02-10 16:05:19,502 - SmartRoom - INFO - [AC Status] {'device': 'ac_controller', 'status': 'error', 'detail': 'No IR code for AC OFF', 'uptime': 2800, 'wifi_rssi': -64, 'ac_state': 'off', 'ac_temp': 24, 'ir_codes_learned': 0}
2026-02-10 16:05:24,357 - SmartRoom - INFO - STATUS | AC: 26.3C 68.7% | Lamp: 6lux br=0 | Cam: 0ppl | Opts: 146
2026-02-10 16:05:49,160 - SmartRoom - INFO - ========================================
2026-02-10 16:05:49,160 - SmartRoom - INFO - Running ML Optimization...
2026-02-10 16:05:49,160 - SmartRoom - INFO -   Occupancy: False | Persons: 0
2026-02-10 16:05:49,281 - ACGeneticOptimizer - INFO - GA Result: {'ac_temperature': 25, 'fan_speed': 2, 'duty_cycle': 0.0, 'should_turn_on': False, 'energy_score': np.float64(0.0), 'comfort_score': 1.0}
2026-02-10 16:05:49,282 - SmartRoom - INFO -   [AC] Temp:25C On:False
2026-02-10 16:05:49,282 - SmartRoom - INFO -   [Lamp] Brightness:0 On:False
2026-02-10 16:05:49,282 - SmartRoom - INFO - ========================================
2026-02-10 16:05:49,381 - SmartRoom - INFO - [AC Status] {'device': 'ac_controller', 'status': 'error', 'detail': 'No IR code for AC OFF', 'uptime': 2830, 'wifi_rssi': -64, 'ac_state': 'off', 'ac_temp': 24, 'ir_codes_learned': 0}
2026-02-10 16:06:12,793 - SmartRoom - INFO - [Lamp Status] {'brightness_pwm': 0, 'brightness_percent': 0, 'mode': 'manual', 'status': 'off'}
2026-02-10 16:06:19,282 - SmartRoom - INFO - ========================================
2026-02-10 16:06:19,282 - SmartRoom - INFO - Running ML Optimization...
2026-02-10 16:06:19,282 - SmartRoom - INFO -   Occupancy: False | Persons: 0
2026-02-10 16:06:19,365 - ACGeneticOptimizer - INFO - GA Result: {'ac_temperature': 28, 'fan_speed': 3, 'duty_cycle': 0.0, 'should_turn_on': False, 'energy_score': np.float64(0.0), 'comfort_score': 1.0}
2026-02-10 16:06:19,365 - SmartRoom - INFO -   [AC] Temp:28C On:False
2026-02-10 16:06:19,365 - SmartRoom - INFO -   [Lamp] Brightness:0 On:False
2026-02-10 16:06:19,366 - SmartRoom - INFO - ========================================
2026-02-10 16:06:23,040 - SmartRoom - INFO - [AC Status] {'device': 'ac_controller', 'status': 'error', 'detail': 'No IR code for AC OFF', 'uptime': 2860, 'wifi_rssi': -66, 'ac_state': 'off', 'ac_temp': 24, 'ir_codes_learned': 0}
2026-02-10 16:06:24,365 - SmartRoom - INFO - STATUS | AC: 26.3C 68.8% | Lamp: 6lux br=0 | Cam: 0ppl | Opts: 148
2026-02-10 16:06:34,907 - SmartRoom - INFO - [Lamp Status] {'brightness_pwm': 0, 'brightness_percent': 0, 'mode': 'manual', 'status': 'off'}
2026-02-10 16:06:49,366 - SmartRoom - INFO - ========================================
2026-02-10 16:06:49,366 - SmartRoom - INFO - Running ML Optimization...
2026-02-10 16:06:49,366 - SmartRoom - INFO -   Occupancy: False | Persons: 0
2026-02-10 16:06:49,449 - ACGeneticOptimizer - INFO - GA Result: {'ac_temperature': 27, 'fan_speed': 2, 'duty_cycle': 0.0, 'should_turn_on': False, 'energy_score': np.float64(0.0), 'comfort_score': 1.0}
2026-02-10 16:06:49,449 - SmartRoom - INFO -   [AC] Temp:27C On:False
2026-02-10 16:06:49,449 - SmartRoom - INFO -   [Lamp] Brightness:0 On:False
2026-02-10 16:06:49,450 - SmartRoom - INFO - ========================================
2026-02-10 16:06:49,739 - SmartRoom - INFO - [AC Status] {'device': 'ac_controller', 'status': 'error', 'detail': 'No IR code for AC OFF', 'uptime': 2890, 'wifi_rssi': -66, 'ac_state': 'off', 'ac_temp': 24, 'ir_codes_learned': 0}
2026-02-10 16:06:50,069 - SmartRoom - INFO - [Lamp Status] {'brightness_pwm': 0, 'brightness_percent': 0, 'mode': 'manual', 'status': 'off'}
2026-02-10 16:07:19,450 - SmartRoom - INFO - ========================================
2026-02-10 16:07:19,450 - SmartRoom - INFO - Running ML Optimization...
2026-02-10 16:07:19,450 - SmartRoom - INFO -   Occupancy: False | Persons: 0
2026-02-10 16:07:19,569 - ACGeneticOptimizer - INFO - GA Result: {'ac_temperature': 25, 'fan_speed': 1, 'duty_cycle': 0.0, 'should_turn_on': False, 'energy_score': np.float64(0.0), 'comfort_score': 1.0}
2026-02-10 16:07:19,570 - SmartRoom - INFO -   [AC] Temp:25C On:False
2026-02-10 16:07:19,571 - SmartRoom - INFO -   [Lamp] Brightness:0 On:False
2026-02-10 16:07:19,571 - SmartRoom - INFO - ========================================
2026-02-10 16:07:19,661 - SmartRoom - INFO - [AC Status] {'device': 'ac_controller', 'status': 'error', 'detail': 'No IR code for AC OFF', 'uptime': 2920, 'wifi_rssi': -67, 'ac_state': 'off', 'ac_temp': 24, 'ir_codes_learned': 0}
2026-02-10 16:07:19,704 - SmartRoom - INFO - [Lamp Status] {'brightness_pwm': 0, 'brightness_percent': 0, 'mode': 'manual', 'status': 'off'}
2026-02-10 16:07:24,379 - SmartRoom - INFO - STATUS | AC: 26.3C 68.8% | Lamp: 6lux br=0 | Cam: 0ppl | Opts: 150
2026-02-10 16:07:49,571 - SmartRoom - INFO - ========================================
2026-02-10 16:07:49,573 - SmartRoom - INFO - Running ML Optimization...
2026-02-10 16:07:49,573 - SmartRoom - INFO -   Occupancy: False | Persons: 0
2026-02-10 16:07:49,661 - ACGeneticOptimizer - INFO - GA Result: {'ac_temperature': 16, 'fan_speed': 2, 'duty_cycle': 0.0, 'should_turn_on': False, 'energy_score': np.float64(0.0), 'comfort_score': 1.0}
2026-02-10 16:07:49,661 - SmartRoom - INFO -   [AC] Temp:16C On:False
2026-02-10 16:07:49,662 - SmartRoom - INFO -   [Lamp] Brightness:0 On:False
2026-02-10 16:07:49,662 - SmartRoom - INFO - ========================================
2026-02-10 16:07:49,739 - SmartRoom - INFO - [AC Status] {'device': 'ac_controller', 'status': 'error', 'detail': 'No IR code for AC OFF', 'uptime': 2950, 'wifi_rssi': -74, 'ac_state': 'off', 'ac_temp': 24, 'ir_codes_learned': 0}
2026-02-10 16:07:49,739 - SmartRoom - INFO - [Lamp Status] {'brightness_pwm': 0, 'brightness_percent': 0, 'mode': 'manual', 'status': 'off'}
2026-02-10 16:08:19,662 - SmartRoom - INFO - ========================================
2026-02-10 16:08:19,663 - SmartRoom - INFO - Running ML Optimization...
2026-02-10 16:08:19,663 - SmartRoom - INFO -   Occupancy: False | Persons: 0
2026-02-10 16:08:19,770 - ACGeneticOptimizer - INFO - GA Result: {'ac_temperature': 25, 'fan_speed': 3, 'duty_cycle': 0.0, 'should_turn_on': False, 'energy_score': np.float64(0.0), 'comfort_score': 1.0}
2026-02-10 16:08:19,771 - SmartRoom - INFO -   [AC] Temp:25C On:False
2026-02-10 16:08:19,771 - SmartRoom - INFO -   [Lamp] Brightness:0 On:False
2026-02-10 16:08:19,771 - SmartRoom - INFO - ========================================
2026-02-10 16:08:19,851 - SmartRoom - INFO - [Lamp Status] {'brightness_pwm': 0, 'brightness_percent': 0, 'mode': 'manual', 'status': 'off'}
2026-02-10 16:08:19,872 - SmartRoom - INFO - [AC Status] {'device': 'ac_controller', 'status': 'error', 'detail': 'No IR code for AC OFF', 'uptime': 2980, 'wifi_rssi': -64, 'ac_state': 'off', 'ac_temp': 24, 'ir_codes_learned': 0}
2026-02-10 16:08:24,385 - SmartRoom - INFO - STATUS | AC: 26.1C 70.0% | Lamp: 6lux br=0 | Cam: 0ppl | Opts: 152
2026-02-10 16:08:49,772 - SmartRoom - INFO - ========================================
2026-02-10 16:08:49,772 - SmartRoom - INFO - Running ML Optimization...
2026-02-10 16:08:49,772 - SmartRoom - INFO -   Occupancy: False | Persons: 0
2026-02-10 16:08:49,851 - ACGeneticOptimizer - INFO - GA Result: {'ac_temperature': 16, 'fan_speed': 3, 'duty_cycle': 0.0, 'should_turn_on': False, 'energy_score': np.float64(0.0), 'comfort_score': 1.0}
2026-02-10 16:08:49,851 - SmartRoom - INFO -   [AC] Temp:16C On:False
2026-02-10 16:08:49,852 - SmartRoom - INFO -   [Lamp] Brightness:0 On:False
2026-02-10 16:08:49,852 - SmartRoom - INFO - ========================================
2026-02-10 16:08:49,929 - SmartRoom - INFO - [Lamp Status] {'brightness_pwm': 0, 'brightness_percent': 0, 'mode': 'manual', 'status': 'off'}
2026-02-10 16:08:49,989 - SmartRoom - INFO - [AC Status] {'device': 'ac_controller', 'status': 'error', 'detail': 'No IR code for AC OFF', 'uptime': 3010, 'wifi_rssi': -62, 'ac_state': 'off', 'ac_temp': 24, 'ir_codes_learned': 0}
2026-02-10 16:09:19,852 - SmartRoom - INFO - ========================================
2026-02-10 16:09:19,853 - SmartRoom - INFO - Running ML Optimization...
2026-02-10 16:09:19,853 - SmartRoom - INFO -   Occupancy: False | Persons: 0
2026-02-10 16:09:19,965 - ACGeneticOptimizer - INFO - GA Result: {'ac_temperature': 18, 'fan_speed': 3, 'duty_cycle': 0.0, 'should_turn_on': False, 'energy_score': np.float64(0.0), 'comfort_score': 1.0}
2026-02-10 16:09:19,966 - SmartRoom - INFO -   [AC] Temp:18C On:False
2026-02-10 16:09:19,966 - SmartRoom - INFO -   [Lamp] Brightness:0 On:False
2026-02-10 16:09:19,967 - SmartRoom - INFO - ========================================
2026-02-10 16:09:20,042 - SmartRoom - INFO - [AC Status] {'device': 'ac_controller', 'status': 'error', 'detail': 'No IR code for AC OFF', 'uptime': 3040, 'wifi_rssi': -69, 'ac_state': 'off', 'ac_temp': 24, 'ir_codes_learned': 0}
2026-02-10 16:09:20,141 - SmartRoom - INFO - [Lamp Status] {'brightness_pwm': 0, 'brightness_percent': 0, 'mode': 'manual', 'status': 'off'}
2026-02-10 16:09:24,390 - SmartRoom - INFO - STATUS | AC: 25.9C 71.0% | Lamp: 6lux br=0 | Cam: 0ppl | Opts: 154
2026-02-10 16:09:49,967 - SmartRoom - INFO - ========================================
2026-02-10 16:09:49,967 - SmartRoom - INFO - Running ML Optimization...
2026-02-10 16:09:49,967 - SmartRoom - INFO -   Occupancy: False | Persons: 0
2026-02-10 16:09:50,055 - ACGeneticOptimizer - INFO - GA Result: {'ac_temperature': 26, 'fan_speed': 2, 'duty_cycle': 0.0, 'should_turn_on': False, 'energy_score': np.float64(0.0), 'comfort_score': 1.0}
2026-02-10 16:09:50,055 - SmartRoom - INFO -   [AC] Temp:26C On:False
2026-02-10 16:09:50,056 - SmartRoom - INFO -   [Lamp] Brightness:0 On:False
2026-02-10 16:09:50,056 - SmartRoom - INFO - ========================================
2026-02-10 16:09:50,112 - SmartRoom - INFO - [AC Status] {'device': 'ac_controller', 'status': 'error', 'detail': 'No IR code for AC OFF', 'uptime': 3070, 'wifi_rssi': -70, 'ac_state': 'off', 'ac_temp': 24, 'ir_codes_learned': 0}
2026-02-10 16:09:50,153 - SmartRoom - INFO - [Lamp Status] {'brightness_pwm': 0, 'brightness_percent': 0, 'mode': 'manual', 'status': 'off'}
2026-02-10 16:10:20,056 - SmartRoom - INFO - ========================================
2026-02-10 16:10:20,057 - SmartRoom - INFO - Running ML Optimization...
2026-02-10 16:10:20,057 - SmartRoom - INFO -   Occupancy: False | Persons: 0
2026-02-10 16:10:20,177 - ACGeneticOptimizer - INFO - GA Result: {'ac_temperature': 27, 'fan_speed': 2, 'duty_cycle': 0.0, 'should_turn_on': False, 'energy_score': np.float64(0.0), 'comfort_score': 1.0}
2026-02-10 16:10:20,178 - SmartRoom - INFO -   [AC] Temp:27C On:False
2026-02-10 16:10:20,178 - SmartRoom - INFO -   [Lamp] Brightness:0 On:False
2026-02-10 16:10:20,178 - SmartRoom - INFO - ========================================
2026-02-10 16:10:20,269 - SmartRoom - INFO - [AC Status] {'device': 'ac_controller', 'status': 'error', 'detail': 'No IR code for AC OFF', 'uptime': 3101, 'wifi_rssi': -63, 'ac_state': 'off', 'ac_temp': 24, 'ir_codes_learned': 0}
2026-02-10 16:10:24,395 - SmartRoom - INFO - STATUS | AC: 25.9C 71.5% | Lamp: 5lux br=0 | Cam: 0ppl | Opts: 156
2026-02-10 16:10:35,528 - SmartRoom - INFO - [Lamp Status] {'brightness_pwm': 0, 'brightness_percent': 0, 'mode': 'manual', 'status': 'off'}
2026-02-10 16:10:50,179 - SmartRoom - INFO - ========================================
2026-02-10 16:10:50,179 - SmartRoom - INFO - Running ML Optimization...
2026-02-10 16:10:50,179 - SmartRoom - INFO -   Occupancy: False | Persons: 0
2026-02-10 16:10:50,288 - ACGeneticOptimizer - INFO - GA Result: {'ac_temperature': 26, 'fan_speed': 3, 'duty_cycle': 0.0, 'should_turn_on': False, 'energy_score': np.float64(0.0), 'comfort_score': 1.0}
2026-02-10 16:10:50,288 - SmartRoom - INFO -   [AC] Temp:26C On:False
2026-02-10 16:10:50,288 - SmartRoom - INFO -   [Lamp] Brightness:0 On:False
2026-02-10 16:10:50,289 - SmartRoom - INFO - ========================================
2026-02-10 16:10:50,626 - SmartRoom - INFO - [Lamp Status] {'brightness_pwm': 0, 'brightness_percent': 0, 'mode': 'manual', 'status': 'off'}
2026-02-10 16:10:50,703 - SmartRoom - INFO - [AC Status] {'device': 'ac_controller', 'status': 'error', 'detail': 'No IR code for AC OFF', 'uptime': 3131, 'wifi_rssi': -67, 'ac_state': 'off', 'ac_temp': 24, 'ir_codes_learned': 0}
2026-02-10 16:11:20,289 - SmartRoom - INFO - ========================================
2026-02-10 16:11:20,289 - SmartRoom - INFO - Running ML Optimization...
2026-02-10 16:11:20,289 - SmartRoom - INFO -   Occupancy: False | Persons: 0
2026-02-10 16:11:20,370 - ACGeneticOptimizer - INFO - GA Result: {'ac_temperature': 26, 'fan_speed': 2, 'duty_cycle': 0.0, 'should_turn_on': False, 'energy_score': np.float64(0.0), 'comfort_score': 1.0}
2026-02-10 16:11:20,371 - SmartRoom - INFO -   [AC] Temp:26C On:False
2026-02-10 16:11:20,371 - SmartRoom - INFO -   [Lamp] Brightness:0 On:False
2026-02-10 16:11:20,371 - SmartRoom - INFO - ========================================
2026-02-10 16:11:20,514 - SmartRoom - INFO - [AC Status] {'device': 'ac_controller', 'status': 'error', 'detail': 'No IR code for AC OFF', 'uptime': 3161, 'wifi_rssi': -67, 'ac_state': 'off', 'ac_temp': 24, 'ir_codes_learned': 0}
2026-02-10 16:11:20,549 - SmartRoom - INFO - [Lamp Status] {'brightness_pwm': 0, 'brightness_percent': 0, 'mode': 'manual', 'status': 'off'}
2026-02-10 16:11:24,401 - SmartRoom - INFO - STATUS | AC: 25.8C 72.4% | Lamp: 5lux br=0 | Cam: 0ppl | Opts: 158
2026-02-10 16:11:50,372 - SmartRoom - INFO - ========================================
2026-02-10 16:11:50,372 - SmartRoom - INFO - Running ML Optimization...
2026-02-10 16:11:50,372 - SmartRoom - INFO -   Occupancy: False | Persons: 0
2026-02-10 16:11:50,478 - ACGeneticOptimizer - INFO - GA Result: {'ac_temperature': 30, 'fan_speed': 2, 'duty_cycle': 0.0, 'should_turn_on': False, 'energy_score': np.float64(0.0), 'comfort_score': 1.0}
2026-02-10 16:11:50,479 - SmartRoom - INFO -   [AC] Temp:30C On:False
2026-02-10 16:11:50,479 - SmartRoom - INFO -   [Lamp] Brightness:0 On:False
2026-02-10 16:11:50,479 - SmartRoom - INFO - ========================================
2026-02-10 16:11:51,810 - SmartRoom - INFO - [AC Status] {'device': 'ac_controller', 'status': 'error', 'detail': 'No IR code for AC OFF', 'uptime': 3191, 'wifi_rssi': -62, 'ac_state': 'off', 'ac_temp': 24, 'ir_codes_learned': 0}
2026-02-10 16:11:57,739 - SmartRoom - INFO - [Lamp Status] {'brightness_pwm': 0, 'brightness_percent': 0, 'mode': 'manual', 'status': 'off'}
2026-02-10 16:12:20,479 - SmartRoom - INFO - ========================================
2026-02-10 16:12:20,480 - SmartRoom - INFO - Running ML Optimization...
2026-02-10 16:12:20,480 - SmartRoom - INFO -   Occupancy: False | Persons: 0
2026-02-10 16:12:20,562 - ACGeneticOptimizer - INFO - GA Result: {'ac_temperature': 27, 'fan_speed': 2, 'duty_cycle': 0.0, 'should_turn_on': False, 'energy_score': np.float64(0.0), 'comfort_score': 1.0}
2026-02-10 16:12:20,563 - SmartRoom - INFO -   [AC] Temp:27C On:False
2026-02-10 16:12:20,563 - SmartRoom - INFO -   [Lamp] Brightness:0 On:False
2026-02-10 16:12:20,563 - SmartRoom - INFO - ========================================
2026-02-10 16:12:20,637 - SmartRoom - INFO - [AC Status] {'device': 'ac_controller', 'status': 'error', 'detail': 'No IR code for AC OFF', 'uptime': 3221, 'wifi_rssi': -63, 'ac_state': 'off', 'ac_temp': 24, 'ir_codes_learned': 0}
2026-02-10 16:12:20,671 - SmartRoom - INFO - [Lamp Status] {'brightness_pwm': 0, 'brightness_percent': 0, 'mode': 'manual', 'status': 'off'}
2026-02-10 16:12:24,410 - SmartRoom - INFO - STATUS | AC: 25.8C 72.3% | Lamp: 5lux br=0 | Cam: 0ppl | Opts: 160
2026-02-10 16:12:50,563 - SmartRoom - INFO - ========================================
2026-02-10 16:12:50,564 - SmartRoom - INFO - Running ML Optimization...
2026-02-10 16:12:50,564 - SmartRoom - INFO -   Occupancy: False | Persons: 0
2026-02-10 16:12:50,671 - ACGeneticOptimizer - INFO - GA Result: {'ac_temperature': 16, 'fan_speed': 2, 'duty_cycle': 0.0, 'should_turn_on': False, 'energy_score': np.float64(0.0), 'comfort_score': 1.0}
2026-02-10 16:12:50,672 - SmartRoom - INFO -   [AC] Temp:16C On:False
2026-02-10 16:12:50,672 - SmartRoom - INFO -   [Lamp] Brightness:0 On:False
2026-02-10 16:12:50,673 - SmartRoom - INFO - ========================================
2026-02-10 16:12:51,028 - SmartRoom - INFO - [AC Status] {'device': 'ac_controller', 'status': 'error', 'detail': 'No IR code for AC OFF', 'uptime': 3251, 'wifi_rssi': -60, 'ac_state': 'off', 'ac_temp': 24, 'ir_codes_learned': 0}
2026-02-10 16:12:51,029 - SmartRoom - INFO - [Lamp Status] {'brightness_pwm': 0, 'brightness_percent': 0, 'mode': 'manual', 'status': 'off'}
2026-02-10 16:13:20,673 - SmartRoom - INFO - ========================================
2026-02-10 16:13:20,673 - SmartRoom - INFO - Running ML Optimization...
2026-02-10 16:13:20,674 - SmartRoom - INFO -   Occupancy: False | Persons: 0
2026-02-10 16:13:20,787 - ACGeneticOptimizer - INFO - GA Result: {'ac_temperature': 19, 'fan_speed': 1, 'duty_cycle': 0.0, 'should_turn_on': False, 'energy_score': np.float64(0.0), 'comfort_score': 1.0}
2026-02-10 16:13:20,787 - SmartRoom - INFO -   [AC] Temp:19C On:False
2026-02-10 16:13:20,787 - SmartRoom - INFO -   [Lamp] Brightness:0 On:False
2026-02-10 16:13:20,788 - SmartRoom - INFO - ========================================
2026-02-10 16:13:20,932 - SmartRoom - INFO - [AC Status] {'device': 'ac_controller', 'status': 'error', 'detail': 'No IR code for AC OFF', 'uptime': 3281, 'wifi_rssi': -70, 'ac_state': 'off', 'ac_temp': 24, 'ir_codes_learned': 0}
2026-02-10 16:13:20,947 - SmartRoom - INFO - [Lamp Status] {'brightness_pwm': 0, 'brightness_percent': 0, 'mode': 'manual', 'status': 'off'}
2026-02-10 16:13:24,414 - SmartRoom - INFO - STATUS | AC: 25.8C 72.0% | Lamp: 5lux br=0 | Cam: 0ppl | Opts: 162
2026-02-10 16:13:50,788 - SmartRoom - INFO - ========================================
2026-02-10 16:13:50,788 - SmartRoom - INFO - Running ML Optimization...
2026-02-10 16:13:50,788 - SmartRoom - INFO -   Occupancy: False | Persons: 0
2026-02-10 16:13:50,895 - ACGeneticOptimizer - INFO - GA Result: {'ac_temperature': 16, 'fan_speed': 3, 'duty_cycle': 0.0, 'should_turn_on': False, 'energy_score': np.float64(0.0), 'comfort_score': 1.0}
2026-02-10 16:13:50,895 - SmartRoom - INFO -   [AC] Temp:16C On:False
2026-02-10 16:13:50,896 - SmartRoom - INFO -   [Lamp] Brightness:0 On:False
2026-02-10 16:13:50,896 - SmartRoom - INFO - ========================================
2026-02-10 16:13:51,275 - SmartRoom - INFO - [Lamp Status] {'brightness_pwm': 0, 'brightness_percent': 0, 'mode': 'manual', 'status': 'off'}
2026-02-10 16:13:52,240 - SmartRoom - INFO - [AC Status] {'device': 'ac_controller', 'status': 'error', 'detail': 'No IR code for AC OFF', 'uptime': 3311, 'wifi_rssi': -71, 'ac_state': 'off', 'ac_temp': 24, 'ir_codes_learned': 0}
2026-02-10 16:14:20,896 - SmartRoom - INFO - ========================================
2026-02-10 16:14:20,896 - SmartRoom - INFO - Running ML Optimization...
2026-02-10 16:14:20,897 - SmartRoom - INFO -   Occupancy: False | Persons: 0
2026-02-10 16:14:21,022 - ACGeneticOptimizer - INFO - GA Result: {'ac_temperature': 19, 'fan_speed': 3, 'duty_cycle': 0.0, 'should_turn_on': False, 'energy_score': np.float64(0.0), 'comfort_score': 1.0}
2026-02-10 16:14:21,023 - SmartRoom - INFO -   [AC] Temp:19C On:False
2026-02-10 16:14:21,023 - SmartRoom - INFO -   [Lamp] Brightness:0 On:False
2026-02-10 16:14:21,023 - SmartRoom - INFO - ========================================
2026-02-10 16:14:21,138 - SmartRoom - INFO - [AC Status] {'device': 'ac_controller', 'status': 'error', 'detail': 'No IR code for AC OFF', 'uptime': 3341, 'wifi_rssi': -68, 'ac_state': 'off', 'ac_temp': 24, 'ir_codes_learned': 0}
2026-02-10 16:14:21,152 - SmartRoom - INFO - [Lamp Status] {'brightness_pwm': 0, 'brightness_percent': 0, 'mode': 'manual', 'status': 'off'}
2026-02-10 16:14:24,418 - SmartRoom - INFO - STATUS | AC: 25.7C 72.2% | Lamp: 5lux br=0 | Cam: 0ppl | Opts: 164
2026-02-10 16:14:51,024 - SmartRoom - INFO - ========================================
2026-02-10 16:14:51,024 - SmartRoom - INFO - Running ML Optimization...
2026-02-10 16:14:51,024 - SmartRoom - INFO -   Occupancy: False | Persons: 0
2026-02-10 16:14:51,136 - ACGeneticOptimizer - INFO - GA Result: {'ac_temperature': 25, 'fan_speed': 2, 'duty_cycle': 0.0, 'should_turn_on': False, 'energy_score': np.float64(0.0), 'comfort_score': 1.0}
2026-02-10 16:14:51,137 - SmartRoom - INFO -   [AC] Temp:25C On:False
2026-02-10 16:14:51,137 - SmartRoom - INFO -   [Lamp] Brightness:0 On:False
2026-02-10 16:14:51,137 - SmartRoom - INFO - ========================================
2026-02-10 16:14:51,181 - SmartRoom - INFO - [AC Status] {'device': 'ac_controller', 'status': 'error', 'detail': 'No IR code for AC OFF', 'uptime': 3371, 'wifi_rssi': -66, 'ac_state': 'off', 'ac_temp': 24, 'ir_codes_learned': 0}
2026-02-10 16:14:51,187 - SmartRoom - INFO - [Lamp Status] {'brightness_pwm': 0, 'brightness_percent': 0, 'mode': 'manual', 'status': 'off'}
2026-02-10 16:15:21,138 - SmartRoom - INFO - ========================================
2026-02-10 16:15:21,138 - SmartRoom - INFO - Running ML Optimization...
2026-02-10 16:15:21,138 - SmartRoom - INFO -   Occupancy: False | Persons: 0
2026-02-10 16:15:21,247 - ACGeneticOptimizer - INFO - GA Result: {'ac_temperature': 29, 'fan_speed': 2, 'duty_cycle': 0.0, 'should_turn_on': False, 'energy_score': np.float64(0.0), 'comfort_score': 1.0}
2026-02-10 16:15:21,248 - SmartRoom - INFO -   [AC] Temp:29C On:False
2026-02-10 16:15:21,248 - SmartRoom - INFO -   [Lamp] Brightness:0 On:False
2026-02-10 16:15:21,248 - SmartRoom - INFO - ========================================
2026-02-10 16:15:21,315 - SmartRoom - INFO - [Lamp Status] {'brightness_pwm': 0, 'brightness_percent': 0, 'mode': 'manual', 'status': 'off'}
2026-02-10 16:15:21,548 - SmartRoom - INFO - [AC Status] {'device': 'ac_controller', 'status': 'error', 'detail': 'No IR code for AC OFF', 'uptime': 3402, 'wifi_rssi': -66, 'ac_state': 'off', 'ac_temp': 24, 'ir_codes_learned': 0}
2026-02-10 16:15:24,423 - SmartRoom - INFO - STATUS | AC: 25.6C 71.9% | Lamp: 4lux br=0 | Cam: 0ppl | Opts: 166
2026-02-10 16:15:51,248 - SmartRoom - INFO - ========================================
2026-02-10 16:15:51,248 - SmartRoom - INFO - Running ML Optimization...
2026-02-10 16:15:51,249 - SmartRoom - INFO -   Occupancy: False | Persons: 0
2026-02-10 16:15:51,367 - ACGeneticOptimizer - INFO - GA Result: {'ac_temperature': 26, 'fan_speed': 2, 'duty_cycle': 0.0, 'should_turn_on': False, 'energy_score': np.float64(0.0), 'comfort_score': 1.0}
2026-02-10 16:15:51,368 - SmartRoom - INFO -   [AC] Temp:26C On:False
2026-02-10 16:15:51,368 - SmartRoom - INFO -   [Lamp] Brightness:0 On:False
2026-02-10 16:15:51,368 - SmartRoom - INFO - ========================================
2026-02-10 16:15:51,452 - SmartRoom - INFO - [AC Status] {'device': 'ac_controller', 'status': 'error', 'detail': 'No IR code for AC OFF', 'uptime': 3432, 'wifi_rssi': -67, 'ac_state': 'off', 'ac_temp': 24, 'ir_codes_learned': 0}
2026-02-10 16:15:51,567 - SmartRoom - INFO - [Lamp Status] {'brightness_pwm': 0, 'brightness_percent': 0, 'mode': 'manual', 'status': 'off'}
2026-02-10 16:16:21,368 - SmartRoom - INFO - ========================================
2026-02-10 16:16:21,369 - SmartRoom - INFO - Running ML Optimization...
2026-02-10 16:16:21,369 - SmartRoom - INFO -   Occupancy: False | Persons: 0
2026-02-10 16:16:21,473 - ACGeneticOptimizer - INFO - GA Result: {'ac_temperature': 19, 'fan_speed': 3, 'duty_cycle': 0.0, 'should_turn_on': False, 'energy_score': np.float64(0.0), 'comfort_score': 1.0}
2026-02-10 16:16:21,474 - SmartRoom - INFO -   [AC] Temp:19C On:False
2026-02-10 16:16:21,474 - SmartRoom - INFO -   [Lamp] Brightness:0 On:False
2026-02-10 16:16:21,474 - SmartRoom - INFO - ========================================
2026-02-10 16:16:21,516 - SmartRoom - INFO - [AC Status] {'device': 'ac_controller', 'status': 'error', 'detail': 'No IR code for AC OFF', 'uptime': 3462, 'wifi_rssi': -67, 'ac_state': 'off', 'ac_temp': 24, 'ir_codes_learned': 0}
2026-02-10 16:16:21,571 - SmartRoom - INFO - [Lamp Status] {'brightness_pwm': 0, 'brightness_percent': 0, 'mode': 'manual', 'status': 'off'}
2026-02-10 16:16:24,432 - SmartRoom - INFO - STATUS | AC: 25.5C 71.7% | Lamp: 4lux br=0 | Cam: 0ppl | Opts: 168
2026-02-10 16:16:51,475 - SmartRoom - INFO - ========================================
2026-02-10 16:16:51,475 - SmartRoom - INFO - Running ML Optimization...
2026-02-10 16:16:51,475 - SmartRoom - INFO -   Occupancy: False | Persons: 0
2026-02-10 16:16:51,587 - ACGeneticOptimizer - INFO - GA Result: {'ac_temperature': 25, 'fan_speed': 2, 'duty_cycle': 0.0, 'should_turn_on': False, 'energy_score': np.float64(0.0), 'comfort_score': 1.0}
2026-02-10 16:16:51,588 - SmartRoom - INFO -   [AC] Temp:25C On:False
2026-02-10 16:16:51,588 - SmartRoom - INFO -   [Lamp] Brightness:0 On:False
2026-02-10 16:16:51,588 - SmartRoom - INFO - ========================================
2026-02-10 16:16:51,779 - SmartRoom - INFO - [AC Status] {'device': 'ac_controller', 'status': 'error', 'detail': 'No IR code for AC OFF', 'uptime': 3492, 'wifi_rssi': -70, 'ac_state': 'off', 'ac_temp': 24, 'ir_codes_learned': 0}
2026-02-10 16:16:51,815 - SmartRoom - INFO - [Lamp Status] {'brightness_pwm': 0, 'brightness_percent': 0, 'mode': 'manual', 'status': 'off'}
2026-02-10 16:17:21,589 - SmartRoom - INFO - ========================================
2026-02-10 16:17:21,589 - SmartRoom - INFO - Running ML Optimization...
2026-02-10 16:17:21,589 - SmartRoom - INFO -   Occupancy: False | Persons: 0
2026-02-10 16:17:21,698 - ACGeneticOptimizer - INFO - GA Result: {'ac_temperature': 21, 'fan_speed': 3, 'duty_cycle': 0.0, 'should_turn_on': False, 'energy_score': np.float64(0.0), 'comfort_score': 1.0}
2026-02-10 16:17:21,699 - SmartRoom - INFO -   [AC] Temp:21C On:False
2026-02-10 16:17:21,699 - SmartRoom - INFO -   [Lamp] Brightness:0 On:False
2026-02-10 16:17:21,699 - SmartRoom - INFO - ========================================
2026-02-10 16:17:21,776 - SmartRoom - INFO - [AC Status] {'device': 'ac_controller', 'status': 'error', 'detail': 'No IR code for AC OFF', 'uptime': 3522, 'wifi_rssi': -63, 'ac_state': 'off', 'ac_temp': 24, 'ir_codes_learned': 0}
2026-02-10 16:17:21,794 - SmartRoom - INFO - [Lamp Status] {'brightness_pwm': 0, 'brightness_percent': 0, 'mode': 'manual', 'status': 'off'}
2026-02-10 16:17:24,437 - SmartRoom - INFO - STATUS | AC: 25.5C 71.4% | Lamp: 4lux br=0 | Cam: 0ppl | Opts: 170
2026-02-10 16:17:51,699 - SmartRoom - INFO - ========================================
2026-02-10 16:17:51,700 - SmartRoom - INFO - Running ML Optimization...
2026-02-10 16:17:51,700 - SmartRoom - INFO -   Occupancy: False | Persons: 0
2026-02-10 16:17:51,819 - ACGeneticOptimizer - INFO - GA Result: {'ac_temperature': 24, 'fan_speed': 2, 'duty_cycle': 0.0, 'should_turn_on': False, 'energy_score': np.float64(0.0), 'comfort_score': 1.0}
2026-02-10 16:17:51,819 - SmartRoom - INFO -   [AC] Temp:24C On:False
2026-02-10 16:17:51,820 - SmartRoom - INFO -   [Lamp] Brightness:0 On:False
2026-02-10 16:17:51,820 - SmartRoom - INFO - ========================================
2026-02-10 16:17:52,029 - SmartRoom - INFO - [AC Status] {'device': 'ac_controller', 'status': 'error', 'detail': 'No IR code for AC OFF', 'uptime': 3552, 'wifi_rssi': -66, 'ac_state': 'off', 'ac_temp': 24, 'ir_codes_learned': 0}
2026-02-10 16:17:52,081 - SmartRoom - INFO - [Lamp Status] {'brightness_pwm': 0, 'brightness_percent': 0, 'mode': 'manual', 'status': 'off'}
2026-02-10 16:18:21,820 - SmartRoom - INFO - ========================================
2026-02-10 16:18:21,820 - SmartRoom - INFO - Running ML Optimization...
2026-02-10 16:18:21,820 - SmartRoom - INFO -   Occupancy: False | Persons: 0
2026-02-10 16:18:21,943 - ACGeneticOptimizer - INFO - GA Result: {'ac_temperature': 25, 'fan_speed': 1, 'duty_cycle': 0.0, 'should_turn_on': False, 'energy_score': np.float64(0.0), 'comfort_score': 1.0}
2026-02-10 16:18:21,944 - SmartRoom - INFO -   [AC] Temp:25C On:False
2026-02-10 16:18:21,944 - SmartRoom - INFO -   [Lamp] Brightness:0 On:False
2026-02-10 16:18:21,944 - SmartRoom - INFO - ========================================
2026-02-10 16:18:21,988 - SmartRoom - INFO - [AC Status] {'device': 'ac_controller', 'status': 'error', 'detail': 'No IR code for AC OFF', 'uptime': 3582, 'wifi_rssi': -69, 'ac_state': 'off', 'ac_temp': 24, 'ir_codes_learned': 0}
2026-02-10 16:18:21,992 - SmartRoom - INFO - [Lamp Status] {'brightness_pwm': 0, 'brightness_percent': 0, 'mode': 'manual', 'status': 'off'}
2026-02-10 16:18:24,441 - SmartRoom - INFO - STATUS | AC: 25.4C 71.1% | Lamp: 4lux br=0 | Cam: 0ppl | Opts: 172
2026-02-10 16:18:51,945 - SmartRoom - INFO - ========================================
2026-02-10 16:18:51,945 - SmartRoom - INFO - Running ML Optimization...
2026-02-10 16:18:51,945 - SmartRoom - INFO -   Occupancy: False | Persons: 0
2026-02-10 16:18:52,059 - ACGeneticOptimizer - INFO - GA Result: {'ac_temperature': 21, 'fan_speed': 3, 'duty_cycle': 0.0, 'should_turn_on': False, 'energy_score': np.float64(0.0), 'comfort_score': 1.0}
2026-02-10 16:18:52,060 - SmartRoom - INFO -   [AC] Temp:21C On:False
2026-02-10 16:18:52,060 - SmartRoom - INFO -   [Lamp] Brightness:0 On:False
2026-02-10 16:18:52,060 - SmartRoom - INFO - ========================================
2026-02-10 16:18:52,104 - SmartRoom - INFO - [Lamp Status] {'brightness_pwm': 0, 'brightness_percent': 0, 'mode': 'manual', 'status': 'off'}
2026-02-10 16:18:52,277 - SmartRoom - INFO - [AC Status] {'device': 'ac_controller', 'status': 'error', 'detail': 'No IR code for AC OFF', 'uptime': 3613, 'wifi_rssi': -69, 'ac_state': 'off', 'ac_temp': 24, 'ir_codes_learned': 0}
2026-02-10 16:19:22,060 - SmartRoom - INFO - ========================================
2026-02-10 16:19:22,061 - SmartRoom - INFO - Running ML Optimization...
2026-02-10 16:19:22,061 - SmartRoom - INFO -   Occupancy: False | Persons: 0
2026-02-10 16:19:22,164 - ACGeneticOptimizer - INFO - GA Result: {'ac_temperature': 29, 'fan_speed': 3, 'duty_cycle': 0.0, 'should_turn_on': False, 'energy_score': np.float64(0.0), 'comfort_score': 1.0}
2026-02-10 16:19:22,164 - SmartRoom - INFO -   [AC] Temp:29C On:False
2026-02-10 16:19:22,164 - SmartRoom - INFO -   [Lamp] Brightness:0 On:False
2026-02-10 16:19:22,165 - SmartRoom - INFO - ========================================
2026-02-10 16:19:22,293 - SmartRoom - INFO - [AC Status] {'device': 'ac_controller', 'status': 'error', 'detail': 'No IR code for AC OFF', 'uptime': 3643, 'wifi_rssi': -67, 'ac_state': 'off', 'ac_temp': 24, 'ir_codes_learned': 0}
2026-02-10 16:19:22,342 - SmartRoom - INFO - [Lamp Status] {'brightness_pwm': 0, 'brightness_percent': 0, 'mode': 'manual', 'status': 'off'}
2026-02-10 16:19:24,446 - SmartRoom - INFO - STATUS | AC: 25.4C 70.6% | Lamp: 3lux br=0 | Cam: 0ppl | Opts: 174
2026-02-10 16:19:52,165 - SmartRoom - INFO - ========================================
2026-02-10 16:19:52,165 - SmartRoom - INFO - Running ML Optimization...
2026-02-10 16:19:52,165 - SmartRoom - INFO -   Occupancy: False | Persons: 0
2026-02-10 16:19:52,279 - ACGeneticOptimizer - INFO - GA Result: {'ac_temperature': 23, 'fan_speed': 1, 'duty_cycle': 0.0, 'should_turn_on': False, 'energy_score': np.float64(0.0), 'comfort_score': 1.0}
2026-02-10 16:19:52,280 - SmartRoom - INFO -   [AC] Temp:23C On:False
2026-02-10 16:19:52,280 - SmartRoom - INFO -   [Lamp] Brightness:0 On:False
2026-02-10 16:19:52,281 - SmartRoom - INFO - ========================================
2026-02-10 16:19:52,324 - SmartRoom - INFO - [AC Status] {'device': 'ac_controller', 'status': 'error', 'detail': 'No IR code for AC OFF', 'uptime': 3673, 'wifi_rssi': -66, 'ac_state': 'off', 'ac_temp': 24, 'ir_codes_learned': 0}
2026-02-10 16:19:52,362 - SmartRoom - INFO - [Lamp Status] {'brightness_pwm': 0, 'brightness_percent': 0, 'mode': 'manual', 'status': 'off'}
2026-02-10 16:20:22,281 - SmartRoom - INFO - ========================================
2026-02-10 16:20:22,281 - SmartRoom - INFO - Running ML Optimization...
2026-02-10 16:20:22,281 - SmartRoom - INFO -   Occupancy: False | Persons: 0
2026-02-10 16:20:22,405 - ACGeneticOptimizer - INFO - GA Result: {'ac_temperature': 19, 'fan_speed': 1, 'duty_cycle': 0.0, 'should_turn_on': False, 'energy_score': np.float64(0.0), 'comfort_score': 1.0}
2026-02-10 16:20:22,405 - SmartRoom - INFO -   [AC] Temp:19C On:False
2026-02-10 16:20:22,412 - SmartRoom - INFO -   [Lamp] Brightness:0 On:False
2026-02-10 16:20:22,413 - SmartRoom - INFO - ========================================
2026-02-10 16:20:22,533 - SmartRoom - INFO - [AC Status] {'device': 'ac_controller', 'status': 'error', 'detail': 'No IR code for AC OFF', 'uptime': 3703, 'wifi_rssi': -66, 'ac_state': 'off', 'ac_temp': 24, 'ir_codes_learned': 0}
2026-02-10 16:20:22,563 - SmartRoom - INFO - [Lamp Status] {'brightness_pwm': 0, 'brightness_percent': 0, 'mode': 'manual', 'status': 'off'}
2026-02-10 16:20:24,450 - SmartRoom - INFO - STATUS | AC: 25.3C 70.5% | Lamp: 3lux br=0 | Cam: 0ppl | Opts: 176
2026-02-10 16:20:52,413 - SmartRoom - INFO - ========================================
2026-02-10 16:20:52,413 - SmartRoom - INFO - Running ML Optimization...
2026-02-10 16:20:52,413 - SmartRoom - INFO -   Occupancy: False | Persons: 0
2026-02-10 16:20:52,496 - ACGeneticOptimizer - INFO - GA Result: {'ac_temperature': 24, 'fan_speed': 2, 'duty_cycle': 0.0, 'should_turn_on': False, 'energy_score': np.float64(0.0), 'comfort_score': 1.0}
2026-02-10 16:20:52,497 - SmartRoom - INFO -   [AC] Temp:24C On:False
2026-02-10 16:20:52,497 - SmartRoom - INFO -   [Lamp] Brightness:0 On:False
2026-02-10 16:20:52,497 - SmartRoom - INFO - ========================================
2026-02-10 16:20:52,587 - SmartRoom - INFO - [AC Status] {'device': 'ac_controller', 'status': 'error', 'detail': 'No IR code for AC OFF', 'uptime': 3733, 'wifi_rssi': -63, 'ac_state': 'off', 'ac_temp': 24, 'ir_codes_learned': 0}
2026-02-10 16:20:52,608 - SmartRoom - INFO - [Lamp Status] {'brightness_pwm': 0, 'brightness_percent': 0, 'mode': 'manual', 'status': 'off'}
2026-02-10 16:21:22,498 - SmartRoom - INFO - ========================================
2026-02-10 16:21:22,498 - SmartRoom - INFO - Running ML Optimization...
2026-02-10 16:21:22,498 - SmartRoom - INFO -   Occupancy: False | Persons: 0
2026-02-10 16:21:22,609 - ACGeneticOptimizer - INFO - GA Result: {'ac_temperature': 18, 'fan_speed': 3, 'duty_cycle': 0.0, 'should_turn_on': False, 'energy_score': np.float64(0.0), 'comfort_score': 1.0}
2026-02-10 16:21:22,610 - SmartRoom - INFO -   [AC] Temp:18C On:False
2026-02-10 16:21:22,610 - SmartRoom - INFO -   [Lamp] Brightness:0 On:False
2026-02-10 16:21:22,611 - SmartRoom - INFO - ========================================
2026-02-10 16:21:22,680 - SmartRoom - INFO - [AC Status] {'device': 'ac_controller', 'status': 'error', 'detail': 'No IR code for AC OFF', 'uptime': 3763, 'wifi_rssi': -63, 'ac_state': 'off', 'ac_temp': 24, 'ir_codes_learned': 0}
2026-02-10 16:21:22,680 - SmartRoom - INFO - [Lamp Status] {'brightness_pwm': 0, 'brightness_percent': 0, 'mode': 'manual', 'status': 'off'}
2026-02-10 16:21:24,460 - SmartRoom - INFO - STATUS | AC: 25.3C 70.3% | Lamp: 3lux br=0 | Cam: 0ppl | Opts: 178
2026-02-10 16:21:52,611 - SmartRoom - INFO - ========================================
2026-02-10 16:21:52,611 - SmartRoom - INFO - Running ML Optimization...
2026-02-10 16:21:52,611 - SmartRoom - INFO -   Occupancy: False | Persons: 0
2026-02-10 16:21:52,693 - ACGeneticOptimizer - INFO - GA Result: {'ac_temperature': 18, 'fan_speed': 2, 'duty_cycle': 0.0, 'should_turn_on': False, 'energy_score': np.float64(0.0), 'comfort_score': 1.0}
2026-02-10 16:21:52,693 - SmartRoom - INFO -   [AC] Temp:18C On:False
2026-02-10 16:21:52,693 - SmartRoom - INFO -   [Lamp] Brightness:0 On:False
2026-02-10 16:21:52,693 - SmartRoom - INFO - ========================================
2026-02-10 16:21:52,737 - SmartRoom - INFO - [AC Status] {'device': 'ac_controller', 'status': 'error', 'detail': 'No IR code for AC OFF', 'uptime': 3793, 'wifi_rssi': -64, 'ac_state': 'off', 'ac_temp': 24, 'ir_codes_learned': 0}
2026-02-10 16:21:52,751 - SmartRoom - INFO - [Lamp Status] {'brightness_pwm': 0, 'brightness_percent': 0, 'mode': 'manual', 'status': 'off'}
2026-02-10 16:22:22,693 - SmartRoom - INFO - ========================================
2026-02-10 16:22:22,693 - SmartRoom - INFO - Running ML Optimization...
2026-02-10 16:22:22,693 - SmartRoom - INFO -   Occupancy: False | Persons: 0
2026-02-10 16:22:22,784 - ACGeneticOptimizer - INFO - GA Result: {'ac_temperature': 23, 'fan_speed': 1, 'duty_cycle': 0.0, 'should_turn_on': False, 'energy_score': np.float64(0.0), 'comfort_score': 1.0}
2026-02-10 16:22:22,785 - SmartRoom - INFO -   [AC] Temp:23C On:False
2026-02-10 16:22:22,785 - SmartRoom - INFO -   [Lamp] Brightness:0 On:False
2026-02-10 16:22:22,785 - SmartRoom - INFO - ========================================
2026-02-10 16:22:22,915 - SmartRoom - INFO - [Lamp Status] {'brightness_pwm': 0, 'brightness_percent': 0, 'mode': 'manual', 'status': 'off'}
2026-02-10 16:22:23,035 - SmartRoom - INFO - [AC Status] {'device': 'ac_controller', 'status': 'error', 'detail': 'No IR code for AC OFF', 'uptime': 3823, 'wifi_rssi': -65, 'ac_state': 'off', 'ac_temp': 24, 'ir_codes_learned': 0}
2026-02-10 16:22:24,464 - SmartRoom - INFO - STATUS | AC: 25.2C 70.1% | Lamp: 3lux br=0 | Cam: 0ppl | Opts: 180
2026-02-10 16:22:52,786 - SmartRoom - INFO - ========================================
2026-02-10 16:22:52,786 - SmartRoom - INFO - Running ML Optimization...
2026-02-10 16:22:52,786 - SmartRoom - INFO -   Occupancy: False | Persons: 0
2026-02-10 16:22:52,904 - ACGeneticOptimizer - INFO - GA Result: {'ac_temperature': 16, 'fan_speed': 2, 'duty_cycle': 0.0, 'should_turn_on': False, 'energy_score': np.float64(0.0), 'comfort_score': 1.0}
2026-02-10 16:22:52,904 - SmartRoom - INFO -   [AC] Temp:16C On:False
2026-02-10 16:22:52,905 - SmartRoom - INFO -   [Lamp] Brightness:0 On:False
2026-02-10 16:22:52,905 - SmartRoom - INFO - ========================================
2026-02-10 16:22:52,948 - SmartRoom - INFO - [Lamp Status] {'brightness_pwm': 0, 'brightness_percent': 0, 'mode': 'manual', 'status': 'off'}
2026-02-10 16:22:53,057 - SmartRoom - INFO - [AC Status] {'device': 'ac_controller', 'status': 'error', 'detail': 'No IR code for AC OFF', 'uptime': 3853, 'wifi_rssi': -65, 'ac_state': 'off', 'ac_temp': 24, 'ir_codes_learned': 0}
2026-02-10 16:23:22,908 - SmartRoom - INFO - ========================================
2026-02-10 16:23:22,908 - SmartRoom - INFO - Running ML Optimization...
2026-02-10 16:23:22,908 - SmartRoom - INFO -   Occupancy: False | Persons: 0
2026-02-10 16:23:23,032 - ACGeneticOptimizer - INFO - GA Result: {'ac_temperature': 30, 'fan_speed': 3, 'duty_cycle': 0.0, 'should_turn_on': False, 'energy_score': np.float64(0.0), 'comfort_score': 1.0}
2026-02-10 16:23:23,033 - SmartRoom - INFO -   [AC] Temp:30C On:False
2026-02-10 16:23:23,033 - SmartRoom - INFO -   [Lamp] Brightness:0 On:False
2026-02-10 16:23:23,034 - SmartRoom - INFO - ========================================
2026-02-10 16:23:23,116 - SmartRoom - INFO - [AC Status] {'device': 'ac_controller', 'status': 'error', 'detail': 'No IR code for AC OFF', 'uptime': 3883, 'wifi_rssi': -62, 'ac_state': 'off', 'ac_temp': 24, 'ir_codes_learned': 0}
2026-02-10 16:23:23,481 - SmartRoom - INFO - [Lamp Status] {'brightness_pwm': 0, 'brightness_percent': 0, 'mode': 'manual', 'status': 'off'}
2026-02-10 16:23:24,470 - SmartRoom - INFO - STATUS | AC: 25.2C 70.0% | Lamp: 3lux br=0 | Cam: 0ppl | Opts: 182
2026-02-10 16:23:53,034 - SmartRoom - INFO - ========================================
2026-02-10 16:23:53,034 - SmartRoom - INFO - Running ML Optimization...
2026-02-10 16:23:53,034 - SmartRoom - INFO -   Occupancy: False | Persons: 0
2026-02-10 16:23:53,130 - ACGeneticOptimizer - INFO - GA Result: {'ac_temperature': 30, 'fan_speed': 1, 'duty_cycle': 0.0, 'should_turn_on': False, 'energy_score': np.float64(0.0), 'comfort_score': 1.0}
2026-02-10 16:23:53,131 - SmartRoom - INFO -   [AC] Temp:30C On:False
2026-02-10 16:23:53,132 - SmartRoom - INFO -   [Lamp] Brightness:0 On:False
2026-02-10 16:23:53,132 - SmartRoom - INFO - ========================================
2026-02-10 16:23:53,239 - SmartRoom - INFO - [AC Status] {'device': 'ac_controller', 'status': 'error', 'detail': 'No IR code for AC OFF', 'uptime': 3914, 'wifi_rssi': -63, 'ac_state': 'off', 'ac_temp': 24, 'ir_codes_learned': 0}
2026-02-10 16:23:53,290 - SmartRoom - INFO - [Lamp Status] {'brightness_pwm': 0, 'brightness_percent': 0, 'mode': 'manual', 'status': 'off'}
2026-02-10 16:24:23,134 - SmartRoom - INFO - ========================================
2026-02-10 16:24:23,135 - SmartRoom - INFO - Running ML Optimization...
2026-02-10 16:24:23,135 - SmartRoom - INFO -   Occupancy: False | Persons: 0
2026-02-10 16:24:23,247 - ACGeneticOptimizer - INFO - GA Result: {'ac_temperature': 25, 'fan_speed': 1, 'duty_cycle': 0.0, 'should_turn_on': False, 'energy_score': np.float64(0.0), 'comfort_score': 1.0}
2026-02-10 16:24:23,247 - SmartRoom - INFO -   [AC] Temp:25C On:False
2026-02-10 16:24:23,248 - SmartRoom - INFO -   [Lamp] Brightness:0 On:False
2026-02-10 16:24:23,248 - SmartRoom - INFO - ========================================
2026-02-10 16:24:23,301 - SmartRoom - INFO - [AC Status] {'device': 'ac_controller', 'status': 'error', 'detail': 'No IR code for AC OFF', 'uptime': 3944, 'wifi_rssi': -65, 'ac_state': 'off', 'ac_temp': 24, 'ir_codes_learned': 0}
2026-02-10 16:24:23,367 - SmartRoom - INFO - [Lamp Status] {'brightness_pwm': 0, 'brightness_percent': 0, 'mode': 'manual', 'status': 'off'}
2026-02-10 16:24:24,474 - SmartRoom - INFO - STATUS | AC: 25.1C 69.8% | Lamp: 3lux br=0 | Cam: 0ppl | Opts: 184
2026-02-10 16:24:53,248 - SmartRoom - INFO - ========================================
2026-02-10 16:24:53,248 - SmartRoom - INFO - Running ML Optimization...
2026-02-10 16:24:53,248 - SmartRoom - INFO -   Occupancy: False | Persons: 0
2026-02-10 16:24:53,332 - ACGeneticOptimizer - INFO - GA Result: {'ac_temperature': 19, 'fan_speed': 2, 'duty_cycle': 0.0, 'should_turn_on': False, 'energy_score': np.float64(0.0), 'comfort_score': 1.0}
2026-02-10 16:24:53,332 - SmartRoom - INFO -   [AC] Temp:19C On:False
2026-02-10 16:24:53,332 - SmartRoom - INFO -   [Lamp] Brightness:0 On:False
2026-02-10 16:24:53,332 - SmartRoom - INFO - ========================================
2026-02-10 16:24:53,619 - SmartRoom - INFO - [AC Status] {'device': 'ac_controller', 'status': 'error', 'detail': 'No IR code for AC OFF', 'uptime': 3974, 'wifi_rssi': -62, 'ac_state': 'off', 'ac_temp': 24, 'ir_codes_learned': 0}
2026-02-10 16:24:53,620 - SmartRoom - INFO - [Lamp Status] {'brightness_pwm': 0, 'brightness_percent': 0, 'mode': 'manual', 'status': 'off'}
2026-02-10 16:25:23,333 - SmartRoom - INFO - ========================================
2026-02-10 16:25:23,333 - SmartRoom - INFO - Running ML Optimization...
2026-02-10 16:25:23,333 - SmartRoom - INFO -   Occupancy: False | Persons: 0
2026-02-10 16:25:23,440 - ACGeneticOptimizer - INFO - GA Result: {'ac_temperature': 30, 'fan_speed': 2, 'duty_cycle': 0.0, 'should_turn_on': False, 'energy_score': np.float64(0.0), 'comfort_score': 1.0}
2026-02-10 16:25:23,440 - SmartRoom - INFO -   [AC] Temp:30C On:False
2026-02-10 16:25:23,440 - SmartRoom - INFO -   [Lamp] Brightness:0 On:False
2026-02-10 16:25:23,440 - SmartRoom - INFO - ========================================
2026-02-10 16:25:23,557 - SmartRoom - INFO - [AC Status] {'device': 'ac_controller', 'status': 'error', 'detail': 'No IR code for AC OFF', 'uptime': 4004, 'wifi_rssi': -64, 'ac_state': 'off', 'ac_temp': 24, 'ir_codes_learned': 0}
2026-02-10 16:25:23,571 - SmartRoom - INFO - [Lamp Status] {'brightness_pwm': 0, 'brightness_percent': 0, 'mode': 'manual', 'status': 'off'}
2026-02-10 16:25:24,478 - SmartRoom - INFO - STATUS | AC: 25.0C 69.7% | Lamp: 3lux br=0 | Cam: 0ppl | Opts: 186
2026-02-10 16:25:53,441 - SmartRoom - INFO - ========================================
2026-02-10 16:25:53,441 - SmartRoom - INFO - Running ML Optimization...
2026-02-10 16:25:53,441 - SmartRoom - INFO -   Occupancy: False | Persons: 0
2026-02-10 16:25:53,548 - ACGeneticOptimizer - INFO - GA Result: {'ac_temperature': 22, 'fan_speed': 1, 'duty_cycle': 0.0, 'should_turn_on': False, 'energy_score': np.float64(0.0), 'comfort_score': 1.0}
2026-02-10 16:25:53,548 - SmartRoom - INFO -   [AC] Temp:22C On:False
2026-02-10 16:25:53,548 - SmartRoom - INFO -   [Lamp] Brightness:0 On:False
2026-02-10 16:25:53,548 - SmartRoom - INFO - ========================================
2026-02-10 16:25:53,642 - SmartRoom - INFO - [Lamp Status] {'brightness_pwm': 0, 'brightness_percent': 0, 'mode': 'manual', 'status': 'off'}
2026-02-10 16:25:53,660 - SmartRoom - INFO - [AC Status] {'device': 'ac_controller', 'status': 'error', 'detail': 'No IR code for AC OFF', 'uptime': 4034, 'wifi_rssi': -67, 'ac_state': 'off', 'ac_temp': 24, 'ir_codes_learned': 0}
2026-02-10 16:26:23,549 - SmartRoom - INFO - ========================================
2026-02-10 16:26:23,549 - SmartRoom - INFO - Running ML Optimization...
2026-02-10 16:26:23,549 - SmartRoom - INFO -   Occupancy: False | Persons: 0
2026-02-10 16:26:23,630 - ACGeneticOptimizer - INFO - GA Result: {'ac_temperature': 28, 'fan_speed': 1, 'duty_cycle': 0.0, 'should_turn_on': False, 'energy_score': np.float64(0.0), 'comfort_score': 1.0}
2026-02-10 16:26:23,630 - SmartRoom - INFO -   [AC] Temp:28C On:False
2026-02-10 16:26:23,630 - SmartRoom - INFO -   [Lamp] Brightness:0 On:False
2026-02-10 16:26:23,631 - SmartRoom - INFO - ========================================
2026-02-10 16:26:23,672 - SmartRoom - INFO - [AC Status] {'device': 'ac_controller', 'status': 'error', 'detail': 'No IR code for AC OFF', 'uptime': 4064, 'wifi_rssi': -69, 'ac_state': 'off', 'ac_temp': 24, 'ir_codes_learned': 0}
2026-02-10 16:26:23,678 - SmartRoom - INFO - [Lamp Status] {'brightness_pwm': 0, 'brightness_percent': 0, 'mode': 'manual', 'status': 'off'}
2026-02-10 16:26:24,488 - SmartRoom - INFO - STATUS | AC: 25.0C 69.8% | Lamp: 3lux br=0 | Cam: 0ppl | Opts: 188
2026-02-10 16:26:53,631 - SmartRoom - INFO - ========================================
2026-02-10 16:26:53,631 - SmartRoom - INFO - Running ML Optimization...
2026-02-10 16:26:53,631 - SmartRoom - INFO -   Occupancy: False | Persons: 0
2026-02-10 16:26:53,712 - ACGeneticOptimizer - INFO - GA Result: {'ac_temperature': 23, 'fan_speed': 1, 'duty_cycle': 0.0, 'should_turn_on': False, 'energy_score': np.float64(0.0), 'comfort_score': 1.0}
2026-02-10 16:26:53,713 - SmartRoom - INFO -   [AC] Temp:23C On:False
2026-02-10 16:26:53,713 - SmartRoom - INFO -   [Lamp] Brightness:0 On:False
2026-02-10 16:26:53,713 - SmartRoom - INFO - ========================================
2026-02-10 16:26:53,802 - SmartRoom - INFO - [AC Status] {'device': 'ac_controller', 'status': 'error', 'detail': 'No IR code for AC OFF', 'uptime': 4094, 'wifi_rssi': -64, 'ac_state': 'off', 'ac_temp': 24, 'ir_codes_learned': 0}
2026-02-10 16:26:54,810 - SmartRoom - INFO - [Lamp Status] {'brightness_pwm': 0, 'brightness_percent': 0, 'mode': 'manual', 'status': 'off'}
2026-02-10 16:27:23,714 - SmartRoom - INFO - ========================================
2026-02-10 16:27:23,714 - SmartRoom - INFO - Running ML Optimization...
2026-02-10 16:27:23,714 - SmartRoom - INFO -   Occupancy: False | Persons: 0
2026-02-10 16:27:23,835 - ACGeneticOptimizer - INFO - GA Result: {'ac_temperature': 30, 'fan_speed': 2, 'duty_cycle': 0.0, 'should_turn_on': False, 'energy_score': np.float64(0.0), 'comfort_score': 1.0}
2026-02-10 16:27:23,835 - SmartRoom - INFO -   [AC] Temp:30C On:False
2026-02-10 16:27:23,836 - SmartRoom - INFO -   [Lamp] Brightness:0 On:False
2026-02-10 16:27:23,836 - SmartRoom - INFO - ========================================
2026-02-10 16:27:23,899 - SmartRoom - INFO - [AC Status] {'device': 'ac_controller', 'status': 'error', 'detail': 'No IR code for AC OFF', 'uptime': 4124, 'wifi_rssi': -67, 'ac_state': 'off', 'ac_temp': 24, 'ir_codes_learned': 0}
2026-02-10 16:27:23,955 - SmartRoom - INFO - [Lamp Status] {'brightness_pwm': 0, 'brightness_percent': 0, 'mode': 'manual', 'status': 'off'}
2026-02-10 16:27:24,492 - SmartRoom - INFO - STATUS | AC: 25.0C 70.1% | Lamp: 3lux br=0 | Cam: 0ppl | Opts: 190
2026-02-10 16:27:53,836 - SmartRoom - INFO - ========================================
2026-02-10 16:27:53,836 - SmartRoom - INFO - Running ML Optimization...
2026-02-10 16:27:53,836 - SmartRoom - INFO -   Occupancy: False | Persons: 0
2026-02-10 16:27:53,918 - ACGeneticOptimizer - INFO - GA Result: {'ac_temperature': 21, 'fan_speed': 2, 'duty_cycle': 0.0, 'should_turn_on': False, 'energy_score': np.float64(0.0), 'comfort_score': 1.0}
2026-02-10 16:27:53,918 - SmartRoom - INFO -   [AC] Temp:21C On:False
2026-02-10 16:27:53,919 - SmartRoom - INFO -   [Lamp] Brightness:0 On:False
2026-02-10 16:27:53,919 - SmartRoom - INFO - ========================================
2026-02-10 16:27:53,960 - SmartRoom - INFO - [AC Status] {'device': 'ac_controller', 'status': 'error', 'detail': 'No IR code for AC OFF', 'uptime': 4154, 'wifi_rssi': -63, 'ac_state': 'off', 'ac_temp': 24, 'ir_codes_learned': 0}
2026-02-10 16:27:53,960 - SmartRoom - INFO - [Lamp Status] {'brightness_pwm': 0, 'brightness_percent': 0, 'mode': 'manual', 'status': 'off'}
2026-02-10 16:28:23,919 - SmartRoom - INFO - ========================================
2026-02-10 16:28:23,919 - SmartRoom - INFO - Running ML Optimization...
2026-02-10 16:28:23,919 - SmartRoom - INFO -   Occupancy: False | Persons: 0
2026-02-10 16:28:24,042 - ACGeneticOptimizer - INFO - GA Result: {'ac_temperature': 26, 'fan_speed': 1, 'duty_cycle': 0.0, 'should_turn_on': False, 'energy_score': np.float64(0.0), 'comfort_score': 1.0}
2026-02-10 16:28:24,043 - SmartRoom - INFO -   [AC] Temp:26C On:False
2026-02-10 16:28:24,043 - SmartRoom - INFO -   [Lamp] Brightness:0 On:False
2026-02-10 16:28:24,043 - SmartRoom - INFO - ========================================
2026-02-10 16:28:24,084 - SmartRoom - INFO - [AC Status] {'device': 'ac_controller', 'status': 'error', 'detail': 'No IR code for AC OFF', 'uptime': 4184, 'wifi_rssi': -67, 'ac_state': 'off', 'ac_temp': 24, 'ir_codes_learned': 0}
2026-02-10 16:28:24,086 - SmartRoom - INFO - [Lamp Status] {'brightness_pwm': 0, 'brightness_percent': 0, 'mode': 'manual', 'status': 'off'}
2026-02-10 16:28:24,497 - SmartRoom - INFO - STATUS | AC: 25.0C 70.5% | Lamp: 3lux br=0 | Cam: 0ppl | Opts: 192
2026-02-10 16:28:54,043 - SmartRoom - INFO - ========================================
2026-02-10 16:28:54,043 - SmartRoom - INFO - Running ML Optimization...
2026-02-10 16:28:54,043 - SmartRoom - INFO -   Occupancy: False | Persons: 0
2026-02-10 16:28:54,148 - ACGeneticOptimizer - INFO - GA Result: {'ac_temperature': 20, 'fan_speed': 3, 'duty_cycle': 0.0, 'should_turn_on': False, 'energy_score': np.float64(0.0), 'comfort_score': 1.0}
2026-02-10 16:28:54,148 - SmartRoom - INFO -   [AC] Temp:20C On:False
2026-02-10 16:28:54,148 - SmartRoom - INFO -   [Lamp] Brightness:0 On:False
2026-02-10 16:28:54,148 - SmartRoom - INFO - ========================================
2026-02-10 16:28:54,321 - SmartRoom - INFO - [AC Status] {'device': 'ac_controller', 'status': 'error', 'detail': 'No IR code for AC OFF', 'uptime': 4215, 'wifi_rssi': -66, 'ac_state': 'off', 'ac_temp': 24, 'ir_codes_learned': 0}
2026-02-10 16:28:54,346 - SmartRoom - INFO - [Lamp Status] {'brightness_pwm': 0, 'brightness_percent': 0, 'mode': 'manual', 'status': 'off'}
2026-02-10 16:29:24,149 - SmartRoom - INFO - ========================================
2026-02-10 16:29:24,149 - SmartRoom - INFO - Running ML Optimization...
2026-02-10 16:29:24,149 - SmartRoom - INFO -   Occupancy: False | Persons: 0
2026-02-10 16:29:24,258 - ACGeneticOptimizer - INFO - GA Result: {'ac_temperature': 28, 'fan_speed': 1, 'duty_cycle': 0.0, 'should_turn_on': False, 'energy_score': np.float64(0.0), 'comfort_score': 1.0}
2026-02-10 16:29:24,259 - SmartRoom - INFO -   [AC] Temp:28C On:False
2026-02-10 16:29:24,259 - SmartRoom - INFO -   [Lamp] Brightness:0 On:False
2026-02-10 16:29:24,259 - SmartRoom - INFO - ========================================
2026-02-10 16:29:24,312 - SmartRoom - INFO - [AC Status] {'device': 'ac_controller', 'status': 'error', 'detail': 'No IR code for AC OFF', 'uptime': 4245, 'wifi_rssi': -69, 'ac_state': 'off', 'ac_temp': 24, 'ir_codes_learned': 0}
2026-02-10 16:29:24,314 - SmartRoom - INFO - [Lamp Status] {'brightness_pwm': 0, 'brightness_percent': 0, 'mode': 'manual', 'status': 'off'}
2026-02-10 16:29:24,501 - SmartRoom - INFO - STATUS | AC: 25.0C 70.9% | Lamp: 3lux br=0 | Cam: 0ppl | Opts: 194
2026-02-10 16:29:54,260 - SmartRoom - INFO - ========================================
2026-02-10 16:29:54,260 - SmartRoom - INFO - Running ML Optimization...
2026-02-10 16:29:54,260 - SmartRoom - INFO -   Occupancy: False | Persons: 0
2026-02-10 16:29:54,360 - ACGeneticOptimizer - INFO - GA Result: {'ac_temperature': 29, 'fan_speed': 1, 'duty_cycle': 0.0, 'should_turn_on': False, 'energy_score': np.float64(0.0), 'comfort_score': 1.0}
2026-02-10 16:29:54,361 - SmartRoom - INFO -   [AC] Temp:29C On:False
2026-02-10 16:29:54,361 - SmartRoom - INFO -   [Lamp] Brightness:0 On:False
2026-02-10 16:29:54,361 - SmartRoom - INFO - ========================================
2026-02-10 16:29:54,633 - SmartRoom - INFO - [AC Status] {'device': 'ac_controller', 'status': 'error', 'detail': 'No IR code for AC OFF', 'uptime': 4275, 'wifi_rssi': -65, 'ac_state': 'off', 'ac_temp': 24, 'ir_codes_learned': 0}
2026-02-10 16:29:54,634 - SmartRoom - INFO - [Lamp Status] {'brightness_pwm': 0, 'brightness_percent': 0, 'mode': 'manual', 'status': 'off'}
2026-02-10 16:30:24,361 - SmartRoom - INFO - ========================================
2026-02-10 16:30:24,361 - SmartRoom - INFO - Running ML Optimization...
2026-02-10 16:30:24,362 - SmartRoom - INFO -   Occupancy: False | Persons: 0
2026-02-10 16:30:24,468 - ACGeneticOptimizer - INFO - GA Result: {'ac_temperature': 21, 'fan_speed': 2, 'duty_cycle': 0.0, 'should_turn_on': False, 'energy_score': np.float64(0.0), 'comfort_score': 1.0}
2026-02-10 16:30:24,468 - SmartRoom - INFO -   [AC] Temp:21C On:False
2026-02-10 16:30:24,468 - SmartRoom - INFO -   [Lamp] Brightness:0 On:False
2026-02-10 16:30:24,468 - SmartRoom - INFO - ========================================
2026-02-10 16:30:24,505 - SmartRoom - INFO - STATUS | AC: 25.0C 71.2% | Lamp: 3lux br=0 | Cam: 0ppl | Opts: 196
2026-02-10 16:30:24,626 - SmartRoom - INFO - [AC Status] {'device': 'ac_controller', 'status': 'error', 'detail': 'No IR code for AC OFF', 'uptime': 4305, 'wifi_rssi': -63, 'ac_state': 'off', 'ac_temp': 24, 'ir_codes_learned': 0}
2026-02-10 16:30:24,627 - SmartRoom - INFO - [Lamp Status] {'brightness_pwm': 0, 'brightness_percent': 0, 'mode': 'manual', 'status': 'off'}
2026-02-10 16:30:54,469 - SmartRoom - INFO - ========================================
2026-02-10 16:30:54,469 - SmartRoom - INFO - Running ML Optimization...
2026-02-10 16:30:54,469 - SmartRoom - INFO -   Occupancy: False | Persons: 0
2026-02-10 16:30:54,553 - ACGeneticOptimizer - INFO - GA Result: {'ac_temperature': 17, 'fan_speed': 1, 'duty_cycle': 0.0, 'should_turn_on': False, 'energy_score': np.float64(0.0), 'comfort_score': 1.0}
2026-02-10 16:30:54,553 - SmartRoom - INFO -   [AC] Temp:17C On:False
2026-02-10 16:30:54,553 - SmartRoom - INFO -   [Lamp] Brightness:0 On:False
2026-02-10 16:30:54,554 - SmartRoom - INFO - ========================================
2026-02-10 16:30:54,619 - SmartRoom - INFO - [AC Status] {'device': 'ac_controller', 'status': 'error', 'detail': 'No IR code for AC OFF', 'uptime': 4335, 'wifi_rssi': -61, 'ac_state': 'off', 'ac_temp': 24, 'ir_codes_learned': 0}
2026-02-10 16:30:54,647 - SmartRoom - INFO - [Lamp Status] {'brightness_pwm': 0, 'brightness_percent': 0, 'mode': 'manual', 'status': 'off'}
2026-02-10 16:31:24,514 - SmartRoom - INFO - STATUS | AC: 25.1C 71.2% | Lamp: 3lux br=0 | Cam: 0ppl | Opts: 197
2026-02-10 16:31:24,554 - SmartRoom - INFO - ========================================
2026-02-10 16:31:24,554 - SmartRoom - INFO - Running ML Optimization...
2026-02-10 16:31:24,554 - SmartRoom - INFO -   Occupancy: False | Persons: 0
2026-02-10 16:31:24,670 - ACGeneticOptimizer - INFO - GA Result: {'ac_temperature': 26, 'fan_speed': 1, 'duty_cycle': 0.0, 'should_turn_on': False, 'energy_score': np.float64(0.0), 'comfort_score': 1.0}
2026-02-10 16:31:24,670 - SmartRoom - INFO -   [AC] Temp:26C On:False
2026-02-10 16:31:24,670 - SmartRoom - INFO -   [Lamp] Brightness:0 On:False
2026-02-10 16:31:24,671 - SmartRoom - INFO - ========================================
2026-02-10 16:31:25,153 - SmartRoom - INFO - [Lamp Status] {'brightness_pwm': 0, 'brightness_percent': 0, 'mode': 'manual', 'status': 'off'}
2026-02-10 16:31:25,240 - SmartRoom - INFO - [AC Status] {'device': 'ac_controller', 'status': 'error', 'detail': 'No IR code for AC OFF', 'uptime': 4365, 'wifi_rssi': -63, 'ac_state': 'off', 'ac_temp': 24, 'ir_codes_learned': 0}
2026-02-10 16:31:54,671 - SmartRoom - INFO - ========================================
2026-02-10 16:31:54,671 - SmartRoom - INFO - Running ML Optimization...
2026-02-10 16:31:54,671 - SmartRoom - INFO -   Occupancy: False | Persons: 0
2026-02-10 16:31:54,789 - ACGeneticOptimizer - INFO - GA Result: {'ac_temperature': 28, 'fan_speed': 1, 'duty_cycle': 0.0, 'should_turn_on': False, 'energy_score': np.float64(0.0), 'comfort_score': 1.0}
2026-02-10 16:31:54,789 - SmartRoom - INFO -   [AC] Temp:28C On:False
2026-02-10 16:31:54,790 - SmartRoom - INFO -   [Lamp] Brightness:0 On:False
2026-02-10 16:31:54,790 - SmartRoom - INFO - ========================================
2026-02-10 16:31:54,994 - SmartRoom - INFO - [AC Status] {'device': 'ac_controller', 'status': 'error', 'detail': 'No IR code for AC OFF', 'uptime': 4395, 'wifi_rssi': -62, 'ac_state': 'off', 'ac_temp': 24, 'ir_codes_learned': 0}
2026-02-10 16:31:54,995 - SmartRoom - INFO - [Lamp Status] {'brightness_pwm': 0, 'brightness_percent': 0, 'mode': 'manual', 'status': 'off'}
2026-02-10 16:32:24,522 - SmartRoom - INFO - STATUS | AC: 25.1C 71.5% | Lamp: 3lux br=0 | Cam: 0ppl | Opts: 199
2026-02-10 16:32:24,790 - SmartRoom - INFO - ========================================
2026-02-10 16:32:24,791 - SmartRoom - INFO - Running ML Optimization...
2026-02-10 16:32:24,791 - SmartRoom - INFO -   Occupancy: False | Persons: 0
2026-02-10 16:32:24,903 - ACGeneticOptimizer - INFO - GA Result: {'ac_temperature': 24, 'fan_speed': 2, 'duty_cycle': 0.0, 'should_turn_on': False, 'energy_score': np.float64(0.0), 'comfort_score': 1.0}
2026-02-10 16:32:24,903 - SmartRoom - INFO -   [AC] Temp:24C On:False
2026-02-10 16:32:24,903 - SmartRoom - INFO -   [Lamp] Brightness:0 On:False
2026-02-10 16:32:24,904 - SmartRoom - INFO - ========================================
2026-02-10 16:32:25,050 - SmartRoom - INFO - [AC Status] {'device': 'ac_controller', 'status': 'error', 'detail': 'No IR code for AC OFF', 'uptime': 4425, 'wifi_rssi': -63, 'ac_state': 'off', 'ac_temp': 24, 'ir_codes_learned': 0}
2026-02-10 16:32:25,050 - SmartRoom - INFO - [Lamp Status] {'brightness_pwm': 0, 'brightness_percent': 0, 'mode': 'manual', 'status': 'off'}
2026-02-10 16:32:54,904 - SmartRoom - INFO - ========================================
2026-02-10 16:32:54,904 - SmartRoom - INFO - Running ML Optimization...
2026-02-10 16:32:54,904 - SmartRoom - INFO -   Occupancy: False | Persons: 0
2026-02-10 16:32:55,021 - ACGeneticOptimizer - INFO - GA Result: {'ac_temperature': 23, 'fan_speed': 2, 'duty_cycle': 0.0, 'should_turn_on': False, 'energy_score': np.float64(0.0), 'comfort_score': 1.0}
2026-02-10 16:32:55,022 - SmartRoom - INFO -   [AC] Temp:23C On:False
2026-02-10 16:32:55,024 - SmartRoom - INFO -   [Lamp] Brightness:0 On:False
2026-02-10 16:32:55,026 - SmartRoom - INFO - ========================================
2026-02-10 16:32:55,102 - SmartRoom - INFO - [AC Status] {'device': 'ac_controller', 'status': 'error', 'detail': 'No IR code for AC OFF', 'uptime': 4455, 'wifi_rssi': -68, 'ac_state': 'off', 'ac_temp': 24, 'ir_codes_learned': 0}
2026-02-10 16:32:55,110 - SmartRoom - INFO - [Lamp Status] {'brightness_pwm': 0, 'brightness_percent': 0, 'mode': 'manual', 'status': 'off'}
2026-02-10 16:33:24,528 - SmartRoom - INFO - STATUS | AC: 25.1C 71.6% | Lamp: 3lux br=0 | Cam: 0ppl | Opts: 201
2026-02-10 16:33:25,027 - SmartRoom - INFO - ========================================
2026-02-10 16:33:25,027 - SmartRoom - INFO - Running ML Optimization...
2026-02-10 16:33:25,027 - SmartRoom - INFO -   Occupancy: False | Persons: 0
2026-02-10 16:33:25,110 - ACGeneticOptimizer - INFO - GA Result: {'ac_temperature': 18, 'fan_speed': 1, 'duty_cycle': 0.0, 'should_turn_on': False, 'energy_score': np.float64(0.0), 'comfort_score': 1.0}
2026-02-10 16:33:25,110 - SmartRoom - INFO -   [AC] Temp:18C On:False
2026-02-10 16:33:25,111 - SmartRoom - INFO -   [Lamp] Brightness:0 On:False
2026-02-10 16:33:25,111 - SmartRoom - INFO - ========================================
2026-02-10 16:33:25,152 - SmartRoom - INFO - [AC Status] {'device': 'ac_controller', 'status': 'error', 'detail': 'No IR code for AC OFF', 'uptime': 4485, 'wifi_rssi': -69, 'ac_state': 'off', 'ac_temp': 24, 'ir_codes_learned': 0}
2026-02-10 16:33:25,158 - SmartRoom - INFO - [Lamp Status] {'brightness_pwm': 0, 'brightness_percent': 0, 'mode': 'manual', 'status': 'off'}
2026-02-10 16:33:55,111 - SmartRoom - INFO - ========================================
2026-02-10 16:33:55,111 - SmartRoom - INFO - Running ML Optimization...
2026-02-10 16:33:55,111 - SmartRoom - INFO -   Occupancy: False | Persons: 0
2026-02-10 16:33:55,218 - ACGeneticOptimizer - INFO - GA Result: {'ac_temperature': 19, 'fan_speed': 1, 'duty_cycle': 0.0, 'should_turn_on': False, 'energy_score': np.float64(0.0), 'comfort_score': 1.0}
2026-02-10 16:33:55,219 - SmartRoom - INFO -   [AC] Temp:19C On:False
2026-02-10 16:33:55,219 - SmartRoom - INFO -   [Lamp] Brightness:0 On:False
2026-02-10 16:33:55,219 - SmartRoom - INFO - ========================================
2026-02-10 16:33:55,376 - SmartRoom - INFO - [AC Status] {'device': 'ac_controller', 'status': 'error', 'detail': 'No IR code for AC OFF', 'uptime': 4516, 'wifi_rssi': -63, 'ac_state': 'off', 'ac_temp': 24, 'ir_codes_learned': 0}
2026-02-10 16:33:55,397 - SmartRoom - INFO - [Lamp Status] {'brightness_pwm': 0, 'brightness_percent': 0, 'mode': 'manual', 'status': 'off'}
2026-02-10 16:34:24,535 - SmartRoom - INFO - STATUS | AC: 25.1C 71.9% | Lamp: 3lux br=0 | Cam: 0ppl | Opts: 203
2026-02-10 16:34:25,219 - SmartRoom - INFO - ========================================
2026-02-10 16:34:25,220 - SmartRoom - INFO - Running ML Optimization...
2026-02-10 16:34:25,220 - SmartRoom - INFO -   Occupancy: False | Persons: 0
2026-02-10 16:34:25,336 - ACGeneticOptimizer - INFO - GA Result: {'ac_temperature': 18, 'fan_speed': 2, 'duty_cycle': 0.0, 'should_turn_on': False, 'energy_score': np.float64(0.0), 'comfort_score': 1.0}
2026-02-10 16:34:25,336 - SmartRoom - INFO -   [AC] Temp:18C On:False
2026-02-10 16:34:25,336 - SmartRoom - INFO -   [Lamp] Brightness:0 On:False
2026-02-10 16:34:25,337 - SmartRoom - INFO - ========================================
2026-02-10 16:34:25,399 - SmartRoom - INFO - [AC Status] {'device': 'ac_controller', 'status': 'error', 'detail': 'No IR code for AC OFF', 'uptime': 4546, 'wifi_rssi': -75, 'ac_state': 'off', 'ac_temp': 24, 'ir_codes_learned': 0}
2026-02-10 16:34:25,413 - SmartRoom - INFO - [Lamp Status] {'brightness_pwm': 0, 'brightness_percent': 0, 'mode': 'manual', 'status': 'off'}
2026-02-10 16:34:55,337 - SmartRoom - INFO - ========================================
2026-02-10 16:34:55,337 - SmartRoom - INFO - Running ML Optimization...
2026-02-10 16:34:55,337 - SmartRoom - INFO -   Occupancy: False | Persons: 0
2026-02-10 16:34:55,448 - ACGeneticOptimizer - INFO - GA Result: {'ac_temperature': 26, 'fan_speed': 1, 'duty_cycle': 0.0, 'should_turn_on': False, 'energy_score': np.float64(0.0), 'comfort_score': 1.0}
2026-02-10 16:34:55,448 - SmartRoom - INFO -   [AC] Temp:26C On:False
2026-02-10 16:34:55,449 - SmartRoom - INFO -   [Lamp] Brightness:0 On:False
2026-02-10 16:34:55,449 - SmartRoom - INFO - ========================================
2026-02-10 16:34:55,518 - SmartRoom - INFO - [AC Status] {'device': 'ac_controller', 'status': 'error', 'detail': 'No IR code for AC OFF', 'uptime': 4576, 'wifi_rssi': -69, 'ac_state': 'off', 'ac_temp': 24, 'ir_codes_learned': 0}
2026-02-10 16:34:55,519 - SmartRoom - INFO - [Lamp Status] {'brightness_pwm': 0, 'brightness_percent': 0, 'mode': 'manual', 'status': 'off'}
2026-02-10 16:35:24,540 - SmartRoom - INFO - STATUS | AC: 25.1C 72.0% | Lamp: 3lux br=0 | Cam: 0ppl | Opts: 205
2026-02-10 16:35:25,449 - SmartRoom - INFO - ========================================
2026-02-10 16:35:25,449 - SmartRoom - INFO - Running ML Optimization...
2026-02-10 16:35:25,450 - SmartRoom - INFO -   Occupancy: False | Persons: 0
2026-02-10 16:35:25,530 - ACGeneticOptimizer - INFO - GA Result: {'ac_temperature': 23, 'fan_speed': 1, 'duty_cycle': 0.0, 'should_turn_on': False, 'energy_score': np.float64(0.0), 'comfort_score': 1.0}
2026-02-10 16:35:25,530 - SmartRoom - INFO -   [AC] Temp:23C On:False
2026-02-10 16:35:25,531 - SmartRoom - INFO -   [Lamp] Brightness:0 On:False
2026-02-10 16:35:25,531 - SmartRoom - INFO - ========================================
2026-02-10 16:35:25,572 - SmartRoom - INFO - [AC Status] {'device': 'ac_controller', 'status': 'error', 'detail': 'No IR code for AC OFF', 'uptime': 4606, 'wifi_rssi': -63, 'ac_state': 'off', 'ac_temp': 24, 'ir_codes_learned': 0}
2026-02-10 16:35:25,576 - SmartRoom - INFO - [Lamp Status] {'brightness_pwm': 0, 'brightness_percent': 0, 'mode': 'manual', 'status': 'off'}
2026-02-10 16:35:55,531 - SmartRoom - INFO - ========================================
2026-02-10 16:35:55,531 - SmartRoom - INFO - Running ML Optimization...
2026-02-10 16:35:55,531 - SmartRoom - INFO -   Occupancy: False | Persons: 0
2026-02-10 16:35:55,651 - ACGeneticOptimizer - INFO - GA Result: {'ac_temperature': 23, 'fan_speed': 2, 'duty_cycle': 0.0, 'should_turn_on': False, 'energy_score': np.float64(0.0), 'comfort_score': 1.0}
2026-02-10 16:35:55,652 - SmartRoom - INFO -   [AC] Temp:23C On:False
2026-02-10 16:35:55,652 - SmartRoom - INFO -   [Lamp] Brightness:0 On:False
2026-02-10 16:35:55,652 - SmartRoom - INFO - ========================================
2026-02-10 16:35:55,875 - SmartRoom - INFO - [AC Status] {'device': 'ac_controller', 'status': 'error', 'detail': 'No IR code for AC OFF', 'uptime': 4636, 'wifi_rssi': -64, 'ac_state': 'off', 'ac_temp': 24, 'ir_codes_learned': 0}
2026-02-10 16:35:55,909 - SmartRoom - INFO - [Lamp Status] {'brightness_pwm': 0, 'brightness_percent': 0, 'mode': 'manual', 'status': 'off'}
2026-02-10 16:36:24,549 - SmartRoom - INFO - STATUS | AC: 25.0C 72.2% | Lamp: 3lux br=0 | Cam: 0ppl | Opts: 207
2026-02-10 16:36:25,653 - SmartRoom - INFO - ========================================
2026-02-10 16:36:25,653 - SmartRoom - INFO - Running ML Optimization...
2026-02-10 16:36:25,653 - SmartRoom - INFO -   Occupancy: False | Persons: 0
2026-02-10 16:36:25,775 - ACGeneticOptimizer - INFO - GA Result: {'ac_temperature': 29, 'fan_speed': 2, 'duty_cycle': 0.0, 'should_turn_on': False, 'energy_score': np.float64(0.0), 'comfort_score': 1.0}
2026-02-10 16:36:25,776 - SmartRoom - INFO -   [AC] Temp:29C On:False
2026-02-10 16:36:25,776 - SmartRoom - INFO -   [Lamp] Brightness:0 On:False
2026-02-10 16:36:25,777 - SmartRoom - INFO - ========================================
2026-02-10 16:36:25,881 - SmartRoom - INFO - [AC Status] {'device': 'ac_controller', 'status': 'error', 'detail': 'No IR code for AC OFF', 'uptime': 4666, 'wifi_rssi': -66, 'ac_state': 'off', 'ac_temp': 24, 'ir_codes_learned': 0}
2026-02-10 16:36:25,892 - SmartRoom - INFO - [Lamp Status] {'brightness_pwm': 0, 'brightness_percent': 0, 'mode': 'manual', 'status': 'off'}
2026-02-10 16:36:55,777 - SmartRoom - INFO - ========================================
2026-02-10 16:36:55,777 - SmartRoom - INFO - Running ML Optimization...
2026-02-10 16:36:55,777 - SmartRoom - INFO -   Occupancy: False | Persons: 0
2026-02-10 16:36:55,899 - ACGeneticOptimizer - INFO - GA Result: {'ac_temperature': 23, 'fan_speed': 1, 'duty_cycle': 0.0, 'should_turn_on': False, 'energy_score': np.float64(0.0), 'comfort_score': 1.0}
2026-02-10 16:36:55,900 - SmartRoom - INFO -   [AC] Temp:23C On:False
2026-02-10 16:36:55,900 - SmartRoom - INFO -   [Lamp] Brightness:0 On:False
2026-02-10 16:36:55,900 - SmartRoom - INFO - ========================================
2026-02-10 16:36:55,945 - SmartRoom - INFO - [AC Status] {'device': 'ac_controller', 'status': 'error', 'detail': 'No IR code for AC OFF', 'uptime': 4696, 'wifi_rssi': -59, 'ac_state': 'off', 'ac_temp': 24, 'ir_codes_learned': 0}
2026-02-10 16:36:55,945 - SmartRoom - INFO - [Lamp Status] {'brightness_pwm': 0, 'brightness_percent': 0, 'mode': 'manual', 'status': 'off'}
2026-02-10 16:37:24,555 - SmartRoom - INFO - STATUS | AC: 25.0C 72.5% | Lamp: 3lux br=0 | Cam: 0ppl | Opts: 209
2026-02-10 16:37:25,901 - SmartRoom - INFO - ========================================
2026-02-10 16:37:25,901 - SmartRoom - INFO - Running ML Optimization...
2026-02-10 16:37:25,901 - SmartRoom - INFO -   Occupancy: False | Persons: 0
2026-02-10 16:37:26,009 - ACGeneticOptimizer - INFO - GA Result: {'ac_temperature': 24, 'fan_speed': 1, 'duty_cycle': 0.0, 'should_turn_on': False, 'energy_score': np.float64(0.0), 'comfort_score': 1.0}
2026-02-10 16:37:26,010 - SmartRoom - INFO -   [AC] Temp:24C On:False
2026-02-10 16:37:26,010 - SmartRoom - INFO -   [Lamp] Brightness:0 On:False
2026-02-10 16:37:26,010 - SmartRoom - INFO - ========================================
2026-02-10 16:37:26,099 - SmartRoom - INFO - [AC Status] {'device': 'ac_controller', 'status': 'error', 'detail': 'No IR code for AC OFF', 'uptime': 4726, 'wifi_rssi': -68, 'ac_state': 'off', 'ac_temp': 24, 'ir_codes_learned': 0}
2026-02-10 16:37:26,108 - SmartRoom - INFO - [Lamp Status] {'brightness_pwm': 0, 'brightness_percent': 0, 'mode': 'manual', 'status': 'off'}
2026-02-10 16:37:56,011 - SmartRoom - INFO - ========================================
2026-02-10 16:37:56,011 - SmartRoom - INFO - Running ML Optimization...
2026-02-10 16:37:56,011 - SmartRoom - INFO -   Occupancy: False | Persons: 0
2026-02-10 16:37:56,122 - ACGeneticOptimizer - INFO - GA Result: {'ac_temperature': 29, 'fan_speed': 3, 'duty_cycle': 0.0, 'should_turn_on': False, 'energy_score': np.float64(0.0), 'comfort_score': 1.0}
2026-02-10 16:37:56,122 - SmartRoom - INFO -   [AC] Temp:29C On:False
2026-02-10 16:37:56,122 - SmartRoom - INFO -   [Lamp] Brightness:0 On:False
2026-02-10 16:37:56,122 - SmartRoom - INFO - ========================================
2026-02-10 16:37:56,354 - SmartRoom - INFO - [AC Status] {'device': 'ac_controller', 'status': 'error', 'detail': 'No IR code for AC OFF', 'uptime': 4757, 'wifi_rssi': -62, 'ac_state': 'off', 'ac_temp': 24, 'ir_codes_learned': 0}
2026-02-10 16:37:56,362 - SmartRoom - INFO - [Lamp Status] {'brightness_pwm': 0, 'brightness_percent': 0, 'mode': 'manual', 'status': 'off'}
2026-02-10 16:38:24,559 - SmartRoom - INFO - STATUS | AC: 25.0C 72.8% | Lamp: 3lux br=0 | Cam: 0ppl | Opts: 211
2026-02-10 16:38:26,123 - SmartRoom - INFO - ========================================
2026-02-10 16:38:26,123 - SmartRoom - INFO - Running ML Optimization...
2026-02-10 16:38:26,123 - SmartRoom - INFO -   Occupancy: False | Persons: 0
2026-02-10 16:38:26,235 - ACGeneticOptimizer - INFO - GA Result: {'ac_temperature': 19, 'fan_speed': 2, 'duty_cycle': 0.0, 'should_turn_on': False, 'energy_score': np.float64(0.0), 'comfort_score': 1.0}
2026-02-10 16:38:26,236 - SmartRoom - INFO -   [AC] Temp:19C On:False
2026-02-10 16:38:26,236 - SmartRoom - INFO -   [Lamp] Brightness:0 On:False
2026-02-10 16:38:26,237 - SmartRoom - INFO - ========================================
2026-02-10 16:38:26,307 - SmartRoom - INFO - [AC Status] {'device': 'ac_controller', 'status': 'error', 'detail': 'No IR code for AC OFF', 'uptime': 4787, 'wifi_rssi': -65, 'ac_state': 'off', 'ac_temp': 24, 'ir_codes_learned': 0}
2026-02-10 16:38:26,339 - SmartRoom - INFO - [Lamp Status] {'brightness_pwm': 0, 'brightness_percent': 0, 'mode': 'manual', 'status': 'off'}
2026-02-10 16:38:56,237 - SmartRoom - INFO - ========================================
2026-02-10 16:38:56,237 - SmartRoom - INFO - Running ML Optimization...
2026-02-10 16:38:56,237 - SmartRoom - INFO -   Occupancy: False | Persons: 0
2026-02-10 16:38:56,318 - ACGeneticOptimizer - INFO - GA Result: {'ac_temperature': 17, 'fan_speed': 2, 'duty_cycle': 0.0, 'should_turn_on': False, 'energy_score': np.float64(0.0), 'comfort_score': 1.0}
2026-02-10 16:38:56,318 - SmartRoom - INFO -   [AC] Temp:17C On:False
2026-02-10 16:38:56,318 - SmartRoom - INFO -   [Lamp] Brightness:0 On:False
2026-02-10 16:38:56,318 - SmartRoom - INFO - ========================================
2026-02-10 16:38:56,360 - SmartRoom - INFO - [AC Status] {'device': 'ac_controller', 'status': 'error', 'detail': 'No IR code for AC OFF', 'uptime': 4817, 'wifi_rssi': -64, 'ac_state': 'off', 'ac_temp': 24, 'ir_codes_learned': 0}
2026-02-10 16:38:56,360 - SmartRoom - INFO - [Lamp Status] {'brightness_pwm': 0, 'brightness_percent': 0, 'mode': 'manual', 'status': 'off'}
2026-02-10 16:39:24,564 - SmartRoom - INFO - STATUS | AC: 25.1C 73.2% | Lamp: 3lux br=0 | Cam: 0ppl | Opts: 213
2026-02-10 16:39:26,319 - SmartRoom - INFO - ========================================
2026-02-10 16:39:26,319 - SmartRoom - INFO - Running ML Optimization...
2026-02-10 16:39:26,319 - SmartRoom - INFO -   Occupancy: False | Persons: 0
2026-02-10 16:39:26,443 - ACGeneticOptimizer - INFO - GA Result: {'ac_temperature': 25, 'fan_speed': 3, 'duty_cycle': 0.0, 'should_turn_on': False, 'energy_score': np.float64(0.0), 'comfort_score': 1.0}
2026-02-10 16:39:26,444 - SmartRoom - INFO -   [AC] Temp:25C On:False
2026-02-10 16:39:26,444 - SmartRoom - INFO -   [Lamp] Brightness:0 On:False
2026-02-10 16:39:26,444 - SmartRoom - INFO - ========================================
2026-02-10 16:39:26,625 - SmartRoom - INFO - [AC Status] {'device': 'ac_controller', 'status': 'error', 'detail': 'No IR code for AC OFF', 'uptime': 4847, 'wifi_rssi': -61, 'ac_state': 'off', 'ac_temp': 24, 'ir_codes_learned': 0}
2026-02-10 16:39:26,635 - SmartRoom - INFO - [Lamp Status] {'brightness_pwm': 0, 'brightness_percent': 0, 'mode': 'manual', 'status': 'off'}
2026-02-10 16:39:56,445 - SmartRoom - INFO - ========================================
2026-02-10 16:39:56,445 - SmartRoom - INFO - Running ML Optimization...
2026-02-10 16:39:56,445 - SmartRoom - INFO -   Occupancy: False | Persons: 0
2026-02-10 16:39:56,557 - ACGeneticOptimizer - INFO - GA Result: {'ac_temperature': 20, 'fan_speed': 1, 'duty_cycle': 0.0, 'should_turn_on': False, 'energy_score': np.float64(0.0), 'comfort_score': 1.0}
2026-02-10 16:39:56,557 - SmartRoom - INFO -   [AC] Temp:20C On:False
2026-02-10 16:39:56,557 - SmartRoom - INFO -   [Lamp] Brightness:0 On:False
2026-02-10 16:39:56,557 - SmartRoom - INFO - ========================================
2026-02-10 16:39:56,625 - SmartRoom - INFO - [AC Status] {'device': 'ac_controller', 'status': 'error', 'detail': 'No IR code for AC OFF', 'uptime': 4877, 'wifi_rssi': -62, 'ac_state': 'off', 'ac_temp': 24, 'ir_codes_learned': 0}
2026-02-10 16:39:56,630 - SmartRoom - INFO - [Lamp Status] {'brightness_pwm': 0, 'brightness_percent': 0, 'mode': 'manual', 'status': 'off'}
2026-02-10 16:40:24,568 - SmartRoom - INFO - STATUS | AC: 25.1C 73.6% | Lamp: 3lux br=0 | Cam: 0ppl | Opts: 215
2026-02-10 16:40:26,557 - SmartRoom - INFO - ========================================
2026-02-10 16:40:26,558 - SmartRoom - INFO - Running ML Optimization...
2026-02-10 16:40:26,558 - SmartRoom - INFO -   Occupancy: False | Persons: 0
2026-02-10 16:40:26,676 - ACGeneticOptimizer - INFO - GA Result: {'ac_temperature': 18, 'fan_speed': 2, 'duty_cycle': 0.0, 'should_turn_on': False, 'energy_score': np.float64(0.0), 'comfort_score': 1.0}
2026-02-10 16:40:26,677 - SmartRoom - INFO -   [AC] Temp:18C On:False
2026-02-10 16:40:26,677 - SmartRoom - INFO -   [Lamp] Brightness:0 On:False
2026-02-10 16:40:26,677 - SmartRoom - INFO - ========================================
2026-02-10 16:40:26,736 - SmartRoom - INFO - [Lamp Status] {'brightness_pwm': 0, 'brightness_percent': 0, 'mode': 'manual', 'status': 'off'}
2026-02-10 16:40:26,738 - SmartRoom - INFO - [AC Status] {'device': 'ac_controller', 'status': 'error', 'detail': 'No IR code for AC OFF', 'uptime': 4907, 'wifi_rssi': -66, 'ac_state': 'off', 'ac_temp': 24, 'ir_codes_learned': 0}
2026-02-10 16:40:56,677 - SmartRoom - INFO - ========================================
2026-02-10 16:40:56,677 - SmartRoom - INFO - Running ML Optimization...
2026-02-10 16:40:56,677 - SmartRoom - INFO -   Occupancy: False | Persons: 0
2026-02-10 16:40:56,801 - ACGeneticOptimizer - INFO - GA Result: {'ac_temperature': 16, 'fan_speed': 1, 'duty_cycle': 0.0, 'should_turn_on': False, 'energy_score': np.float64(0.0), 'comfort_score': 1.0}
2026-02-10 16:40:56,802 - SmartRoom - INFO -   [AC] Temp:16C On:False
2026-02-10 16:40:56,802 - SmartRoom - INFO -   [Lamp] Brightness:0 On:False
2026-02-10 16:40:56,803 - SmartRoom - INFO - ========================================
2026-02-10 16:40:56,892 - SmartRoom - INFO - [AC Status] {'device': 'ac_controller', 'status': 'error', 'detail': 'No IR code for AC OFF', 'uptime': 4937, 'wifi_rssi': -67, 'ac_state': 'off', 'ac_temp': 24, 'ir_codes_learned': 0}
2026-02-10 16:40:56,902 - SmartRoom - INFO - [Lamp Status] {'brightness_pwm': 0, 'brightness_percent': 0, 'mode': 'manual', 'status': 'off'}
2026-02-10 16:41:24,577 - SmartRoom - INFO - STATUS | AC: 25.0C 73.9% | Lamp: 3lux br=0 | Cam: 0ppl | Opts: 217
2026-02-10 16:41:26,803 - SmartRoom - INFO - ========================================
2026-02-10 16:41:26,803 - SmartRoom - INFO - Running ML Optimization...
2026-02-10 16:41:26,803 - SmartRoom - INFO -   Occupancy: False | Persons: 0
2026-02-10 16:41:26,923 - ACGeneticOptimizer - INFO - GA Result: {'ac_temperature': 16, 'fan_speed': 1, 'duty_cycle': 0.0, 'should_turn_on': False, 'energy_score': np.float64(0.0), 'comfort_score': 1.0}
2026-02-10 16:41:26,924 - SmartRoom - INFO -   [AC] Temp:16C On:False
2026-02-10 16:41:26,924 - SmartRoom - INFO -   [Lamp] Brightness:0 On:False
2026-02-10 16:41:26,924 - SmartRoom - INFO - ========================================
2026-02-10 16:41:26,988 - SmartRoom - INFO - [Lamp Status] {'brightness_pwm': 0, 'brightness_percent': 0, 'mode': 'manual', 'status': 'off'}
2026-02-10 16:41:27,022 - SmartRoom - INFO - [AC Status] {'device': 'ac_controller', 'status': 'error', 'detail': 'No IR code for AC OFF', 'uptime': 4967, 'wifi_rssi': -71, 'ac_state': 'off', 'ac_temp': 24, 'ir_codes_learned': 0}
2026-02-10 16:41:56,925 - SmartRoom - INFO - ========================================
2026-02-10 16:41:56,925 - SmartRoom - INFO - Running ML Optimization...
2026-02-10 16:41:56,925 - SmartRoom - INFO -   Occupancy: False | Persons: 0
2026-02-10 16:41:57,036 - ACGeneticOptimizer - INFO - GA Result: {'ac_temperature': 17, 'fan_speed': 2, 'duty_cycle': 0.0, 'should_turn_on': False, 'energy_score': np.float64(0.0), 'comfort_score': 1.0}
2026-02-10 16:41:57,036 - SmartRoom - INFO -   [AC] Temp:17C On:False
2026-02-10 16:41:57,036 - SmartRoom - INFO -   [Lamp] Brightness:0 On:False
2026-02-10 16:41:57,037 - SmartRoom - INFO - ========================================
2026-02-10 16:41:57,080 - SmartRoom - INFO - [AC Status] {'device': 'ac_controller', 'status': 'error', 'detail': 'No IR code for AC OFF', 'uptime': 4997, 'wifi_rssi': -66, 'ac_state': 'off', 'ac_temp': 24, 'ir_codes_learned': 0}
2026-02-10 16:41:57,084 - SmartRoom - INFO - [Lamp Status] {'brightness_pwm': 0, 'brightness_percent': 0, 'mode': 'manual', 'status': 'off'}
2026-02-10 16:42:24,582 - SmartRoom - INFO - STATUS | AC: 25.0C 74.0% | Lamp: 3lux br=0 | Cam: 0ppl | Opts: 219
2026-02-10 16:42:27,037 - SmartRoom - INFO - ========================================
2026-02-10 16:42:27,037 - SmartRoom - INFO - Running ML Optimization...
2026-02-10 16:42:27,037 - SmartRoom - INFO -   Occupancy: False | Persons: 0
2026-02-10 16:42:27,156 - ACGeneticOptimizer - INFO - GA Result: {'ac_temperature': 22, 'fan_speed': 1, 'duty_cycle': 0.0, 'should_turn_on': False, 'energy_score': np.float64(0.0), 'comfort_score': 1.0}
2026-02-10 16:42:27,157 - SmartRoom - INFO -   [AC] Temp:22C On:False
2026-02-10 16:42:27,157 - SmartRoom - INFO -   [Lamp] Brightness:0 On:False
2026-02-10 16:42:27,157 - SmartRoom - INFO - ========================================
2026-02-10 16:42:27,200 - SmartRoom - INFO - [Lamp Status] {'brightness_pwm': 0, 'brightness_percent': 0, 'mode': 'manual', 'status': 'off'}
2026-02-10 16:42:27,382 - SmartRoom - INFO - [AC Status] {'device': 'ac_controller', 'status': 'error', 'detail': 'No IR code for AC OFF', 'uptime': 5028, 'wifi_rssi': -64, 'ac_state': 'off', 'ac_temp': 24, 'ir_codes_learned': 0}
2026-02-10 16:42:57,157 - SmartRoom - INFO - ========================================
2026-02-10 16:42:57,158 - SmartRoom - INFO - Running ML Optimization...
2026-02-10 16:42:57,158 - SmartRoom - INFO -   Occupancy: False | Persons: 0
2026-02-10 16:42:57,270 - ACGeneticOptimizer - INFO - GA Result: {'ac_temperature': 27, 'fan_speed': 1, 'duty_cycle': 0.0, 'should_turn_on': False, 'energy_score': np.float64(0.0), 'comfort_score': 1.0}
2026-02-10 16:42:57,271 - SmartRoom - INFO -   [AC] Temp:27C On:False
2026-02-10 16:42:57,271 - SmartRoom - INFO -   [Lamp] Brightness:0 On:False
2026-02-10 16:42:57,271 - SmartRoom - INFO - ========================================
2026-02-10 16:42:57,367 - SmartRoom - INFO - [AC Status] {'device': 'ac_controller', 'status': 'error', 'detail': 'No IR code for AC OFF', 'uptime': 5058, 'wifi_rssi': -68, 'ac_state': 'off', 'ac_temp': 24, 'ir_codes_learned': 0}
2026-02-10 16:42:57,400 - SmartRoom - INFO - [Lamp Status] {'brightness_pwm': 0, 'brightness_percent': 0, 'mode': 'manual', 'status': 'off'}
2026-02-10 16:43:24,586 - SmartRoom - INFO - STATUS | AC: 25.0C 74.2% | Lamp: 3lux br=0 | Cam: 0ppl | Opts: 221
2026-02-10 16:43:27,271 - SmartRoom - INFO - ========================================
2026-02-10 16:43:27,272 - SmartRoom - INFO - Running ML Optimization...
2026-02-10 16:43:27,272 - SmartRoom - INFO -   Occupancy: False | Persons: 0
2026-02-10 16:43:27,356 - ACGeneticOptimizer - INFO - GA Result: {'ac_temperature': 27, 'fan_speed': 1, 'duty_cycle': 0.0, 'should_turn_on': False, 'energy_score': np.float64(0.0), 'comfort_score': 1.0}
2026-02-10 16:43:27,357 - SmartRoom - INFO -   [AC] Temp:27C On:False
2026-02-10 16:43:27,357 - SmartRoom - INFO -   [Lamp] Brightness:0 On:False
2026-02-10 16:43:27,357 - SmartRoom - INFO - ========================================
2026-02-10 16:43:27,425 - SmartRoom - INFO - [AC Status] {'device': 'ac_controller', 'status': 'error', 'detail': 'No IR code for AC OFF', 'uptime': 5088, 'wifi_rssi': -63, 'ac_state': 'off', 'ac_temp': 24, 'ir_codes_learned': 0}
2026-02-10 16:43:27,426 - SmartRoom - INFO - [Lamp Status] {'brightness_pwm': 0, 'brightness_percent': 0, 'mode': 'manual', 'status': 'off'}
2026-02-10 16:43:57,357 - SmartRoom - INFO - ========================================
2026-02-10 16:43:57,358 - SmartRoom - INFO - Running ML Optimization...
2026-02-10 16:43:57,358 - SmartRoom - INFO -   Occupancy: False | Persons: 0
2026-02-10 16:43:57,457 - ACGeneticOptimizer - INFO - GA Result: {'ac_temperature': 25, 'fan_speed': 3, 'duty_cycle': 0.0, 'should_turn_on': False, 'energy_score': np.float64(0.0), 'comfort_score': 1.0}
2026-02-10 16:43:57,458 - SmartRoom - INFO -   [AC] Temp:25C On:False
2026-02-10 16:43:57,458 - SmartRoom - INFO -   [Lamp] Brightness:0 On:False
2026-02-10 16:43:57,458 - SmartRoom - INFO - ========================================
2026-02-10 16:43:57,500 - SmartRoom - INFO - [Lamp Status] {'brightness_pwm': 0, 'brightness_percent': 0, 'mode': 'manual', 'status': 'off'}
2026-02-10 16:43:57,505 - SmartRoom - INFO - [AC Status] {'device': 'ac_controller', 'status': 'error', 'detail': 'No IR code for AC OFF', 'uptime': 5118, 'wifi_rssi': -68, 'ac_state': 'off', 'ac_temp': 24, 'ir_codes_learned': 0}
2026-02-10 16:44:24,590 - SmartRoom - INFO - STATUS | AC: 25.0C 74.1% | Lamp: 3lux br=0 | Cam: 0ppl | Opts: 223
2026-02-10 16:44:27,459 - SmartRoom - INFO - ========================================
2026-02-10 16:44:27,459 - SmartRoom - INFO - Running ML Optimization...
2026-02-10 16:44:27,459 - SmartRoom - INFO -   Occupancy: False | Persons: 0
2026-02-10 16:44:27,580 - ACGeneticOptimizer - INFO - GA Result: {'ac_temperature': 30, 'fan_speed': 3, 'duty_cycle': 0.0, 'should_turn_on': False, 'energy_score': np.float64(0.0), 'comfort_score': 1.0}
2026-02-10 16:44:27,580 - SmartRoom - INFO -   [AC] Temp:30C On:False
2026-02-10 16:44:27,580 - SmartRoom - INFO -   [Lamp] Brightness:0 On:False
2026-02-10 16:44:27,581 - SmartRoom - INFO - ========================================
2026-02-10 16:44:27,636 - SmartRoom - INFO - [AC Status] {'device': 'ac_controller', 'status': 'error', 'detail': 'No IR code for AC OFF', 'uptime': 5148, 'wifi_rssi': -63, 'ac_state': 'off', 'ac_temp': 24, 'ir_codes_learned': 0}
2026-02-10 16:44:27,639 - SmartRoom - INFO - [Lamp Status] {'brightness_pwm': 0, 'brightness_percent': 0, 'mode': 'manual', 'status': 'off'}
2026-02-10 16:44:57,581 - SmartRoom - INFO - ========================================
2026-02-10 16:44:57,581 - SmartRoom - INFO - Running ML Optimization...
2026-02-10 16:44:57,581 - SmartRoom - INFO -   Occupancy: False | Persons: 0
2026-02-10 16:44:57,685 - ACGeneticOptimizer - INFO - GA Result: {'ac_temperature': 22, 'fan_speed': 1, 'duty_cycle': 0.0, 'should_turn_on': False, 'energy_score': np.float64(0.0), 'comfort_score': 1.0}
2026-02-10 16:44:57,686 - SmartRoom - INFO -   [AC] Temp:22C On:False
2026-02-10 16:44:57,686 - SmartRoom - INFO -   [Lamp] Brightness:0 On:False
2026-02-10 16:44:57,686 - SmartRoom - INFO - ========================================
2026-02-10 16:44:57,893 - SmartRoom - INFO - [Lamp Status] {'brightness_pwm': 0, 'brightness_percent': 0, 'mode': 'manual', 'status': 'off'}
2026-02-10 16:44:57,943 - SmartRoom - INFO - [AC Status] {'device': 'ac_controller', 'status': 'error', 'detail': 'No IR code for AC OFF', 'uptime': 5178, 'wifi_rssi': -68, 'ac_state': 'off', 'ac_temp': 24, 'ir_codes_learned': 0}
2026-02-10 16:45:24,600 - SmartRoom - INFO - STATUS | AC: 25.0C 74.0% | Lamp: 4lux br=0 | Cam: 0ppl | Opts: 225
2026-02-10 16:45:27,687 - SmartRoom - INFO - ========================================
2026-02-10 16:45:27,687 - SmartRoom - INFO - Running ML Optimization...
2026-02-10 16:45:27,687 - SmartRoom - INFO -   Occupancy: False | Persons: 0
2026-02-10 16:45:27,787 - ACGeneticOptimizer - INFO - GA Result: {'ac_temperature': 27, 'fan_speed': 2, 'duty_cycle': 0.0, 'should_turn_on': False, 'energy_score': np.float64(0.0), 'comfort_score': 1.0}
2026-02-10 16:45:27,788 - SmartRoom - INFO -   [AC] Temp:27C On:False
2026-02-10 16:45:27,788 - SmartRoom - INFO -   [Lamp] Brightness:0 On:False
2026-02-10 16:45:27,789 - SmartRoom - INFO - ========================================
2026-02-10 16:45:27,909 - SmartRoom - INFO - [Lamp Status] {'brightness_pwm': 0, 'brightness_percent': 0, 'mode': 'manual', 'status': 'off'}
2026-02-10 16:45:27,910 - SmartRoom - INFO - [AC Status] {'device': 'ac_controller', 'status': 'error', 'detail': 'No IR code for AC OFF', 'uptime': 5208, 'wifi_rssi': -70, 'ac_state': 'off', 'ac_temp': 24, 'ir_codes_learned': 0}
2026-02-10 16:45:57,789 - SmartRoom - INFO - ========================================
2026-02-10 16:45:57,789 - SmartRoom - INFO - Running ML Optimization...
2026-02-10 16:45:57,789 - SmartRoom - INFO -   Occupancy: False | Persons: 0
2026-02-10 16:45:57,913 - ACGeneticOptimizer - INFO - GA Result: {'ac_temperature': 27, 'fan_speed': 1, 'duty_cycle': 0.0, 'should_turn_on': False, 'energy_score': np.float64(0.0), 'comfort_score': 1.0}
2026-02-10 16:45:57,913 - SmartRoom - INFO -   [AC] Temp:27C On:False
2026-02-10 16:45:57,914 - SmartRoom - INFO -   [Lamp] Brightness:0 On:False
2026-02-10 16:45:57,914 - SmartRoom - INFO - ========================================
2026-02-10 16:45:57,966 - SmartRoom - INFO - [Lamp Status] {'brightness_pwm': 0, 'brightness_percent': 0, 'mode': 'manual', 'status': 'off'}
2026-02-10 16:45:58,000 - SmartRoom - INFO - [AC Status] {'device': 'ac_controller', 'status': 'error', 'detail': 'No IR code for AC OFF', 'uptime': 5238, 'wifi_rssi': -67, 'ac_state': 'off', 'ac_temp': 24, 'ir_codes_learned': 0}
2026-02-10 16:46:24,604 - SmartRoom - INFO - STATUS | AC: 25.0C 74.4% | Lamp: 3lux br=0 | Cam: 0ppl | Opts: 227
2026-02-10 16:46:27,914 - SmartRoom - INFO - ========================================
2026-02-10 16:46:27,914 - SmartRoom - INFO - Running ML Optimization...
2026-02-10 16:46:27,915 - SmartRoom - INFO -   Occupancy: False | Persons: 0
2026-02-10 16:46:28,025 - ACGeneticOptimizer - INFO - GA Result: {'ac_temperature': 26, 'fan_speed': 1, 'duty_cycle': 0.0, 'should_turn_on': False, 'energy_score': np.float64(0.0), 'comfort_score': 1.0}
2026-02-10 16:46:28,025 - SmartRoom - INFO -   [AC] Temp:26C On:False
2026-02-10 16:46:28,025 - SmartRoom - INFO -   [Lamp] Brightness:0 On:False
2026-02-10 16:46:28,025 - SmartRoom - INFO - ========================================
2026-02-10 16:46:28,104 - SmartRoom - INFO - [AC Status] {'device': 'ac_controller', 'status': 'error', 'detail': 'No IR code for AC OFF', 'uptime': 5268, 'wifi_rssi': -63, 'ac_state': 'off', 'ac_temp': 24, 'ir_codes_learned': 0}
2026-02-10 16:46:28,113 - SmartRoom - INFO - [Lamp Status] {'brightness_pwm': 0, 'brightness_percent': 0, 'mode': 'manual', 'status': 'off'}
2026-02-10 16:46:58,025 - SmartRoom - INFO - ========================================
2026-02-10 16:46:58,026 - SmartRoom - INFO - Running ML Optimization...
2026-02-10 16:46:58,026 - SmartRoom - INFO -   Occupancy: False | Persons: 0
2026-02-10 16:46:58,108 - ACGeneticOptimizer - INFO - GA Result: {'ac_temperature': 20, 'fan_speed': 2, 'duty_cycle': 0.0, 'should_turn_on': False, 'energy_score': np.float64(0.0), 'comfort_score': 1.0}
2026-02-10 16:46:58,108 - SmartRoom - INFO -   [AC] Temp:20C On:False
2026-02-10 16:46:58,109 - SmartRoom - INFO -   [Lamp] Brightness:0 On:False
2026-02-10 16:46:58,109 - SmartRoom - INFO - ========================================
2026-02-10 16:46:58,152 - SmartRoom - INFO - [AC Status] {'device': 'ac_controller', 'status': 'error', 'detail': 'No IR code for AC OFF', 'uptime': 5298, 'wifi_rssi': -62, 'ac_state': 'off', 'ac_temp': 24, 'ir_codes_learned': 0}
2026-02-10 16:46:58,152 - SmartRoom - INFO - [Lamp Status] {'brightness_pwm': 0, 'brightness_percent': 0, 'mode': 'manual', 'status': 'off'}
2026-02-10 16:47:24,609 - SmartRoom - INFO - STATUS | AC: 25.0C 74.5% | Lamp: 3lux br=0 | Cam: 0ppl | Opts: 229
2026-02-10 16:47:28,109 - SmartRoom - INFO - ========================================
2026-02-10 16:47:28,109 - SmartRoom - INFO - Running ML Optimization...
2026-02-10 16:47:28,110 - SmartRoom - INFO -   Occupancy: False | Persons: 0
2026-02-10 16:47:28,227 - ACGeneticOptimizer - INFO - GA Result: {'ac_temperature': 19, 'fan_speed': 1, 'duty_cycle': 0.0, 'should_turn_on': False, 'energy_score': np.float64(0.0), 'comfort_score': 1.0}
2026-02-10 16:47:28,228 - SmartRoom - INFO -   [AC] Temp:19C On:False
2026-02-10 16:47:28,228 - SmartRoom - INFO -   [Lamp] Brightness:0 On:False
2026-02-10 16:47:28,228 - SmartRoom - INFO - ========================================
2026-02-10 16:47:28,418 - SmartRoom - INFO - [AC Status] {'device': 'ac_controller', 'status': 'error', 'detail': 'No IR code for AC OFF', 'uptime': 5329, 'wifi_rssi': -62, 'ac_state': 'off', 'ac_temp': 24, 'ir_codes_learned': 0}
2026-02-10 16:47:28,418 - SmartRoom - INFO - [Lamp Status] {'brightness_pwm': 0, 'brightness_percent': 0, 'mode': 'manual', 'status': 'off'}
2026-02-10 16:47:51,210 - SmartRoom - INFO - [AC Status] {'device': 'ac_controller', 'status': 'online', 'detail': 'AC Controller connected', 'uptime': 5351, 'wifi_rssi': -65, 'ac_state': 'off', 'ac_temp': 24, 'ir_codes_learned': 0}
2026-02-10 16:47:58,228 - SmartRoom - INFO - ========================================
2026-02-10 16:47:58,229 - SmartRoom - INFO - Running ML Optimization...
2026-02-10 16:47:58,229 - SmartRoom - INFO -   Occupancy: False | Persons: 0
2026-02-10 16:47:58,349 - ACGeneticOptimizer - INFO - GA Result: {'ac_temperature': 19, 'fan_speed': 3, 'duty_cycle': 0.0, 'should_turn_on': False, 'energy_score': np.float64(0.0), 'comfort_score': 1.0}
2026-02-10 16:47:58,350 - SmartRoom - INFO -   [AC] Temp:19C On:False
2026-02-10 16:47:58,350 - SmartRoom - INFO -   [Lamp] Brightness:0 On:False
2026-02-10 16:47:58,350 - SmartRoom - INFO - ========================================
2026-02-10 16:47:58,419 - SmartRoom - INFO - [AC Status] {'device': 'ac_controller', 'status': 'error', 'detail': 'No IR code for AC OFF', 'uptime': 5359, 'wifi_rssi': -63, 'ac_state': 'off', 'ac_temp': 24, 'ir_codes_learned': 0}
2026-02-10 16:47:58,426 - SmartRoom - INFO - [Lamp Status] {'brightness_pwm': 0, 'brightness_percent': 0, 'mode': 'manual', 'status': 'off'}
2026-02-10 16:48:24,613 - SmartRoom - INFO - STATUS | AC: 25.0C 74.6% | Lamp: 3lux br=0 | Cam: 0ppl | Opts: 231
2026-02-10 16:48:28,350 - SmartRoom - INFO - ========================================
2026-02-10 16:48:28,351 - SmartRoom - INFO - Running ML Optimization...
2026-02-10 16:48:28,351 - SmartRoom - INFO -   Occupancy: False | Persons: 0
2026-02-10 16:48:28,476 - ACGeneticOptimizer - INFO - GA Result: {'ac_temperature': 25, 'fan_speed': 1, 'duty_cycle': 0.0, 'should_turn_on': False, 'energy_score': np.float64(0.0), 'comfort_score': 1.0}
2026-02-10 16:48:28,476 - SmartRoom - INFO -   [AC] Temp:25C On:False
2026-02-10 16:48:28,476 - SmartRoom - INFO -   [Lamp] Brightness:0 On:False
2026-02-10 16:48:28,477 - SmartRoom - INFO - ========================================
2026-02-10 16:48:28,605 - SmartRoom - INFO - [AC Status] {'device': 'ac_controller', 'status': 'error', 'detail': 'No IR code for AC OFF', 'uptime': 5389, 'wifi_rssi': -64, 'ac_state': 'off', 'ac_temp': 24, 'ir_codes_learned': 0}
2026-02-10 16:48:28,611 - SmartRoom - INFO - [Lamp Status] {'brightness_pwm': 0, 'brightness_percent': 0, 'mode': 'manual', 'status': 'off'}
2026-02-10 16:48:58,477 - SmartRoom - INFO - ========================================
2026-02-10 16:48:58,477 - SmartRoom - INFO - Running ML Optimization...
2026-02-10 16:48:58,477 - SmartRoom - INFO -   Occupancy: False | Persons: 0
2026-02-10 16:48:58,590 - ACGeneticOptimizer - INFO - GA Result: {'ac_temperature': 29, 'fan_speed': 2, 'duty_cycle': 0.0, 'should_turn_on': False, 'energy_score': np.float64(0.0), 'comfort_score': 1.0}
2026-02-10 16:48:58,591 - SmartRoom - INFO -   [AC] Temp:29C On:False
2026-02-10 16:48:58,591 - SmartRoom - INFO -   [Lamp] Brightness:0 On:False
2026-02-10 16:48:58,591 - SmartRoom - INFO - ========================================
2026-02-10 16:48:58,632 - SmartRoom - INFO - [AC Status] {'device': 'ac_controller', 'status': 'error', 'detail': 'No IR code for AC OFF', 'uptime': 5419, 'wifi_rssi': -65, 'ac_state': 'off', 'ac_temp': 24, 'ir_codes_learned': 0}
2026-02-10 16:48:58,643 - SmartRoom - INFO - [Lamp Status] {'brightness_pwm': 0, 'brightness_percent': 0, 'mode': 'manual', 'status': 'off'}
2026-02-10 16:49:24,617 - SmartRoom - INFO - STATUS | AC: 25.0C 74.7% | Lamp: 3lux br=0 | Cam: 0ppl | Opts: 233
2026-02-10 16:49:28,592 - SmartRoom - INFO - ========================================
2026-02-10 16:49:28,592 - SmartRoom - INFO - Running ML Optimization...
2026-02-10 16:49:28,592 - SmartRoom - INFO -   Occupancy: False | Persons: 0
2026-02-10 16:49:28,714 - ACGeneticOptimizer - INFO - GA Result: {'ac_temperature': 23, 'fan_speed': 3, 'duty_cycle': 0.0, 'should_turn_on': False, 'energy_score': np.float64(0.0), 'comfort_score': 1.0}
2026-02-10 16:49:28,714 - SmartRoom - INFO -   [AC] Temp:23C On:False
2026-02-10 16:49:28,714 - SmartRoom - INFO -   [Lamp] Brightness:0 On:False
2026-02-10 16:49:28,715 - SmartRoom - INFO - ========================================
2026-02-10 16:49:28,941 - SmartRoom - INFO - [Lamp Status] {'brightness_pwm': 0, 'brightness_percent': 0, 'mode': 'manual', 'status': 'off'}
2026-02-10 16:49:28,960 - SmartRoom - INFO - [AC Status] {'device': 'ac_controller', 'status': 'error', 'detail': 'No IR code for AC OFF', 'uptime': 5449, 'wifi_rssi': -63, 'ac_state': 'off', 'ac_temp': 24, 'ir_codes_learned': 0}
2026-02-10 16:49:58,715 - SmartRoom - INFO - ========================================
2026-02-10 16:49:58,715 - SmartRoom - INFO - Running ML Optimization...
2026-02-10 16:49:58,715 - SmartRoom - INFO -   Occupancy: False | Persons: 0
2026-02-10 16:49:58,836 - ACGeneticOptimizer - INFO - GA Result: {'ac_temperature': 18, 'fan_speed': 1, 'duty_cycle': 0.0, 'should_turn_on': False, 'energy_score': np.float64(0.0), 'comfort_score': 1.0}
2026-02-10 16:49:58,836 - SmartRoom - INFO -   [AC] Temp:18C On:False
2026-02-10 16:49:58,836 - SmartRoom - INFO -   [Lamp] Brightness:0 On:False
2026-02-10 16:49:58,837 - SmartRoom - INFO - ========================================
2026-02-10 16:49:58,976 - SmartRoom - INFO - [Lamp Status] {'brightness_pwm': 0, 'brightness_percent': 0, 'mode': 'manual', 'status': 'off'}
2026-02-10 16:50:04,447 - SmartRoom - INFO - [AC Status] {'device': 'ac_controller', 'status': 'error', 'detail': 'No IR code for AC OFF', 'uptime': 5479, 'wifi_rssi': -74, 'ac_state': 'off', 'ac_temp': 24, 'ir_codes_learned': 0}
2026-02-10 16:50:24,626 - SmartRoom - INFO - STATUS | AC: 25.0C 75.0% | Lamp: 3lux br=0 | Cam: 0ppl | Opts: 235
2026-02-10 16:50:27,280 - SmartRoom - INFO - [AC Status] {'device': 'ac_controller', 'status': 'online', 'detail': 'AC Controller connected', 'uptime': 5507, 'wifi_rssi': -71, 'ac_state': 'off', 'ac_temp': 24, 'ir_codes_learned': 0}
2026-02-10 16:50:28,837 - SmartRoom - INFO - ========================================
2026-02-10 16:50:28,837 - SmartRoom - INFO - Running ML Optimization...
2026-02-10 16:50:28,837 - SmartRoom - INFO -   Occupancy: False | Persons: 0
2026-02-10 16:50:28,952 - ACGeneticOptimizer - INFO - GA Result: {'ac_temperature': 20, 'fan_speed': 2, 'duty_cycle': 0.0, 'should_turn_on': False, 'energy_score': np.float64(0.0), 'comfort_score': 1.0}
2026-02-10 16:50:28,953 - SmartRoom - INFO -   [AC] Temp:20C On:False
2026-02-10 16:50:28,953 - SmartRoom - INFO -   [Lamp] Brightness:0 On:False
2026-02-10 16:50:28,953 - SmartRoom - INFO - ========================================
2026-02-10 16:50:29,058 - SmartRoom - INFO - [Lamp Status] {'brightness_pwm': 0, 'brightness_percent': 0, 'mode': 'manual', 'status': 'off'}
2026-02-10 16:50:29,095 - SmartRoom - INFO - [AC Status] {'device': 'ac_controller', 'status': 'error', 'detail': 'No IR code for AC OFF', 'uptime': 5509, 'wifi_rssi': -76, 'ac_state': 'off', 'ac_temp': 24, 'ir_codes_learned': 0}
2026-02-10 16:50:58,953 - SmartRoom - INFO - ========================================
2026-02-10 16:50:58,954 - SmartRoom - INFO - Running ML Optimization...
2026-02-10 16:50:58,954 - SmartRoom - INFO -   Occupancy: False | Persons: 0
2026-02-10 16:50:59,056 - ACGeneticOptimizer - INFO - GA Result: {'ac_temperature': 21, 'fan_speed': 1, 'duty_cycle': 0.0, 'should_turn_on': False, 'energy_score': np.float64(0.0), 'comfort_score': 1.0}
2026-02-10 16:50:59,056 - SmartRoom - INFO -   [AC] Temp:21C On:False
2026-02-10 16:50:59,056 - SmartRoom - INFO -   [Lamp] Brightness:0 On:False
2026-02-10 16:50:59,057 - SmartRoom - INFO - ========================================
2026-02-10 16:50:59,104 - SmartRoom - INFO - [AC Status] {'device': 'ac_controller', 'status': 'error', 'detail': 'No IR code for AC OFF', 'uptime': 5539, 'wifi_rssi': -63, 'ac_state': 'off', 'ac_temp': 24, 'ir_codes_learned': 0}
2026-02-10 16:50:59,122 - SmartRoom - INFO - [Lamp Status] {'brightness_pwm': 0, 'brightness_percent': 0, 'mode': 'manual', 'status': 'off'}
2026-02-10 16:51:24,631 - SmartRoom - INFO - STATUS | AC: 25.0C 75.5% | Lamp: 3lux br=0 | Cam: 0ppl | Opts: 237
2026-02-10 16:51:29,057 - SmartRoom - INFO - ========================================
2026-02-10 16:51:29,057 - SmartRoom - INFO - Running ML Optimization...
2026-02-10 16:51:29,057 - SmartRoom - INFO -   Occupancy: False | Persons: 0
2026-02-10 16:51:29,179 - ACGeneticOptimizer - INFO - GA Result: {'ac_temperature': 22, 'fan_speed': 1, 'duty_cycle': 0.0, 'should_turn_on': False, 'energy_score': np.float64(0.0), 'comfort_score': 1.0}
2026-02-10 16:51:29,179 - SmartRoom - INFO -   [AC] Temp:22C On:False
2026-02-10 16:51:29,180 - SmartRoom - INFO -   [Lamp] Brightness:0 On:False
2026-02-10 16:51:29,180 - SmartRoom - INFO - ========================================
2026-02-10 16:51:29,317 - SmartRoom - INFO - [AC Status] {'device': 'ac_controller', 'status': 'error', 'detail': 'No IR code for AC OFF', 'uptime': 5569, 'wifi_rssi': -64, 'ac_state': 'off', 'ac_temp': 24, 'ir_codes_learned': 0}
2026-02-10 16:51:29,391 - SmartRoom - INFO - [Lamp Status] {'brightness_pwm': 0, 'brightness_percent': 0, 'mode': 'manual', 'status': 'off'}
2026-02-10 16:51:59,180 - SmartRoom - INFO - ========================================
2026-02-10 16:51:59,180 - SmartRoom - INFO - Running ML Optimization...
2026-02-10 16:51:59,180 - SmartRoom - INFO -   Occupancy: False | Persons: 0
2026-02-10 16:51:59,293 - ACGeneticOptimizer - INFO - GA Result: {'ac_temperature': 26, 'fan_speed': 3, 'duty_cycle': 0.0, 'should_turn_on': False, 'energy_score': np.float64(0.0), 'comfort_score': 1.0}
2026-02-10 16:51:59,294 - SmartRoom - INFO -   [AC] Temp:26C On:False
2026-02-10 16:51:59,294 - SmartRoom - INFO -   [Lamp] Brightness:0 On:False
2026-02-10 16:51:59,294 - SmartRoom - INFO - ========================================
2026-02-10 16:51:59,442 - SmartRoom - INFO - [Lamp Status] {'brightness_pwm': 0, 'brightness_percent': 0, 'mode': 'manual', 'status': 'off'}
2026-02-10 16:51:59,466 - SmartRoom - INFO - [AC Status] {'device': 'ac_controller', 'status': 'error', 'detail': 'No IR code for AC OFF', 'uptime': 5600, 'wifi_rssi': -66, 'ac_state': 'off', 'ac_temp': 24, 'ir_codes_learned': 0}
2026-02-10 16:52:24,635 - SmartRoom - INFO - STATUS | AC: 24.9C 75.5% | Lamp: 2lux br=0 | Cam: 0ppl | Opts: 239
2026-02-10 16:52:29,295 - SmartRoom - INFO - ========================================
2026-02-10 16:52:29,295 - SmartRoom - INFO - Running ML Optimization...
2026-02-10 16:52:29,295 - SmartRoom - INFO -   Occupancy: False | Persons: 0
2026-02-10 16:52:29,412 - ACGeneticOptimizer - INFO - GA Result: {'ac_temperature': 25, 'fan_speed': 2, 'duty_cycle': 0.0, 'should_turn_on': False, 'energy_score': np.float64(0.0), 'comfort_score': 1.0}
2026-02-10 16:52:29,412 - SmartRoom - INFO -   [AC] Temp:25C On:False
2026-02-10 16:52:29,412 - SmartRoom - INFO -   [Lamp] Brightness:0 On:False
2026-02-10 16:52:29,413 - SmartRoom - INFO - ========================================
2026-02-10 16:52:29,506 - SmartRoom - INFO - [Lamp Status] {'brightness_pwm': 0, 'brightness_percent': 0, 'mode': 'manual', 'status': 'off'}
2026-02-10 16:52:29,508 - SmartRoom - INFO - [AC Status] {'device': 'ac_controller', 'status': 'error', 'detail': 'No IR code for AC OFF', 'uptime': 5630, 'wifi_rssi': -62, 'ac_state': 'off', 'ac_temp': 24, 'ir_codes_learned': 0}
2026-02-10 16:52:59,413 - SmartRoom - INFO - ========================================
2026-02-10 16:52:59,413 - SmartRoom - INFO - Running ML Optimization...
2026-02-10 16:52:59,413 - SmartRoom - INFO -   Occupancy: False | Persons: 0
2026-02-10 16:52:59,530 - ACGeneticOptimizer - INFO - GA Result: {'ac_temperature': 26, 'fan_speed': 2, 'duty_cycle': 0.0, 'should_turn_on': False, 'energy_score': np.float64(0.0), 'comfort_score': 1.0}
2026-02-10 16:52:59,531 - SmartRoom - INFO -   [AC] Temp:26C On:False
2026-02-10 16:52:59,531 - SmartRoom - INFO -   [Lamp] Brightness:0 On:False
2026-02-10 16:52:59,531 - SmartRoom - INFO - ========================================
2026-02-10 16:52:59,590 - SmartRoom - INFO - [AC Status] {'device': 'ac_controller', 'status': 'error', 'detail': 'No IR code for AC OFF', 'uptime': 5660, 'wifi_rssi': -69, 'ac_state': 'off', 'ac_temp': 24, 'ir_codes_learned': 0}
2026-02-10 16:52:59,676 - SmartRoom - INFO - [Lamp Status] {'brightness_pwm': 0, 'brightness_percent': 0, 'mode': 'manual', 'status': 'off'}
2026-02-10 16:53:24,640 - SmartRoom - INFO - STATUS | AC: 25.0C 75.6% | Lamp: 2lux br=0 | Cam: 0ppl | Opts: 241
2026-02-10 16:53:29,532 - SmartRoom - INFO - ========================================
2026-02-10 16:53:29,532 - SmartRoom - INFO - Running ML Optimization...
2026-02-10 16:53:29,532 - SmartRoom - INFO -   Occupancy: False | Persons: 0
2026-02-10 16:53:29,640 - ACGeneticOptimizer - INFO - GA Result: {'ac_temperature': 30, 'fan_speed': 1, 'duty_cycle': 0.0, 'should_turn_on': False, 'energy_score': np.float64(0.0), 'comfort_score': 1.0}
2026-02-10 16:53:29,641 - SmartRoom - INFO -   [AC] Temp:30C On:False
2026-02-10 16:53:29,641 - SmartRoom - INFO -   [Lamp] Brightness:0 On:False
2026-02-10 16:53:29,641 - SmartRoom - INFO - ========================================
2026-02-10 16:53:29,775 - SmartRoom - INFO - [Lamp Status] {'brightness_pwm': 0, 'brightness_percent': 0, 'mode': 'manual', 'status': 'off'}
2026-02-10 16:53:29,906 - SmartRoom - INFO - [AC Status] {'device': 'ac_controller', 'status': 'error', 'detail': 'No IR code for AC OFF', 'uptime': 5690, 'wifi_rssi': -63, 'ac_state': 'off', 'ac_temp': 24, 'ir_codes_learned': 0}
2026-02-10 16:53:59,641 - SmartRoom - INFO - ========================================
2026-02-10 16:53:59,642 - SmartRoom - INFO - Running ML Optimization...
2026-02-10 16:53:59,642 - SmartRoom - INFO -   Occupancy: False | Persons: 0
2026-02-10 16:53:59,751 - ACGeneticOptimizer - INFO - GA Result: {'ac_temperature': 17, 'fan_speed': 3, 'duty_cycle': 0.0, 'should_turn_on': False, 'energy_score': np.float64(0.0), 'comfort_score': 1.0}
2026-02-10 16:53:59,751 - SmartRoom - INFO -   [AC] Temp:17C On:False
2026-02-10 16:53:59,752 - SmartRoom - INFO -   [Lamp] Brightness:0 On:False
2026-02-10 16:53:59,752 - SmartRoom - INFO - ========================================
2026-02-10 16:53:59,829 - SmartRoom - INFO - [Lamp Status] {'brightness_pwm': 0, 'brightness_percent': 0, 'mode': 'manual', 'status': 'off'}
2026-02-10 16:53:59,895 - SmartRoom - INFO - [AC Status] {'device': 'ac_controller', 'status': 'error', 'detail': 'No IR code for AC OFF', 'uptime': 5720, 'wifi_rssi': -64, 'ac_state': 'off', 'ac_temp': 24, 'ir_codes_learned': 0}
2026-02-10 16:54:24,650 - SmartRoom - INFO - STATUS | AC: 24.9C 75.4% | Lamp: 2lux br=0 | Cam: 0ppl | Opts: 243
2026-02-10 16:54:29,752 - SmartRoom - INFO - ========================================
2026-02-10 16:54:29,752 - SmartRoom - INFO - Running ML Optimization...
2026-02-10 16:54:29,752 - SmartRoom - INFO -   Occupancy: False | Persons: 0
2026-02-10 16:54:29,876 - ACGeneticOptimizer - INFO - GA Result: {'ac_temperature': 19, 'fan_speed': 1, 'duty_cycle': 0.0, 'should_turn_on': False, 'energy_score': np.float64(0.0), 'comfort_score': 1.0}
2026-02-10 16:54:29,876 - SmartRoom - INFO -   [AC] Temp:19C On:False
2026-02-10 16:54:29,876 - SmartRoom - INFO -   [Lamp] Brightness:0 On:False
2026-02-10 16:54:29,877 - SmartRoom - INFO - ========================================
2026-02-10 16:54:29,937 - SmartRoom - INFO - [AC Status] {'device': 'ac_controller', 'status': 'error', 'detail': 'No IR code for AC OFF', 'uptime': 5750, 'wifi_rssi': -64, 'ac_state': 'off', 'ac_temp': 24, 'ir_codes_learned': 0}
2026-02-10 16:54:30,181 - SmartRoom - INFO - [Lamp Status] {'brightness_pwm': 0, 'brightness_percent': 0, 'mode': 'manual', 'status': 'off'}
2026-02-10 16:54:59,877 - SmartRoom - INFO - ========================================
2026-02-10 16:54:59,877 - SmartRoom - INFO - Running ML Optimization...
2026-02-10 16:54:59,877 - SmartRoom - INFO -   Occupancy: False | Persons: 0
2026-02-10 16:54:59,992 - ACGeneticOptimizer - INFO - GA Result: {'ac_temperature': 25, 'fan_speed': 1, 'duty_cycle': 0.0, 'should_turn_on': False, 'energy_score': np.float64(0.0), 'comfort_score': 1.0}
2026-02-10 16:54:59,992 - SmartRoom - INFO -   [AC] Temp:25C On:False
2026-02-10 16:54:59,993 - SmartRoom - INFO -   [Lamp] Brightness:0 On:False
2026-02-10 16:54:59,993 - SmartRoom - INFO - ========================================
2026-02-10 16:55:00,117 - SmartRoom - INFO - [Lamp Status] {'brightness_pwm': 0, 'brightness_percent': 0, 'mode': 'manual', 'status': 'off'}
2026-02-10 16:55:00,186 - SmartRoom - INFO - [AC Status] {'device': 'ac_controller', 'status': 'error', 'detail': 'No IR code for AC OFF', 'uptime': 5780, 'wifi_rssi': -64, 'ac_state': 'off', 'ac_temp': 24, 'ir_codes_learned': 0}
2026-02-10 16:55:24,654 - SmartRoom - INFO - STATUS | AC: 24.9C 74.9% | Lamp: 2lux br=0 | Cam: 0ppl | Opts: 245
2026-02-10 16:55:29,993 - SmartRoom - INFO - ========================================
2026-02-10 16:55:29,993 - SmartRoom - INFO - Running ML Optimization...
2026-02-10 16:55:29,993 - SmartRoom - INFO -   Occupancy: False | Persons: 0
2026-02-10 16:55:30,094 - ACGeneticOptimizer - INFO - GA Result: {'ac_temperature': 20, 'fan_speed': 1, 'duty_cycle': 0.0, 'should_turn_on': False, 'energy_score': np.float64(0.0), 'comfort_score': 1.0}
2026-02-10 16:55:30,094 - SmartRoom - INFO -   [AC] Temp:20C On:False
2026-02-10 16:55:30,095 - SmartRoom - INFO -   [Lamp] Brightness:0 On:False
2026-02-10 16:55:30,095 - SmartRoom - INFO - ========================================
2026-02-10 16:55:30,163 - SmartRoom - INFO - [Lamp Status] {'brightness_pwm': 0, 'brightness_percent': 0, 'mode': 'manual', 'status': 'off'}
2026-02-10 16:55:30,211 - SmartRoom - INFO - [AC Status] {'device': 'ac_controller', 'status': 'error', 'detail': 'No IR code for AC OFF', 'uptime': 5810, 'wifi_rssi': -68, 'ac_state': 'off', 'ac_temp': 24, 'ir_codes_learned': 0}
2026-02-10 16:56:00,095 - SmartRoom - INFO - ========================================
2026-02-10 16:56:00,095 - SmartRoom - INFO - Running ML Optimization...
2026-02-10 16:56:00,095 - SmartRoom - INFO -   Occupancy: False | Persons: 0
2026-02-10 16:56:00,211 - ACGeneticOptimizer - INFO - GA Result: {'ac_temperature': 29, 'fan_speed': 1, 'duty_cycle': 0.0, 'should_turn_on': False, 'energy_score': np.float64(0.0), 'comfort_score': 1.0}
2026-02-10 16:56:00,211 - SmartRoom - INFO -   [AC] Temp:29C On:False
2026-02-10 16:56:00,212 - SmartRoom - INFO -   [Lamp] Brightness:0 On:False
2026-02-10 16:56:00,212 - SmartRoom - INFO - ========================================
2026-02-10 16:56:00,256 - SmartRoom - INFO - [AC Status] {'device': 'ac_controller', 'status': 'error', 'detail': 'No IR code for AC OFF', 'uptime': 5840, 'wifi_rssi': -67, 'ac_state': 'off', 'ac_temp': 24, 'ir_codes_learned': 0}
2026-02-10 16:56:00,436 - SmartRoom - INFO - [Lamp Status] {'brightness_pwm': 0, 'brightness_percent': 0, 'mode': 'manual', 'status': 'off'}
2026-02-10 16:56:24,659 - SmartRoom - INFO - STATUS | AC: 24.9C 74.6% | Lamp: 2lux br=0 | Cam: 0ppl | Opts: 247
2026-02-10 16:56:30,212 - SmartRoom - INFO - ========================================
2026-02-10 16:56:30,217 - SmartRoom - INFO - Running ML Optimization...
2026-02-10 16:56:30,217 - SmartRoom - INFO -   Occupancy: False | Persons: 0
2026-02-10 16:56:30,335 - ACGeneticOptimizer - INFO - GA Result: {'ac_temperature': 23, 'fan_speed': 1, 'duty_cycle': 0.0, 'should_turn_on': False, 'energy_score': np.float64(0.0), 'comfort_score': 1.0}
2026-02-10 16:56:30,335 - SmartRoom - INFO -   [AC] Temp:23C On:False
2026-02-10 16:56:30,335 - SmartRoom - INFO -   [Lamp] Brightness:0 On:False
2026-02-10 16:56:30,335 - SmartRoom - INFO - ========================================
2026-02-10 16:56:30,427 - SmartRoom - INFO - [Lamp Status] {'brightness_pwm': 0, 'brightness_percent': 0, 'mode': 'manual', 'status': 'off'}
2026-02-10 16:56:30,442 - SmartRoom - INFO - [AC Status] {'device': 'ac_controller', 'status': 'error', 'detail': 'No IR code for AC OFF', 'uptime': 5871, 'wifi_rssi': -66, 'ac_state': 'off', 'ac_temp': 24, 'ir_codes_learned': 0}
2026-02-10 16:57:00,336 - SmartRoom - INFO - ========================================
2026-02-10 16:57:00,336 - SmartRoom - INFO - Running ML Optimization...
2026-02-10 16:57:00,336 - SmartRoom - INFO -   Occupancy: False | Persons: 0
2026-02-10 16:57:00,455 - ACGeneticOptimizer - INFO - GA Result: {'ac_temperature': 29, 'fan_speed': 2, 'duty_cycle': 0.0, 'should_turn_on': False, 'energy_score': np.float64(0.0), 'comfort_score': 1.0}
2026-02-10 16:57:00,455 - SmartRoom - INFO -   [AC] Temp:29C On:False
2026-02-10 16:57:00,455 - SmartRoom - INFO -   [Lamp] Brightness:0 On:False
2026-02-10 16:57:00,456 - SmartRoom - INFO - ========================================
2026-02-10 16:57:00,500 - SmartRoom - INFO - [AC Status] {'device': 'ac_controller', 'status': 'error', 'detail': 'No IR code for AC OFF', 'uptime': 5901, 'wifi_rssi': -68, 'ac_state': 'off', 'ac_temp': 24, 'ir_codes_learned': 0}
2026-02-10 16:57:00,686 - SmartRoom - INFO - [Lamp Status] {'brightness_pwm': 0, 'brightness_percent': 0, 'mode': 'manual', 'status': 'off'}
2026-02-10 16:57:24,663 - SmartRoom - INFO - STATUS | AC: 24.9C 74.2% | Lamp: 2lux br=0 | Cam: 0ppl | Opts: 249
2026-02-10 16:57:30,456 - SmartRoom - INFO - ========================================
2026-02-10 16:57:30,456 - SmartRoom - INFO - Running ML Optimization...
2026-02-10 16:57:30,456 - SmartRoom - INFO -   Occupancy: False | Persons: 0
2026-02-10 16:57:30,580 - ACGeneticOptimizer - INFO - GA Result: {'ac_temperature': 20, 'fan_speed': 1, 'duty_cycle': 0.0, 'should_turn_on': False, 'energy_score': np.float64(0.0), 'comfort_score': 1.0}
2026-02-10 16:57:30,580 - SmartRoom - INFO -   [AC] Temp:20C On:False
2026-02-10 16:57:30,580 - SmartRoom - INFO -   [Lamp] Brightness:0 On:False
2026-02-10 16:57:30,581 - SmartRoom - INFO - ========================================
2026-02-10 16:57:30,646 - SmartRoom - INFO - [Lamp Status] {'brightness_pwm': 0, 'brightness_percent': 0, 'mode': 'manual', 'status': 'off'}
2026-02-10 16:57:30,709 - SmartRoom - INFO - [AC Status] {'device': 'ac_controller', 'status': 'error', 'detail': 'No IR code for AC OFF', 'uptime': 5931, 'wifi_rssi': -66, 'ac_state': 'off', 'ac_temp': 24, 'ir_codes_learned': 0}
2026-02-10 16:58:00,581 - SmartRoom - INFO - ========================================
2026-02-10 16:58:00,581 - SmartRoom - INFO - Running ML Optimization...
2026-02-10 16:58:00,581 - SmartRoom - INFO -   Occupancy: False | Persons: 0
2026-02-10 16:58:00,700 - ACGeneticOptimizer - INFO - GA Result: {'ac_temperature': 26, 'fan_speed': 1, 'duty_cycle': 0.0, 'should_turn_on': False, 'energy_score': np.float64(0.0), 'comfort_score': 1.0}
2026-02-10 16:58:00,701 - SmartRoom - INFO -   [AC] Temp:26C On:False
2026-02-10 16:58:00,701 - SmartRoom - INFO -   [Lamp] Brightness:0 On:False
2026-02-10 16:58:00,701 - SmartRoom - INFO - ========================================
2026-02-10 16:58:00,744 - SmartRoom - INFO - [AC Status] {'device': 'ac_controller', 'status': 'error', 'detail': 'No IR code for AC OFF', 'uptime': 5961, 'wifi_rssi': -67, 'ac_state': 'off', 'ac_temp': 24, 'ir_codes_learned': 0}
2026-02-10 16:58:00,934 - SmartRoom - INFO - [Lamp Status] {'brightness_pwm': 0, 'brightness_percent': 0, 'mode': 'manual', 'status': 'off'}
2026-02-10 16:58:24,673 - SmartRoom - INFO - STATUS | AC: 24.9C 73.8% | Lamp: 2lux br=0 | Cam: 0ppl | Opts: 251
2026-02-10 16:58:30,702 - SmartRoom - INFO - ========================================
2026-02-10 16:58:30,702 - SmartRoom - INFO - Running ML Optimization...
2026-02-10 16:58:30,702 - SmartRoom - INFO -   Occupancy: False | Persons: 0
2026-02-10 16:58:30,827 - ACGeneticOptimizer - INFO - GA Result: {'ac_temperature': 23, 'fan_speed': 3, 'duty_cycle': 0.0, 'should_turn_on': False, 'energy_score': np.float64(0.0), 'comfort_score': 1.0}
2026-02-10 16:58:30,827 - SmartRoom - INFO -   [AC] Temp:23C On:False
2026-02-10 16:58:30,827 - SmartRoom - INFO -   [Lamp] Brightness:0 On:False
2026-02-10 16:58:30,828 - SmartRoom - INFO - ========================================
2026-02-10 16:58:31,051 - SmartRoom - INFO - [Lamp Status] {'brightness_pwm': 0, 'brightness_percent': 0, 'mode': 'manual', 'status': 'off'}
2026-02-10 16:58:31,054 - SmartRoom - INFO - [AC Status] {'device': 'ac_controller', 'status': 'error', 'detail': 'No IR code for AC OFF', 'uptime': 5991, 'wifi_rssi': -66, 'ac_state': 'off', 'ac_temp': 24, 'ir_codes_learned': 0}
2026-02-10 16:59:00,828 - SmartRoom - INFO - ========================================
2026-02-10 16:59:00,828 - SmartRoom - INFO - Running ML Optimization...
2026-02-10 16:59:00,828 - SmartRoom - INFO -   Occupancy: False | Persons: 0
2026-02-10 16:59:00,943 - ACGeneticOptimizer - INFO - GA Result: {'ac_temperature': 19, 'fan_speed': 1, 'duty_cycle': 0.0, 'should_turn_on': False, 'energy_score': np.float64(0.0), 'comfort_score': 1.0}
2026-02-10 16:59:00,944 - SmartRoom - INFO -   [AC] Temp:19C On:False
2026-02-10 16:59:00,944 - SmartRoom - INFO -   [Lamp] Brightness:0 On:False
2026-02-10 16:59:00,944 - SmartRoom - INFO - ========================================
2026-02-10 16:59:01,055 - SmartRoom - INFO - [AC Status] {'device': 'ac_controller', 'status': 'error', 'detail': 'No IR code for AC OFF', 'uptime': 6021, 'wifi_rssi': -71, 'ac_state': 'off', 'ac_temp': 24, 'ir_codes_learned': 0}
2026-02-10 16:59:01,065 - SmartRoom - INFO - [Lamp Status] {'brightness_pwm': 0, 'brightness_percent': 0, 'mode': 'manual', 'status': 'off'}
2026-02-10 16:59:24,678 - SmartRoom - INFO - STATUS | AC: 24.9C 73.4% | Lamp: 2lux br=0 | Cam: 0ppl | Opts: 253
2026-02-10 16:59:30,944 - SmartRoom - INFO - ========================================
2026-02-10 16:59:30,944 - SmartRoom - INFO - Running ML Optimization...
2026-02-10 16:59:30,945 - SmartRoom - INFO -   Occupancy: False | Persons: 0
2026-02-10 16:59:31,060 - ACGeneticOptimizer - INFO - GA Result: {'ac_temperature': 17, 'fan_speed': 2, 'duty_cycle': 0.0, 'should_turn_on': False, 'energy_score': np.float64(0.0), 'comfort_score': 1.0}
2026-02-10 16:59:31,060 - SmartRoom - INFO -   [AC] Temp:17C On:False
2026-02-10 16:59:31,061 - SmartRoom - INFO -   [Lamp] Brightness:0 On:False
2026-02-10 16:59:31,061 - SmartRoom - INFO - ========================================
2026-02-10 16:59:31,104 - SmartRoom - INFO - [AC Status] {'device': 'ac_controller', 'status': 'error', 'detail': 'No IR code for AC OFF', 'uptime': 6051, 'wifi_rssi': -69, 'ac_state': 'off', 'ac_temp': 24, 'ir_codes_learned': 0}
2026-02-10 16:59:31,104 - SmartRoom - INFO - [Lamp Status] {'brightness_pwm': 0, 'brightness_percent': 0, 'mode': 'manual', 'status': 'off'}
2026-02-10 17:00:01,061 - SmartRoom - INFO - ========================================
2026-02-10 17:00:01,061 - SmartRoom - INFO - Running ML Optimization...
2026-02-10 17:00:01,061 - SmartRoom - INFO -   Occupancy: False | Persons: 0
2026-02-10 17:00:01,163 - ACGeneticOptimizer - INFO - GA Result: {'ac_temperature': 18, 'fan_speed': 3, 'duty_cycle': 0.0, 'should_turn_on': False, 'energy_score': np.float64(0.0), 'comfort_score': 1.0}
2026-02-10 17:00:01,163 - SmartRoom - INFO -   [AC] Temp:18C On:False
2026-02-10 17:00:01,163 - SmartRoom - INFO -   [Lamp] Brightness:0 On:False
2026-02-10 17:00:01,163 - SmartRoom - INFO - ========================================
2026-02-10 17:00:01,226 - SmartRoom - INFO - [AC Status] {'device': 'ac_controller', 'status': 'error', 'detail': 'No IR code for AC OFF', 'uptime': 6081, 'wifi_rssi': -62, 'ac_state': 'off', 'ac_temp': 24, 'ir_codes_learned': 0}
2026-02-10 17:00:01,480 - SmartRoom - INFO - [Lamp Status] {'brightness_pwm': 0, 'brightness_percent': 0, 'mode': 'manual', 'status': 'off'}
2026-02-10 17:00:24,682 - SmartRoom - INFO - STATUS | AC: 24.8C 73.2% | Lamp: 2lux br=0 | Cam: 0ppl | Opts: 255
2026-02-10 17:00:31,164 - SmartRoom - INFO - ========================================
2026-02-10 17:00:31,164 - SmartRoom - INFO - Running ML Optimization...
2026-02-10 17:00:31,164 - SmartRoom - INFO -   Occupancy: False | Persons: 0
2026-02-10 17:00:31,273 - ACGeneticOptimizer - INFO - GA Result: {'ac_temperature': 23, 'fan_speed': 2, 'duty_cycle': 0.0, 'should_turn_on': False, 'energy_score': np.float64(0.0), 'comfort_score': 1.0}
2026-02-10 17:00:31,273 - SmartRoom - INFO -   [AC] Temp:23C On:False
2026-02-10 17:00:31,274 - SmartRoom - INFO -   [Lamp] Brightness:0 On:False
2026-02-10 17:00:31,274 - SmartRoom - INFO - ========================================
2026-02-10 17:00:31,380 - SmartRoom - INFO - [Lamp Status] {'brightness_pwm': 0, 'brightness_percent': 0, 'mode': 'manual', 'status': 'off'}
2026-02-10 17:00:31,479 - SmartRoom - INFO - [AC Status] {'device': 'ac_controller', 'status': 'error', 'detail': 'No IR code for AC OFF', 'uptime': 6112, 'wifi_rssi': -71, 'ac_state': 'off', 'ac_temp': 24, 'ir_codes_learned': 0}
2026-02-10 17:01:01,274 - SmartRoom - INFO - ========================================
2026-02-10 17:01:01,274 - SmartRoom - INFO - Running ML Optimization...
2026-02-10 17:01:01,274 - SmartRoom - INFO -   Occupancy: False | Persons: 0
2026-02-10 17:01:01,382 - ACGeneticOptimizer - INFO - GA Result: {'ac_temperature': 21, 'fan_speed': 2, 'duty_cycle': 0.0, 'should_turn_on': False, 'energy_score': np.float64(0.0), 'comfort_score': 1.0}
2026-02-10 17:01:01,382 - SmartRoom - INFO -   [AC] Temp:21C On:False
2026-02-10 17:01:01,383 - SmartRoom - INFO -   [Lamp] Brightness:0 On:False
2026-02-10 17:01:01,383 - SmartRoom - INFO - ========================================
2026-02-10 17:01:01,521 - SmartRoom - INFO - [AC Status] {'device': 'ac_controller', 'status': 'error', 'detail': 'No IR code for AC OFF', 'uptime': 6142, 'wifi_rssi': -65, 'ac_state': 'off', 'ac_temp': 24, 'ir_codes_learned': 0}
2026-02-10 17:01:01,632 - SmartRoom - INFO - [Lamp Status] {'brightness_pwm': 0, 'brightness_percent': 0, 'mode': 'manual', 'status': 'off'}
2026-02-10 17:01:24,687 - SmartRoom - INFO - STATUS | AC: 24.8C 72.7% | Lamp: 2lux br=0 | Cam: 0ppl | Opts: 257
2026-02-10 17:01:31,383 - SmartRoom - INFO - ========================================
2026-02-10 17:01:31,383 - SmartRoom - INFO - Running ML Optimization...
2026-02-10 17:01:31,384 - SmartRoom - INFO -   Occupancy: False | Persons: 0
2026-02-10 17:01:31,502 - ACGeneticOptimizer - INFO - GA Result: {'ac_temperature': 24, 'fan_speed': 3, 'duty_cycle': 0.0, 'should_turn_on': False, 'energy_score': np.float64(0.0), 'comfort_score': 1.0}
2026-02-10 17:01:31,502 - SmartRoom - INFO -   [AC] Temp:24C On:False
2026-02-10 17:01:31,503 - SmartRoom - INFO -   [Lamp] Brightness:0 On:False
2026-02-10 17:01:31,503 - SmartRoom - INFO - ========================================
2026-02-10 17:01:31,594 - SmartRoom - INFO - [AC Status] {'device': 'ac_controller', 'status': 'error', 'detail': 'No IR code for AC OFF', 'uptime': 6172, 'wifi_rssi': -59, 'ac_state': 'off', 'ac_temp': 24, 'ir_codes_learned': 0}
2026-02-10 17:01:31,595 - SmartRoom - INFO - [Lamp Status] {'brightness_pwm': 0, 'brightness_percent': 0, 'mode': 'manual', 'status': 'off'}
2026-02-10 17:02:01,503 - SmartRoom - INFO - ========================================
2026-02-10 17:02:01,504 - SmartRoom - INFO - Running ML Optimization...
2026-02-10 17:02:01,504 - SmartRoom - INFO -   Occupancy: False | Persons: 0
2026-02-10 17:02:01,616 - ACGeneticOptimizer - INFO - GA Result: {'ac_temperature': 24, 'fan_speed': 3, 'duty_cycle': 0.0, 'should_turn_on': False, 'energy_score': np.float64(0.0), 'comfort_score': 1.0}
2026-02-10 17:02:01,617 - SmartRoom - INFO -   [AC] Temp:24C On:False
2026-02-10 17:02:01,617 - SmartRoom - INFO -   [Lamp] Brightness:0 On:False
2026-02-10 17:02:01,617 - SmartRoom - INFO - ========================================
2026-02-10 17:02:01,660 - SmartRoom - INFO - [AC Status] {'device': 'ac_controller', 'status': 'error', 'detail': 'No IR code for AC OFF', 'uptime': 6202, 'wifi_rssi': -60, 'ac_state': 'off', 'ac_temp': 24, 'ir_codes_learned': 0}
2026-02-10 17:02:01,660 - SmartRoom - INFO - [Lamp Status] {'brightness_pwm': 0, 'brightness_percent': 0, 'mode': 'manual', 'status': 'off'}
2026-02-10 17:02:24,691 - SmartRoom - INFO - STATUS | AC: 24.8C 72.9% | Lamp: 2lux br=0 | Cam: 0ppl | Opts: 259
2026-02-10 17:02:31,618 - SmartRoom - INFO - ========================================
2026-02-10 17:02:31,618 - SmartRoom - INFO - Running ML Optimization...
2026-02-10 17:02:31,618 - SmartRoom - INFO -   Occupancy: False | Persons: 0
2026-02-10 17:02:31,739 - ACGeneticOptimizer - INFO - GA Result: {'ac_temperature': 26, 'fan_speed': 1, 'duty_cycle': 0.0, 'should_turn_on': False, 'energy_score': np.float64(0.0), 'comfort_score': 1.0}
2026-02-10 17:02:31,739 - SmartRoom - INFO -   [AC] Temp:26C On:False
2026-02-10 17:02:31,739 - SmartRoom - INFO -   [Lamp] Brightness:0 On:False
2026-02-10 17:02:31,740 - SmartRoom - INFO - ========================================
2026-02-10 17:02:31,784 - SmartRoom - INFO - [AC Status] {'device': 'ac_controller', 'status': 'error', 'detail': 'No IR code for AC OFF', 'uptime': 6232, 'wifi_rssi': -60, 'ac_state': 'off', 'ac_temp': 24, 'ir_codes_learned': 0}
2026-02-10 17:02:31,945 - SmartRoom - INFO - [Lamp Status] {'brightness_pwm': 0, 'brightness_percent': 0, 'mode': 'manual', 'status': 'off'}
2026-02-10 17:03:01,740 - SmartRoom - INFO - ========================================
2026-02-10 17:03:01,740 - SmartRoom - INFO - Running ML Optimization...
2026-02-10 17:03:01,740 - SmartRoom - INFO -   Occupancy: False | Persons: 0
2026-02-10 17:03:01,854 - ACGeneticOptimizer - INFO - GA Result: {'ac_temperature': 28, 'fan_speed': 1, 'duty_cycle': 0.0, 'should_turn_on': False, 'energy_score': np.float64(0.0), 'comfort_score': 1.0}
2026-02-10 17:03:01,854 - SmartRoom - INFO -   [AC] Temp:28C On:False
2026-02-10 17:03:01,854 - SmartRoom - INFO -   [Lamp] Brightness:0 On:False
2026-02-10 17:03:01,854 - SmartRoom - INFO - ========================================
2026-02-10 17:03:01,905 - SmartRoom - INFO - [Lamp Status] {'brightness_pwm': 0, 'brightness_percent': 0, 'mode': 'manual', 'status': 'off'}
2026-02-10 17:03:01,973 - SmartRoom - INFO - [AC Status] {'device': 'ac_controller', 'status': 'error', 'detail': 'No IR code for AC OFF', 'uptime': 6262, 'wifi_rssi': -58, 'ac_state': 'off', 'ac_temp': 24, 'ir_codes_learned': 0}
2026-02-10 17:03:24,700 - SmartRoom - INFO - STATUS | AC: 24.8C 73.2% | Lamp: 2lux br=0 | Cam: 0ppl | Opts: 261
2026-02-10 17:03:31,855 - SmartRoom - INFO - ========================================
2026-02-10 17:03:31,855 - SmartRoom - INFO - Running ML Optimization...
2026-02-10 17:03:31,855 - SmartRoom - INFO -   Occupancy: False | Persons: 0
2026-02-10 17:03:31,964 - ACGeneticOptimizer - INFO - GA Result: {'ac_temperature': 16, 'fan_speed': 1, 'duty_cycle': 0.0, 'should_turn_on': False, 'energy_score': np.float64(0.0), 'comfort_score': 1.0}
2026-02-10 17:03:31,965 - SmartRoom - INFO -   [AC] Temp:16C On:False
2026-02-10 17:03:31,965 - SmartRoom - INFO -   [Lamp] Brightness:0 On:False
2026-02-10 17:03:31,965 - SmartRoom - INFO - ========================================
2026-02-10 17:03:32,008 - SmartRoom - INFO - [Lamp Status] {'brightness_pwm': 0, 'brightness_percent': 0, 'mode': 'manual', 'status': 'off'}
2026-02-10 17:03:32,008 - SmartRoom - INFO - [AC Status] {'device': 'ac_controller', 'status': 'error', 'detail': 'No IR code for AC OFF', 'uptime': 6292, 'wifi_rssi': -64, 'ac_state': 'off', 'ac_temp': 24, 'ir_codes_learned': 0}
2026-02-10 17:04:01,965 - SmartRoom - INFO - ========================================
2026-02-10 17:04:01,966 - SmartRoom - INFO - Running ML Optimization...
2026-02-10 17:04:01,966 - SmartRoom - INFO -   Occupancy: False | Persons: 0
2026-02-10 17:04:02,077 - ACGeneticOptimizer - INFO - GA Result: {'ac_temperature': 22, 'fan_speed': 1, 'duty_cycle': 0.0, 'should_turn_on': False, 'energy_score': np.float64(0.0), 'comfort_score': 1.0}
2026-02-10 17:04:02,077 - SmartRoom - INFO -   [AC] Temp:22C On:False
2026-02-10 17:04:02,077 - SmartRoom - INFO -   [Lamp] Brightness:0 On:False
2026-02-10 17:04:02,077 - SmartRoom - INFO - ========================================
2026-02-10 17:04:02,217 - SmartRoom - INFO - [AC Status] {'device': 'ac_controller', 'status': 'error', 'detail': 'No IR code for AC OFF', 'uptime': 6322, 'wifi_rssi': -63, 'ac_state': 'off', 'ac_temp': 24, 'ir_codes_learned': 0}
2026-02-10 17:04:02,255 - SmartRoom - INFO - [Lamp Status] {'brightness_pwm': 0, 'brightness_percent': 0, 'mode': 'manual', 'status': 'off'}
2026-02-10 17:04:24,705 - SmartRoom - INFO - STATUS | AC: 24.8C 73.5% | Lamp: 2lux br=0 | Cam: 0ppl | Opts: 263
2026-02-10 17:04:32,078 - SmartRoom - INFO - ========================================
2026-02-10 17:04:32,078 - SmartRoom - INFO - Running ML Optimization...
2026-02-10 17:04:32,078 - SmartRoom - INFO -   Occupancy: False | Persons: 0
2026-02-10 17:04:32,203 - ACGeneticOptimizer - INFO - GA Result: {'ac_temperature': 17, 'fan_speed': 3, 'duty_cycle': 0.0, 'should_turn_on': False, 'energy_score': np.float64(0.0), 'comfort_score': 1.0}
2026-02-10 17:04:32,203 - SmartRoom - INFO -   [AC] Temp:17C On:False
2026-02-10 17:04:32,204 - SmartRoom - INFO -   [Lamp] Brightness:0 On:False
2026-02-10 17:04:32,204 - SmartRoom - INFO - ========================================
2026-02-10 17:04:32,288 - SmartRoom - INFO - [AC Status] {'device': 'ac_controller', 'status': 'error', 'detail': 'No IR code for AC OFF', 'uptime': 6352, 'wifi_rssi': -59, 'ac_state': 'off', 'ac_temp': 24, 'ir_codes_learned': 0}
2026-02-10 17:04:32,297 - SmartRoom - INFO - [Lamp Status] {'brightness_pwm': 0, 'brightness_percent': 0, 'mode': 'manual', 'status': 'off'}
2026-02-10 17:05:02,204 - SmartRoom - INFO - ========================================
2026-02-10 17:05:02,204 - SmartRoom - INFO - Running ML Optimization...
2026-02-10 17:05:02,204 - SmartRoom - INFO -   Occupancy: False | Persons: 0
2026-02-10 17:05:02,309 - ACGeneticOptimizer - INFO - GA Result: {'ac_temperature': 18, 'fan_speed': 1, 'duty_cycle': 0.0, 'should_turn_on': False, 'energy_score': np.float64(0.0), 'comfort_score': 1.0}
2026-02-10 17:05:02,309 - SmartRoom - INFO -   [AC] Temp:18C On:False
2026-02-10 17:05:02,310 - SmartRoom - INFO -   [Lamp] Brightness:0 On:False
2026-02-10 17:05:02,310 - SmartRoom - INFO - ========================================
2026-02-10 17:05:02,854 - SmartRoom - INFO - [Lamp Status] {'brightness_pwm': 0, 'brightness_percent': 0, 'mode': 'manual', 'status': 'off'}
2026-02-10 17:05:03,483 - SmartRoom - INFO - [AC Status] {'device': 'ac_controller', 'status': 'error', 'detail': 'No IR code for AC OFF', 'uptime': 6383, 'wifi_rssi': -59, 'ac_state': 'off', 'ac_temp': 24, 'ir_codes_learned': 0}
2026-02-10 17:05:24,709 - SmartRoom - INFO - STATUS | AC: 24.8C 73.4% | Lamp: 2lux br=0 | Cam: 0ppl | Opts: 265
2026-02-10 17:05:32,310 - SmartRoom - INFO - ========================================
2026-02-10 17:05:32,311 - SmartRoom - INFO - Running ML Optimization...
2026-02-10 17:05:32,311 - SmartRoom - INFO -   Occupancy: False | Persons: 0
2026-02-10 17:05:32,431 - ACGeneticOptimizer - INFO - GA Result: {'ac_temperature': 24, 'fan_speed': 1, 'duty_cycle': 0.0, 'should_turn_on': False, 'energy_score': np.float64(0.0), 'comfort_score': 1.0}
2026-02-10 17:05:32,432 - SmartRoom - INFO -   [AC] Temp:24C On:False
2026-02-10 17:05:32,432 - SmartRoom - INFO -   [Lamp] Brightness:0 On:False
2026-02-10 17:05:32,432 - SmartRoom - INFO - ========================================
2026-02-10 17:05:32,529 - SmartRoom - INFO - [AC Status] {'device': 'ac_controller', 'status': 'error', 'detail': 'No IR code for AC OFF', 'uptime': 6413, 'wifi_rssi': -63, 'ac_state': 'off', 'ac_temp': 24, 'ir_codes_learned': 0}
2026-02-10 17:05:32,536 - SmartRoom - INFO - [Lamp Status] {'brightness_pwm': 0, 'brightness_percent': 0, 'mode': 'manual', 'status': 'off'}
2026-02-10 17:06:02,433 - SmartRoom - INFO - ========================================
2026-02-10 17:06:02,433 - SmartRoom - INFO - Running ML Optimization...
2026-02-10 17:06:02,433 - SmartRoom - INFO -   Occupancy: False | Persons: 0
2026-02-10 17:06:02,557 - ACGeneticOptimizer - INFO - GA Result: {'ac_temperature': 30, 'fan_speed': 3, 'duty_cycle': 0.0, 'should_turn_on': False, 'energy_score': np.float64(0.0), 'comfort_score': 1.0}
2026-02-10 17:06:02,557 - SmartRoom - INFO -   [AC] Temp:30C On:False
2026-02-10 17:06:02,557 - SmartRoom - INFO -   [Lamp] Brightness:0 On:False
2026-02-10 17:06:02,557 - SmartRoom - INFO - ========================================
2026-02-10 17:06:03,043 - SmartRoom - INFO - [AC Status] {'device': 'ac_controller', 'status': 'error', 'detail': 'No IR code for AC OFF', 'uptime': 6443, 'wifi_rssi': -62, 'ac_state': 'off', 'ac_temp': 24, 'ir_codes_learned': 0}
2026-02-10 17:06:03,055 - SmartRoom - INFO - [Lamp Status] {'brightness_pwm': 0, 'brightness_percent': 0, 'mode': 'manual', 'status': 'off'}
2026-02-10 17:06:24,714 - SmartRoom - INFO - STATUS | AC: 24.8C 73.1% | Lamp: 2lux br=0 | Cam: 0ppl | Opts: 267
2026-02-10 17:06:32,558 - SmartRoom - INFO - ========================================
2026-02-10 17:06:32,558 - SmartRoom - INFO - Running ML Optimization...
2026-02-10 17:06:32,558 - SmartRoom - INFO -   Occupancy: False | Persons: 0
2026-02-10 17:06:32,670 - ACGeneticOptimizer - INFO - GA Result: {'ac_temperature': 28, 'fan_speed': 3, 'duty_cycle': 0.0, 'should_turn_on': False, 'energy_score': np.float64(0.0), 'comfort_score': 1.0}
2026-02-10 17:06:32,670 - SmartRoom - INFO -   [AC] Temp:28C On:False
2026-02-10 17:06:32,670 - SmartRoom - INFO -   [Lamp] Brightness:0 On:False
2026-02-10 17:06:32,671 - SmartRoom - INFO - ========================================
2026-02-10 17:06:32,750 - SmartRoom - INFO - [AC Status] {'device': 'ac_controller', 'status': 'error', 'detail': 'No IR code for AC OFF', 'uptime': 6473, 'wifi_rssi': -61, 'ac_state': 'off', 'ac_temp': 24, 'ir_codes_learned': 0}
2026-02-10 17:06:32,750 - SmartRoom - INFO - [Lamp Status] {'brightness_pwm': 0, 'brightness_percent': 0, 'mode': 'manual', 'status': 'off'}
2026-02-10 17:07:02,671 - SmartRoom - INFO - ========================================
2026-02-10 17:07:02,671 - SmartRoom - INFO - Running ML Optimization...
2026-02-10 17:07:02,671 - SmartRoom - INFO -   Occupancy: False | Persons: 0
2026-02-10 17:07:02,793 - ACGeneticOptimizer - INFO - GA Result: {'ac_temperature': 21, 'fan_speed': 2, 'duty_cycle': 0.0, 'should_turn_on': False, 'energy_score': np.float64(0.0), 'comfort_score': 1.0}
2026-02-10 17:07:02,793 - SmartRoom - INFO -   [AC] Temp:21C On:False
2026-02-10 17:07:02,793 - SmartRoom - INFO -   [Lamp] Brightness:0 On:False
2026-02-10 17:07:02,793 - SmartRoom - INFO - ========================================
2026-02-10 17:07:02,969 - SmartRoom - INFO - [Lamp Status] {'brightness_pwm': 0, 'brightness_percent': 0, 'mode': 'manual', 'status': 'off'}
2026-02-10 17:07:02,992 - SmartRoom - INFO - [AC Status] {'device': 'ac_controller', 'status': 'error', 'detail': 'No IR code for AC OFF', 'uptime': 6503, 'wifi_rssi': -66, 'ac_state': 'off', 'ac_temp': 24, 'ir_codes_learned': 0}
2026-02-10 17:07:24,723 - SmartRoom - INFO - STATUS | AC: 24.8C 72.7% | Lamp: 2lux br=0 | Cam: 0ppl | Opts: 269
2026-02-10 17:07:32,794 - SmartRoom - INFO - ========================================
2026-02-10 17:07:32,794 - SmartRoom - INFO - Running ML Optimization...
2026-02-10 17:07:32,794 - SmartRoom - INFO -   Occupancy: False | Persons: 0
2026-02-10 17:07:32,901 - ACGeneticOptimizer - INFO - GA Result: {'ac_temperature': 23, 'fan_speed': 1, 'duty_cycle': 0.0, 'should_turn_on': False, 'energy_score': np.float64(0.0), 'comfort_score': 1.0}
2026-02-10 17:07:32,901 - SmartRoom - INFO -   [AC] Temp:23C On:False
2026-02-10 17:07:32,901 - SmartRoom - INFO -   [Lamp] Brightness:0 On:False
2026-02-10 17:07:32,901 - SmartRoom - INFO - ========================================
2026-02-10 17:07:32,952 - SmartRoom - INFO - [AC Status] {'device': 'ac_controller', 'status': 'error', 'detail': 'No IR code for AC OFF', 'uptime': 6533, 'wifi_rssi': -64, 'ac_state': 'off', 'ac_temp': 24, 'ir_codes_learned': 0}
2026-02-10 17:07:32,960 - SmartRoom - INFO - [Lamp Status] {'brightness_pwm': 0, 'brightness_percent': 0, 'mode': 'manual', 'status': 'off'}
2026-02-10 17:08:02,902 - SmartRoom - INFO - ========================================
2026-02-10 17:08:02,902 - SmartRoom - INFO - Running ML Optimization...
2026-02-10 17:08:02,902 - SmartRoom - INFO -   Occupancy: False | Persons: 0
2026-02-10 17:08:03,025 - ACGeneticOptimizer - INFO - GA Result: {'ac_temperature': 27, 'fan_speed': 2, 'duty_cycle': 0.0, 'should_turn_on': False, 'energy_score': np.float64(0.0), 'comfort_score': 1.0}
2026-02-10 17:08:03,026 - SmartRoom - INFO -   [AC] Temp:27C On:False
2026-02-10 17:08:03,026 - SmartRoom - INFO -   [Lamp] Brightness:0 On:False
2026-02-10 17:08:03,026 - SmartRoom - INFO - ========================================
2026-02-10 17:08:03,068 - SmartRoom - INFO - [Lamp Status] {'brightness_pwm': 0, 'brightness_percent': 0, 'mode': 'manual', 'status': 'off'}
2026-02-10 17:08:03,261 - SmartRoom - INFO - [AC Status] {'device': 'ac_controller', 'status': 'error', 'detail': 'No IR code for AC OFF', 'uptime': 6563, 'wifi_rssi': -66, 'ac_state': 'off', 'ac_temp': 24, 'ir_codes_learned': 0}
2026-02-10 17:08:24,728 - SmartRoom - INFO - STATUS | AC: 24.7C 72.4% | Lamp: 2lux br=0 | Cam: 0ppl | Opts: 271
2026-02-10 17:08:33,027 - SmartRoom - INFO - ========================================
2026-02-10 17:08:33,027 - SmartRoom - INFO - Running ML Optimization...
2026-02-10 17:08:33,027 - SmartRoom - INFO -   Occupancy: False | Persons: 0
2026-02-10 17:08:33,132 - ACGeneticOptimizer - INFO - GA Result: {'ac_temperature': 27, 'fan_speed': 1, 'duty_cycle': 0.0, 'should_turn_on': False, 'energy_score': np.float64(0.0), 'comfort_score': 1.0}
2026-02-10 17:08:33,132 - SmartRoom - INFO -   [AC] Temp:27C On:False
2026-02-10 17:08:33,132 - SmartRoom - INFO -   [Lamp] Brightness:0 On:False
2026-02-10 17:08:33,132 - SmartRoom - INFO - ========================================
2026-02-10 17:08:36,024 - SmartRoom - INFO - [AC Status] {'device': 'ac_controller', 'status': 'error', 'detail': 'No IR code for AC OFF', 'uptime': 6594, 'wifi_rssi': -62, 'ac_state': 'off', 'ac_temp': 24, 'ir_codes_learned': 0}
2026-02-10 17:08:36,025 - SmartRoom - INFO - [Lamp Status] {'brightness_pwm': 0, 'brightness_percent': 0, 'mode': 'manual', 'status': 'off'}
2026-02-10 17:09:03,132 - SmartRoom - INFO - ========================================
2026-02-10 17:09:03,133 - SmartRoom - INFO - Running ML Optimization...
2026-02-10 17:09:03,133 - SmartRoom - INFO -   Occupancy: False | Persons: 0
2026-02-10 17:09:03,253 - ACGeneticOptimizer - INFO - GA Result: {'ac_temperature': 22, 'fan_speed': 3, 'duty_cycle': 0.0, 'should_turn_on': False, 'energy_score': np.float64(0.0), 'comfort_score': 1.0}
2026-02-10 17:09:03,253 - SmartRoom - INFO -   [AC] Temp:22C On:False
2026-02-10 17:09:03,254 - SmartRoom - INFO -   [Lamp] Brightness:0 On:False
2026-02-10 17:09:03,254 - SmartRoom - INFO - ========================================
2026-02-10 17:09:03,376 - SmartRoom - INFO - [AC Status] {'device': 'ac_controller', 'status': 'error', 'detail': 'No IR code for AC OFF', 'uptime': 6624, 'wifi_rssi': -62, 'ac_state': 'off', 'ac_temp': 24, 'ir_codes_learned': 0}
2026-02-10 17:09:03,380 - SmartRoom - INFO - [Lamp Status] {'brightness_pwm': 0, 'brightness_percent': 0, 'mode': 'manual', 'status': 'off'}
2026-02-10 17:09:24,733 - SmartRoom - INFO - STATUS | AC: 24.7C 72.4% | Lamp: 2lux br=0 | Cam: 0ppl | Opts: 273
2026-02-10 17:09:33,254 - SmartRoom - INFO - ========================================
2026-02-10 17:09:33,254 - SmartRoom - INFO - Running ML Optimization...
2026-02-10 17:09:33,254 - SmartRoom - INFO -   Occupancy: False | Persons: 0
2026-02-10 17:09:33,339 - ACGeneticOptimizer - INFO - GA Result: {'ac_temperature': 23, 'fan_speed': 2, 'duty_cycle': 0.0, 'should_turn_on': False, 'energy_score': np.float64(0.0), 'comfort_score': 1.0}
2026-02-10 17:09:33,339 - SmartRoom - INFO -   [AC] Temp:23C On:False
2026-02-10 17:09:33,339 - SmartRoom - INFO -   [Lamp] Brightness:0 On:False
2026-02-10 17:09:33,340 - SmartRoom - INFO - ========================================
2026-02-10 17:09:33,384 - SmartRoom - INFO - [AC Status] {'device': 'ac_controller', 'status': 'error', 'detail': 'No IR code for AC OFF', 'uptime': 6654, 'wifi_rssi': -61, 'ac_state': 'off', 'ac_temp': 24, 'ir_codes_learned': 0}
2026-02-10 17:09:33,384 - SmartRoom - INFO - [Lamp Status] {'brightness_pwm': 0, 'brightness_percent': 0, 'mode': 'manual', 'status': 'off'}
2026-02-10 17:10:03,340 - SmartRoom - INFO - ========================================
2026-02-10 17:10:03,340 - SmartRoom - INFO - Running ML Optimization...
2026-02-10 17:10:03,340 - SmartRoom - INFO -   Occupancy: False | Persons: 0
2026-02-10 17:10:03,466 - ACGeneticOptimizer - INFO - GA Result: {'ac_temperature': 26, 'fan_speed': 2, 'duty_cycle': 0.0, 'should_turn_on': False, 'energy_score': np.float64(0.0), 'comfort_score': 1.0}
2026-02-10 17:10:03,467 - SmartRoom - INFO -   [AC] Temp:26C On:False
2026-02-10 17:10:03,467 - SmartRoom - INFO -   [Lamp] Brightness:0 On:False
2026-02-10 17:10:03,467 - SmartRoom - INFO - ========================================
2026-02-10 17:10:03,508 - SmartRoom - INFO - [Lamp Status] {'brightness_pwm': 0, 'brightness_percent': 0, 'mode': 'manual', 'status': 'off'}
2026-02-10 17:10:03,508 - SmartRoom - INFO - [AC Status] {'device': 'ac_controller', 'status': 'error', 'detail': 'No IR code for AC OFF', 'uptime': 6684, 'wifi_rssi': -60, 'ac_state': 'off', 'ac_temp': 24, 'ir_codes_learned': 0}
2026-02-10 17:10:24,737 - SmartRoom - INFO - STATUS | AC: 24.7C 72.2% | Lamp: 2lux br=0 | Cam: 0ppl | Opts: 275
2026-02-10 17:10:33,467 - SmartRoom - INFO - ========================================
2026-02-10 17:10:33,468 - SmartRoom - INFO - Running ML Optimization...
2026-02-10 17:10:33,468 - SmartRoom - INFO -   Occupancy: False | Persons: 0
2026-02-10 17:10:33,580 - ACGeneticOptimizer - INFO - GA Result: {'ac_temperature': 19, 'fan_speed': 3, 'duty_cycle': 0.0, 'should_turn_on': False, 'energy_score': np.float64(0.0), 'comfort_score': 1.0}
2026-02-10 17:10:33,580 - SmartRoom - INFO -   [AC] Temp:19C On:False
2026-02-10 17:10:33,580 - SmartRoom - INFO -   [Lamp] Brightness:0 On:False
2026-02-10 17:10:33,580 - SmartRoom - INFO - ========================================
2026-02-10 17:10:34,194 - SmartRoom - INFO - [AC Status] {'device': 'ac_controller', 'status': 'error', 'detail': 'No IR code for AC OFF', 'uptime': 6714, 'wifi_rssi': -61, 'ac_state': 'off', 'ac_temp': 24, 'ir_codes_learned': 0}
2026-02-10 17:10:34,977 - SmartRoom - INFO - [Lamp Status] {'brightness_pwm': 0, 'brightness_percent': 0, 'mode': 'manual', 'status': 'off'}
2026-02-10 17:11:03,581 - SmartRoom - INFO - ========================================
2026-02-10 17:11:03,581 - SmartRoom - INFO - Running ML Optimization...
2026-02-10 17:11:03,581 - SmartRoom - INFO -   Occupancy: False | Persons: 0
2026-02-10 17:11:03,700 - ACGeneticOptimizer - INFO - GA Result: {'ac_temperature': 30, 'fan_speed': 3, 'duty_cycle': 0.0, 'should_turn_on': False, 'energy_score': np.float64(0.0), 'comfort_score': 1.0}
2026-02-10 17:11:03,700 - SmartRoom - INFO -   [AC] Temp:30C On:False
2026-02-10 17:11:03,701 - SmartRoom - INFO -   [Lamp] Brightness:0 On:False
2026-02-10 17:11:03,701 - SmartRoom - INFO - ========================================
2026-02-10 17:11:03,801 - SmartRoom - INFO - [AC Status] {'device': 'ac_controller', 'status': 'error', 'detail': 'No IR code for AC OFF', 'uptime': 6744, 'wifi_rssi': -61, 'ac_state': 'off', 'ac_temp': 24, 'ir_codes_learned': 0}
2026-02-10 17:11:03,802 - SmartRoom - INFO - [Lamp Status] {'brightness_pwm': 0, 'brightness_percent': 0, 'mode': 'manual', 'status': 'off'}
2026-02-10 17:11:24,742 - SmartRoom - INFO - STATUS | AC: 24.7C 72.1% | Lamp: 2lux br=0 | Cam: 0ppl | Opts: 277
2026-02-10 17:11:33,701 - SmartRoom - INFO - ========================================
2026-02-10 17:11:33,701 - SmartRoom - INFO - Running ML Optimization...
2026-02-10 17:11:33,701 - SmartRoom - INFO -   Occupancy: False | Persons: 0
2026-02-10 17:11:33,814 - ACGeneticOptimizer - INFO - GA Result: {'ac_temperature': 29, 'fan_speed': 1, 'duty_cycle': 0.0, 'should_turn_on': False, 'energy_score': np.float64(0.0), 'comfort_score': 1.0}
2026-02-10 17:11:33,815 - SmartRoom - INFO -   [AC] Temp:29C On:False
2026-02-10 17:11:33,815 - SmartRoom - INFO -   [Lamp] Brightness:0 On:False
2026-02-10 17:11:33,815 - SmartRoom - INFO - ========================================
2026-02-10 17:11:33,892 - SmartRoom - INFO - [AC Status] {'device': 'ac_controller', 'status': 'error', 'detail': 'No IR code for AC OFF', 'uptime': 6774, 'wifi_rssi': -59, 'ac_state': 'off', 'ac_temp': 24, 'ir_codes_learned': 0}
2026-02-10 17:11:34,012 - SmartRoom - INFO - [Lamp Status] {'brightness_pwm': 0, 'brightness_percent': 0, 'mode': 'manual', 'status': 'off'}
2026-02-10 17:12:03,815 - SmartRoom - INFO - ========================================
2026-02-10 17:12:03,816 - SmartRoom - INFO - Running ML Optimization...
2026-02-10 17:12:03,816 - SmartRoom - INFO -   Occupancy: False | Persons: 0
2026-02-10 17:12:03,944 - ACGeneticOptimizer - INFO - GA Result: {'ac_temperature': 28, 'fan_speed': 1, 'duty_cycle': 0.0, 'should_turn_on': False, 'energy_score': np.float64(0.0), 'comfort_score': 1.0}
2026-02-10 17:12:03,945 - SmartRoom - INFO -   [AC] Temp:28C On:False
2026-02-10 17:12:03,946 - SmartRoom - INFO -   [Lamp] Brightness:0 On:False
2026-02-10 17:12:03,946 - SmartRoom - INFO - ========================================
2026-02-10 17:12:04,005 - SmartRoom - INFO - [AC Status] {'device': 'ac_controller', 'status': 'error', 'detail': 'No IR code for AC OFF', 'uptime': 6804, 'wifi_rssi': -61, 'ac_state': 'off', 'ac_temp': 24, 'ir_codes_learned': 0}
2026-02-10 17:12:04,015 - SmartRoom - INFO - [Lamp Status] {'brightness_pwm': 0, 'brightness_percent': 0, 'mode': 'manual', 'status': 'off'}
2026-02-10 17:12:24,752 - SmartRoom - INFO - STATUS | AC: 24.6C 72.0% | Lamp: 1lux br=0 | Cam: 0ppl | Opts: 279
2026-02-10 17:12:33,946 - SmartRoom - INFO - ========================================
2026-02-10 17:12:33,946 - SmartRoom - INFO - Running ML Optimization...
2026-02-10 17:12:33,946 - SmartRoom - INFO -   Occupancy: False | Persons: 0
2026-02-10 17:12:34,065 - ACGeneticOptimizer - INFO - GA Result: {'ac_temperature': 26, 'fan_speed': 3, 'duty_cycle': 0.0, 'should_turn_on': False, 'energy_score': np.float64(0.0), 'comfort_score': 1.0}
2026-02-10 17:12:34,066 - SmartRoom - INFO -   [AC] Temp:26C On:False
2026-02-10 17:12:34,066 - SmartRoom - INFO -   [Lamp] Brightness:0 On:False
2026-02-10 17:12:34,066 - SmartRoom - INFO - ========================================
2026-02-10 17:12:34,117 - SmartRoom - INFO - [AC Status] {'device': 'ac_controller', 'status': 'error', 'detail': 'No IR code for AC OFF', 'uptime': 6834, 'wifi_rssi': -65, 'ac_state': 'off', 'ac_temp': 24, 'ir_codes_learned': 0}
2026-02-10 17:12:34,121 - SmartRoom - INFO - [Lamp Status] {'brightness_pwm': 0, 'brightness_percent': 0, 'mode': 'manual', 'status': 'off'}
2026-02-10 17:13:04,067 - SmartRoom - INFO - ========================================
2026-02-10 17:13:04,067 - SmartRoom - INFO - Running ML Optimization...
2026-02-10 17:13:04,067 - SmartRoom - INFO -   Occupancy: False | Persons: 0
2026-02-10 17:13:04,186 - ACGeneticOptimizer - INFO - GA Result: {'ac_temperature': 25, 'fan_speed': 3, 'duty_cycle': 0.0, 'should_turn_on': False, 'energy_score': np.float64(0.0), 'comfort_score': 1.0}
2026-02-10 17:13:04,187 - SmartRoom - INFO -   [AC] Temp:25C On:False
2026-02-10 17:13:04,187 - SmartRoom - INFO -   [Lamp] Brightness:0 On:False
2026-02-10 17:13:04,187 - SmartRoom - INFO - ========================================
2026-02-10 17:13:04,232 - SmartRoom - INFO - [Lamp Status] {'brightness_pwm': 0, 'brightness_percent': 0, 'mode': 'manual', 'status': 'off'}
2026-02-10 17:13:04,265 - SmartRoom - INFO - [AC Status] {'device': 'ac_controller', 'status': 'error', 'detail': 'No IR code for AC OFF', 'uptime': 6864, 'wifi_rssi': -64, 'ac_state': 'off', 'ac_temp': 24, 'ir_codes_learned': 0}
2026-02-10 17:13:24,757 - SmartRoom - INFO - STATUS | AC: 24.7C 71.8% | Lamp: 1lux br=0 | Cam: 0ppl | Opts: 281
2026-02-10 17:13:34,188 - SmartRoom - INFO - ========================================
2026-02-10 17:13:34,188 - SmartRoom - INFO - Running ML Optimization...
2026-02-10 17:13:34,188 - SmartRoom - INFO -   Occupancy: False | Persons: 0
2026-02-10 17:13:34,308 - ACGeneticOptimizer - INFO - GA Result: {'ac_temperature': 26, 'fan_speed': 3, 'duty_cycle': 0.0, 'should_turn_on': False, 'energy_score': np.float64(0.0), 'comfort_score': 1.0}
2026-02-10 17:13:34,308 - SmartRoom - INFO -   [AC] Temp:26C On:False
2026-02-10 17:13:34,308 - SmartRoom - INFO -   [Lamp] Brightness:0 On:False
2026-02-10 17:13:34,309 - SmartRoom - INFO - ========================================
2026-02-10 17:13:34,485 - SmartRoom - INFO - [Lamp Status] {'brightness_pwm': 0, 'brightness_percent': 0, 'mode': 'manual', 'status': 'off'}
2026-02-10 17:13:36,014 - SmartRoom - INFO - [AC Status] {'device': 'ac_controller', 'status': 'error', 'detail': 'No IR code for AC OFF', 'uptime': 6895, 'wifi_rssi': -62, 'ac_state': 'off', 'ac_temp': 24, 'ir_codes_learned': 0}
2026-02-10 17:14:04,309 - SmartRoom - INFO - ========================================
2026-02-10 17:14:04,309 - SmartRoom - INFO - Running ML Optimization...
2026-02-10 17:14:04,309 - SmartRoom - INFO -   Occupancy: False | Persons: 0
2026-02-10 17:14:04,427 - ACGeneticOptimizer - INFO - GA Result: {'ac_temperature': 22, 'fan_speed': 1, 'duty_cycle': 0.0, 'should_turn_on': False, 'energy_score': np.float64(0.0), 'comfort_score': 1.0}
2026-02-10 17:14:04,427 - SmartRoom - INFO -   [AC] Temp:22C On:False
2026-02-10 17:14:04,427 - SmartRoom - INFO -   [Lamp] Brightness:0 On:False
2026-02-10 17:14:04,428 - SmartRoom - INFO - ========================================
2026-02-10 17:14:04,543 - SmartRoom - INFO - [AC Status] {'device': 'ac_controller', 'status': 'error', 'detail': 'No IR code for AC OFF', 'uptime': 6925, 'wifi_rssi': -64, 'ac_state': 'off', 'ac_temp': 24, 'ir_codes_learned': 0}
2026-02-10 17:14:04,543 - SmartRoom - INFO - [Lamp Status] {'brightness_pwm': 0, 'brightness_percent': 0, 'mode': 'manual', 'status': 'off'}
2026-02-10 17:14:24,762 - SmartRoom - INFO - STATUS | AC: 24.6C 71.6% | Lamp: 1lux br=0 | Cam: 0ppl | Opts: 283
2026-02-10 17:14:34,428 - SmartRoom - INFO - ========================================
2026-02-10 17:14:34,428 - SmartRoom - INFO - Running ML Optimization...
2026-02-10 17:14:34,428 - SmartRoom - INFO -   Occupancy: False | Persons: 0
2026-02-10 17:14:34,550 - ACGeneticOptimizer - INFO - GA Result: {'ac_temperature': 18, 'fan_speed': 3, 'duty_cycle': 0.0, 'should_turn_on': False, 'energy_score': np.float64(0.0), 'comfort_score': 1.0}
2026-02-10 17:14:34,550 - SmartRoom - INFO -   [AC] Temp:18C On:False
2026-02-10 17:14:34,551 - SmartRoom - INFO -   [Lamp] Brightness:0 On:False
2026-02-10 17:14:34,551 - SmartRoom - INFO - ========================================
2026-02-10 17:14:34,948 - SmartRoom - INFO - [Lamp Status] {'brightness_pwm': 0, 'brightness_percent': 0, 'mode': 'manual', 'status': 'off'}
2026-02-10 17:14:36,029 - SmartRoom - INFO - [AC Status] {'device': 'ac_controller', 'status': 'error', 'detail': 'No IR code for AC OFF', 'uptime': 6955, 'wifi_rssi': -62, 'ac_state': 'off', 'ac_temp': 24, 'ir_codes_learned': 0}
2026-02-10 17:15:04,551 - SmartRoom - INFO - ========================================
2026-02-10 17:15:04,551 - SmartRoom - INFO - Running ML Optimization...
2026-02-10 17:15:04,551 - SmartRoom - INFO -   Occupancy: False | Persons: 0
2026-02-10 17:15:04,671 - ACGeneticOptimizer - INFO - GA Result: {'ac_temperature': 27, 'fan_speed': 3, 'duty_cycle': 0.0, 'should_turn_on': False, 'energy_score': np.float64(0.0), 'comfort_score': 1.0}
2026-02-10 17:15:04,672 - SmartRoom - INFO -   [AC] Temp:27C On:False
2026-02-10 17:15:04,672 - SmartRoom - INFO -   [Lamp] Brightness:0 On:False
2026-02-10 17:15:04,672 - SmartRoom - INFO - ========================================
2026-02-10 17:15:04,784 - SmartRoom - INFO - [AC Status] {'device': 'ac_controller', 'status': 'error', 'detail': 'No IR code for AC OFF', 'uptime': 6985, 'wifi_rssi': -62, 'ac_state': 'off', 'ac_temp': 24, 'ir_codes_learned': 0}
2026-02-10 17:15:04,805 - SmartRoom - INFO - [Lamp Status] {'brightness_pwm': 0, 'brightness_percent': 0, 'mode': 'manual', 'status': 'off'}
2026-02-10 17:15:24,766 - SmartRoom - INFO - STATUS | AC: 24.6C 71.4% | Lamp: 1lux br=0 | Cam: 0ppl | Opts: 285
2026-02-10 17:15:34,672 - SmartRoom - INFO - ========================================
2026-02-10 17:15:34,672 - SmartRoom - INFO - Running ML Optimization...
2026-02-10 17:15:34,681 - SmartRoom - INFO -   Occupancy: False | Persons: 0
2026-02-10 17:15:34,795 - ACGeneticOptimizer - INFO - GA Result: {'ac_temperature': 27, 'fan_speed': 1, 'duty_cycle': 0.0, 'should_turn_on': False, 'energy_score': np.float64(0.0), 'comfort_score': 1.0}
2026-02-10 17:15:34,795 - SmartRoom - INFO -   [AC] Temp:27C On:False
2026-02-10 17:15:34,795 - SmartRoom - INFO -   [Lamp] Brightness:0 On:False
2026-02-10 17:15:34,796 - SmartRoom - INFO - ========================================
2026-02-10 17:15:34,991 - SmartRoom - INFO - [Lamp Status] {'brightness_pwm': 0, 'brightness_percent': 0, 'mode': 'manual', 'status': 'off'}
2026-02-10 17:15:35,047 - SmartRoom - INFO - [AC Status] {'device': 'ac_controller', 'status': 'error', 'detail': 'No IR code for AC OFF', 'uptime': 7015, 'wifi_rssi': -63, 'ac_state': 'off', 'ac_temp': 24, 'ir_codes_learned': 0}
2026-02-10 17:16:04,796 - SmartRoom - INFO - ========================================
2026-02-10 17:16:04,796 - SmartRoom - INFO - Running ML Optimization...
2026-02-10 17:16:04,796 - SmartRoom - INFO -   Occupancy: False | Persons: 0
2026-02-10 17:16:04,907 - ACGeneticOptimizer - INFO - GA Result: {'ac_temperature': 29, 'fan_speed': 1, 'duty_cycle': 0.0, 'should_turn_on': False, 'energy_score': np.float64(0.0), 'comfort_score': 1.0}
2026-02-10 17:16:04,907 - SmartRoom - INFO -   [AC] Temp:29C On:False
2026-02-10 17:16:04,907 - SmartRoom - INFO -   [Lamp] Brightness:0 On:False
2026-02-10 17:16:04,908 - SmartRoom - INFO - ========================================
2026-02-10 17:16:04,966 - SmartRoom - INFO - [AC Status] {'device': 'ac_controller', 'status': 'error', 'detail': 'No IR code for AC OFF', 'uptime': 7045, 'wifi_rssi': -61, 'ac_state': 'off', 'ac_temp': 24, 'ir_codes_learned': 0}
2026-02-10 17:16:04,983 - SmartRoom - INFO - [Lamp Status] {'brightness_pwm': 0, 'brightness_percent': 0, 'mode': 'manual', 'status': 'off'}
2026-02-10 17:16:24,776 - SmartRoom - INFO - STATUS | AC: 24.6C 71.2% | Lamp: 1lux br=0 | Cam: 0ppl | Opts: 287
2026-02-10 17:16:34,908 - SmartRoom - INFO - ========================================
2026-02-10 17:16:34,908 - SmartRoom - INFO - Running ML Optimization...
2026-02-10 17:16:34,908 - SmartRoom - INFO -   Occupancy: False | Persons: 0
2026-02-10 17:16:35,022 - ACGeneticOptimizer - INFO - GA Result: {'ac_temperature': 20, 'fan_speed': 1, 'duty_cycle': 0.0, 'should_turn_on': False, 'energy_score': np.float64(0.0), 'comfort_score': 1.0}
2026-02-10 17:16:35,022 - SmartRoom - INFO -   [AC] Temp:20C On:False
2026-02-10 17:16:35,023 - SmartRoom - INFO -   [Lamp] Brightness:0 On:False
2026-02-10 17:16:35,023 - SmartRoom - INFO - ========================================
2026-02-10 17:16:35,064 - SmartRoom - INFO - [AC Status] {'device': 'ac_controller', 'status': 'error', 'detail': 'No IR code for AC OFF', 'uptime': 7075, 'wifi_rssi': -62, 'ac_state': 'off', 'ac_temp': 24, 'ir_codes_learned': 0}
2026-02-10 17:16:35,229 - SmartRoom - INFO - [Lamp Status] {'brightness_pwm': 0, 'brightness_percent': 0, 'mode': 'manual', 'status': 'off'}
2026-02-10 17:17:05,023 - SmartRoom - INFO - ========================================
2026-02-10 17:17:05,023 - SmartRoom - INFO - Running ML Optimization...
2026-02-10 17:17:05,024 - SmartRoom - INFO -   Occupancy: False | Persons: 0
2026-02-10 17:17:05,113 - ACGeneticOptimizer - INFO - GA Result: {'ac_temperature': 16, 'fan_speed': 2, 'duty_cycle': 0.0, 'should_turn_on': False, 'energy_score': np.float64(0.0), 'comfort_score': 1.0}
2026-02-10 17:17:05,114 - SmartRoom - INFO -   [AC] Temp:16C On:False
2026-02-10 17:17:05,114 - SmartRoom - INFO -   [Lamp] Brightness:0 On:False
2026-02-10 17:17:05,115 - SmartRoom - INFO - ========================================
2026-02-10 17:17:05,178 - SmartRoom - INFO - [Lamp Status] {'brightness_pwm': 0, 'brightness_percent': 0, 'mode': 'manual', 'status': 'off'}
2026-02-10 17:17:05,296 - SmartRoom - INFO - [AC Status] {'device': 'ac_controller', 'status': 'error', 'detail': 'No IR code for AC OFF', 'uptime': 7105, 'wifi_rssi': -61, 'ac_state': 'off', 'ac_temp': 24, 'ir_codes_learned': 0}
2026-02-10 17:17:24,781 - SmartRoom - INFO - STATUS | AC: 24.6C 71.0% | Lamp: 1lux br=0 | Cam: 0ppl | Opts: 289
2026-02-10 17:17:35,115 - SmartRoom - INFO - ========================================
2026-02-10 17:17:35,115 - SmartRoom - INFO - Running ML Optimization...
2026-02-10 17:17:35,115 - SmartRoom - INFO -   Occupancy: False | Persons: 0
2026-02-10 17:17:35,236 - ACGeneticOptimizer - INFO - GA Result: {'ac_temperature': 21, 'fan_speed': 1, 'duty_cycle': 0.0, 'should_turn_on': False, 'energy_score': np.float64(0.0), 'comfort_score': 1.0}
2026-02-10 17:17:35,236 - SmartRoom - INFO -   [AC] Temp:21C On:False
2026-02-10 17:17:35,236 - SmartRoom - INFO -   [Lamp] Brightness:0 On:False
2026-02-10 17:17:35,237 - SmartRoom - INFO - ========================================
2026-02-10 17:17:35,280 - SmartRoom - INFO - [Lamp Status] {'brightness_pwm': 0, 'brightness_percent': 0, 'mode': 'manual', 'status': 'off'}
2026-02-10 17:17:35,328 - SmartRoom - INFO - [AC Status] {'device': 'ac_controller', 'status': 'error', 'detail': 'No IR code for AC OFF', 'uptime': 7135, 'wifi_rssi': -64, 'ac_state': 'off', 'ac_temp': 24, 'ir_codes_learned': 0}
2026-02-10 17:18:05,237 - SmartRoom - INFO - ========================================
2026-02-10 17:18:05,237 - SmartRoom - INFO - Running ML Optimization...
2026-02-10 17:18:05,237 - SmartRoom - INFO -   Occupancy: False | Persons: 0
2026-02-10 17:18:05,337 - ACGeneticOptimizer - INFO - GA Result: {'ac_temperature': 18, 'fan_speed': 1, 'duty_cycle': 0.0, 'should_turn_on': False, 'energy_score': np.float64(0.0), 'comfort_score': 1.0}
2026-02-10 17:18:05,337 - SmartRoom - INFO -   [AC] Temp:18C On:False
2026-02-10 17:18:05,338 - SmartRoom - INFO -   [Lamp] Brightness:0 On:False
2026-02-10 17:18:05,338 - SmartRoom - INFO - ========================================
2026-02-10 17:18:05,380 - SmartRoom - INFO - [AC Status] {'device': 'ac_controller', 'status': 'error', 'detail': 'No IR code for AC OFF', 'uptime': 7165, 'wifi_rssi': -63, 'ac_state': 'off', 'ac_temp': 24, 'ir_codes_learned': 0}
2026-02-10 17:18:05,520 - SmartRoom - INFO - [Lamp Status] {'brightness_pwm': 0, 'brightness_percent': 0, 'mode': 'manual', 'status': 'off'}
2026-02-10 17:18:24,785 - SmartRoom - INFO - STATUS | AC: 24.5C 71.0% | Lamp: 1lux br=0 | Cam: 0ppl | Opts: 291
2026-02-10 17:18:35,338 - SmartRoom - INFO - ========================================
2026-02-10 17:18:35,338 - SmartRoom - INFO - Running ML Optimization...
2026-02-10 17:18:35,338 - SmartRoom - INFO -   Occupancy: False | Persons: 0
2026-02-10 17:18:35,446 - ACGeneticOptimizer - INFO - GA Result: {'ac_temperature': 23, 'fan_speed': 3, 'duty_cycle': 0.0, 'should_turn_on': False, 'energy_score': np.float64(0.0), 'comfort_score': 1.0}
2026-02-10 17:18:35,447 - SmartRoom - INFO -   [AC] Temp:23C On:False
2026-02-10 17:18:35,447 - SmartRoom - INFO -   [Lamp] Brightness:0 On:False
2026-02-10 17:18:35,447 - SmartRoom - INFO - ========================================
2026-02-10 17:18:35,532 - SmartRoom - INFO - [Lamp Status] {'brightness_pwm': 0, 'brightness_percent': 0, 'mode': 'manual', 'status': 'off'}
2026-02-10 17:18:35,582 - SmartRoom - INFO - [AC Status] {'device': 'ac_controller', 'status': 'error', 'detail': 'No IR code for AC OFF', 'uptime': 7196, 'wifi_rssi': -68, 'ac_state': 'off', 'ac_temp': 24, 'ir_codes_learned': 0}
2026-02-10 17:19:05,448 - SmartRoom - INFO - ========================================
2026-02-10 17:19:05,448 - SmartRoom - INFO - Running ML Optimization...
2026-02-10 17:19:05,448 - SmartRoom - INFO -   Occupancy: False | Persons: 0
2026-02-10 17:19:05,564 - ACGeneticOptimizer - INFO - GA Result: {'ac_temperature': 23, 'fan_speed': 2, 'duty_cycle': 0.0, 'should_turn_on': False, 'energy_score': np.float64(0.0), 'comfort_score': 1.0}
2026-02-10 17:19:05,564 - SmartRoom - INFO -   [AC] Temp:23C On:False
2026-02-10 17:19:05,565 - SmartRoom - INFO -   [Lamp] Brightness:0 On:False
2026-02-10 17:19:05,565 - SmartRoom - INFO - ========================================
2026-02-10 17:19:05,608 - SmartRoom - INFO - [AC Status] {'device': 'ac_controller', 'status': 'error', 'detail': 'No IR code for AC OFF', 'uptime': 7226, 'wifi_rssi': -65, 'ac_state': 'off', 'ac_temp': 24, 'ir_codes_learned': 0}
2026-02-10 17:19:05,608 - SmartRoom - INFO - [Lamp Status] {'brightness_pwm': 0, 'brightness_percent': 0, 'mode': 'manual', 'status': 'off'}
2026-02-10 17:19:24,790 - SmartRoom - INFO - STATUS | AC: 24.5C 71.0% | Lamp: 1lux br=0 | Cam: 0ppl | Opts: 293
2026-02-10 17:19:35,565 - SmartRoom - INFO - ========================================
2026-02-10 17:19:35,565 - SmartRoom - INFO - Running ML Optimization...
2026-02-10 17:19:35,565 - SmartRoom - INFO -   Occupancy: False | Persons: 0
2026-02-10 17:19:35,680 - ACGeneticOptimizer - INFO - GA Result: {'ac_temperature': 21, 'fan_speed': 1, 'duty_cycle': 0.0, 'should_turn_on': False, 'energy_score': np.float64(0.0), 'comfort_score': 1.0}
2026-02-10 17:19:35,680 - SmartRoom - INFO -   [AC] Temp:21C On:False
2026-02-10 17:19:35,681 - SmartRoom - INFO -   [Lamp] Brightness:0 On:False
2026-02-10 17:19:35,681 - SmartRoom - INFO - ========================================
2026-02-10 17:19:35,756 - SmartRoom - INFO - [Lamp Status] {'brightness_pwm': 0, 'brightness_percent': 0, 'mode': 'manual', 'status': 'off'}
2026-02-10 17:19:35,806 - SmartRoom - INFO - [AC Status] {'device': 'ac_controller', 'status': 'error', 'detail': 'No IR code for AC OFF', 'uptime': 7256, 'wifi_rssi': -60, 'ac_state': 'off', 'ac_temp': 24, 'ir_codes_learned': 0}
2026-02-10 17:20:05,681 - SmartRoom - INFO - ========================================
2026-02-10 17:20:05,681 - SmartRoom - INFO - Running ML Optimization...
2026-02-10 17:20:05,681 - SmartRoom - INFO -   Occupancy: False | Persons: 0
2026-02-10 17:20:05,762 - ACGeneticOptimizer - INFO - GA Result: {'ac_temperature': 24, 'fan_speed': 1, 'duty_cycle': 0.0, 'should_turn_on': False, 'energy_score': np.float64(0.0), 'comfort_score': 1.0}
2026-02-10 17:20:05,762 - SmartRoom - INFO -   [AC] Temp:24C On:False
2026-02-10 17:20:05,763 - SmartRoom - INFO -   [Lamp] Brightness:0 On:False
2026-02-10 17:20:05,763 - SmartRoom - INFO - ========================================
2026-02-10 17:20:05,804 - SmartRoom - INFO - [AC Status] {'device': 'ac_controller', 'status': 'error', 'detail': 'No IR code for AC OFF', 'uptime': 7286, 'wifi_rssi': -60, 'ac_state': 'off', 'ac_temp': 24, 'ir_codes_learned': 0}
2026-02-10 17:20:06,559 - SmartRoom - INFO - [Lamp Status] {'brightness_pwm': 0, 'brightness_percent': 0, 'mode': 'manual', 'status': 'off'}
2026-02-10 17:20:24,794 - SmartRoom - INFO - STATUS | AC: 24.5C 70.7% | Lamp: 1lux br=0 | Cam: 0ppl | Opts: 295
2026-02-10 17:20:35,763 - SmartRoom - INFO - ========================================
2026-02-10 17:20:35,763 - SmartRoom - INFO - Running ML Optimization...
2026-02-10 17:20:35,763 - SmartRoom - INFO -   Occupancy: False | Persons: 0
2026-02-10 17:20:35,876 - ACGeneticOptimizer - INFO - GA Result: {'ac_temperature': 27, 'fan_speed': 3, 'duty_cycle': 0.0, 'should_turn_on': False, 'energy_score': np.float64(0.0), 'comfort_score': 1.0}
2026-02-10 17:20:35,876 - SmartRoom - INFO -   [AC] Temp:27C On:False
2026-02-10 17:20:35,876 - SmartRoom - INFO -   [Lamp] Brightness:0 On:False
2026-02-10 17:20:35,877 - SmartRoom - INFO - ========================================
2026-02-10 17:20:36,066 - SmartRoom - INFO - [AC Status] {'device': 'ac_controller', 'status': 'error', 'detail': 'No IR code for AC OFF', 'uptime': 7316, 'wifi_rssi': -62, 'ac_state': 'off', 'ac_temp': 24, 'ir_codes_learned': 0}
2026-02-10 17:20:36,603 - SmartRoom - INFO - [Lamp Status] {'brightness_pwm': 0, 'brightness_percent': 0, 'mode': 'manual', 'status': 'off'}
2026-02-10 17:21:05,877 - SmartRoom - INFO - ========================================
2026-02-10 17:21:05,877 - SmartRoom - INFO - Running ML Optimization...
2026-02-10 17:21:05,877 - SmartRoom - INFO -   Occupancy: False | Persons: 0
2026-02-10 17:21:05,996 - ACGeneticOptimizer - INFO - GA Result: {'ac_temperature': 20, 'fan_speed': 1, 'duty_cycle': 0.0, 'should_turn_on': False, 'energy_score': np.float64(0.0), 'comfort_score': 1.0}
2026-02-10 17:21:05,996 - SmartRoom - INFO -   [AC] Temp:20C On:False
2026-02-10 17:21:05,997 - SmartRoom - INFO -   [Lamp] Brightness:0 On:False
2026-02-10 17:21:05,997 - SmartRoom - INFO - ========================================
2026-02-10 17:21:06,050 - SmartRoom - INFO - [Lamp Status] {'brightness_pwm': 0, 'brightness_percent': 0, 'mode': 'manual', 'status': 'off'}
2026-02-10 17:21:06,123 - SmartRoom - INFO - [AC Status] {'device': 'ac_controller', 'status': 'error', 'detail': 'No IR code for AC OFF', 'uptime': 7346, 'wifi_rssi': -65, 'ac_state': 'off', 'ac_temp': 24, 'ir_codes_learned': 0}
2026-02-10 17:21:24,804 - SmartRoom - INFO - STATUS | AC: 24.5C 70.8% | Lamp: 1lux br=0 | Cam: 0ppl | Opts: 297
2026-02-10 17:21:35,997 - SmartRoom - INFO - ========================================
2026-02-10 17:21:35,997 - SmartRoom - INFO - Running ML Optimization...
2026-02-10 17:21:35,998 - SmartRoom - INFO -   Occupancy: False | Persons: 0
2026-02-10 17:21:36,112 - ACGeneticOptimizer - INFO - GA Result: {'ac_temperature': 30, 'fan_speed': 3, 'duty_cycle': 0.0, 'should_turn_on': False, 'energy_score': np.float64(0.0), 'comfort_score': 1.0}
2026-02-10 17:21:36,112 - SmartRoom - INFO -   [AC] Temp:30C On:False
2026-02-10 17:21:36,113 - SmartRoom - INFO -   [Lamp] Brightness:0 On:False
2026-02-10 17:21:36,113 - SmartRoom - INFO - ========================================
2026-02-10 17:21:36,199 - SmartRoom - INFO - [AC Status] {'device': 'ac_controller', 'status': 'error', 'detail': 'No IR code for AC OFF', 'uptime': 7376, 'wifi_rssi': -62, 'ac_state': 'off', 'ac_temp': 24, 'ir_codes_learned': 0}
2026-02-10 17:21:36,249 - SmartRoom - INFO - [Lamp Status] {'brightness_pwm': 0, 'brightness_percent': 0, 'mode': 'manual', 'status': 'off'}
2026-02-10 17:22:06,113 - SmartRoom - INFO - ========================================
2026-02-10 17:22:06,113 - SmartRoom - INFO - Running ML Optimization...
2026-02-10 17:22:06,113 - SmartRoom - INFO -   Occupancy: False | Persons: 0
2026-02-10 17:22:06,223 - ACGeneticOptimizer - INFO - GA Result: {'ac_temperature': 20, 'fan_speed': 1, 'duty_cycle': 0.0, 'should_turn_on': False, 'energy_score': np.float64(0.0), 'comfort_score': 1.0}
2026-02-10 17:22:06,223 - SmartRoom - INFO -   [AC] Temp:20C On:False
2026-02-10 17:22:06,224 - SmartRoom - INFO -   [Lamp] Brightness:0 On:False
2026-02-10 17:22:06,224 - SmartRoom - INFO - ========================================
2026-02-10 17:22:06,280 - SmartRoom - INFO - [AC Status] {'device': 'ac_controller', 'status': 'error', 'detail': 'No IR code for AC OFF', 'uptime': 7406, 'wifi_rssi': -63, 'ac_state': 'off', 'ac_temp': 24, 'ir_codes_learned': 0}
2026-02-10 17:22:06,297 - SmartRoom - INFO - [Lamp Status] {'brightness_pwm': 0, 'brightness_percent': 0, 'mode': 'manual', 'status': 'off'}
2026-02-10 17:22:24,808 - SmartRoom - INFO - STATUS | AC: 24.5C 70.8% | Lamp: 1lux br=0 | Cam: 0ppl | Opts: 299
2026-02-10 17:22:36,224 - SmartRoom - INFO - ========================================
2026-02-10 17:22:36,224 - SmartRoom - INFO - Running ML Optimization...
2026-02-10 17:22:36,224 - SmartRoom - INFO -   Occupancy: False | Persons: 0
2026-02-10 17:22:36,343 - ACGeneticOptimizer - INFO - GA Result: {'ac_temperature': 21, 'fan_speed': 3, 'duty_cycle': 0.0, 'should_turn_on': False, 'energy_score': np.float64(0.0), 'comfort_score': 1.0}
2026-02-10 17:22:36,343 - SmartRoom - INFO -   [AC] Temp:21C On:False
2026-02-10 17:22:36,344 - SmartRoom - INFO -   [Lamp] Brightness:0 On:False
2026-02-10 17:22:36,344 - SmartRoom - INFO - ========================================
2026-02-10 17:22:36,440 - SmartRoom - INFO - [Lamp Status] {'brightness_pwm': 0, 'brightness_percent': 0, 'mode': 'manual', 'status': 'off'}
2026-02-10 17:22:36,860 - SmartRoom - INFO - [AC Status] {'device': 'ac_controller', 'status': 'error', 'detail': 'No IR code for AC OFF', 'uptime': 7437, 'wifi_rssi': -62, 'ac_state': 'off', 'ac_temp': 24, 'ir_codes_learned': 0}
2026-02-10 17:23:06,344 - SmartRoom - INFO - ========================================
2026-02-10 17:23:06,344 - SmartRoom - INFO - Running ML Optimization...
2026-02-10 17:23:06,344 - SmartRoom - INFO -   Occupancy: False | Persons: 0
2026-02-10 17:23:06,461 - ACGeneticOptimizer - INFO - GA Result: {'ac_temperature': 26, 'fan_speed': 1, 'duty_cycle': 0.0, 'should_turn_on': False, 'energy_score': np.float64(0.0), 'comfort_score': 1.0}
2026-02-10 17:23:06,462 - SmartRoom - INFO -   [AC] Temp:26C On:False
2026-02-10 17:23:06,462 - SmartRoom - INFO -   [Lamp] Brightness:0 On:False
2026-02-10 17:23:06,463 - SmartRoom - INFO - ========================================
2026-02-10 17:23:06,540 - SmartRoom - INFO - [AC Status] {'device': 'ac_controller', 'status': 'error', 'detail': 'No IR code for AC OFF', 'uptime': 7467, 'wifi_rssi': -64, 'ac_state': 'off', 'ac_temp': 24, 'ir_codes_learned': 0}
2026-02-10 17:23:06,541 - SmartRoom - INFO - [Lamp Status] {'brightness_pwm': 0, 'brightness_percent': 0, 'mode': 'manual', 'status': 'off'}
2026-02-10 17:23:24,812 - SmartRoom - INFO - STATUS | AC: 24.5C 70.6% | Lamp: 1lux br=0 | Cam: 0ppl | Opts: 301
2026-02-10 17:23:36,463 - SmartRoom - INFO - ========================================
2026-02-10 17:23:36,463 - SmartRoom - INFO - Running ML Optimization...
2026-02-10 17:23:36,463 - SmartRoom - INFO -   Occupancy: False | Persons: 0
2026-02-10 17:23:36,573 - ACGeneticOptimizer - INFO - GA Result: {'ac_temperature': 23, 'fan_speed': 2, 'duty_cycle': 0.0, 'should_turn_on': False, 'energy_score': np.float64(0.0), 'comfort_score': 1.0}
2026-02-10 17:23:36,573 - SmartRoom - INFO -   [AC] Temp:23C On:False
2026-02-10 17:23:36,573 - SmartRoom - INFO -   [Lamp] Brightness:0 On:False
2026-02-10 17:23:36,574 - SmartRoom - INFO - ========================================
2026-02-10 17:23:36,616 - SmartRoom - INFO - [AC Status] {'device': 'ac_controller', 'status': 'error', 'detail': 'No IR code for AC OFF', 'uptime': 7497, 'wifi_rssi': -62, 'ac_state': 'off', 'ac_temp': 24, 'ir_codes_learned': 0}
2026-02-10 17:23:36,805 - SmartRoom - INFO - [Lamp Status] {'brightness_pwm': 0, 'brightness_percent': 0, 'mode': 'manual', 'status': 'off'}
2026-02-10 17:24:06,574 - SmartRoom - INFO - ========================================
2026-02-10 17:24:06,574 - SmartRoom - INFO - Running ML Optimization...
2026-02-10 17:24:06,574 - SmartRoom - INFO -   Occupancy: False | Persons: 0
2026-02-10 17:24:06,689 - ACGeneticOptimizer - INFO - GA Result: {'ac_temperature': 21, 'fan_speed': 2, 'duty_cycle': 0.0, 'should_turn_on': False, 'energy_score': np.float64(0.0), 'comfort_score': 1.0}
2026-02-10 17:24:06,689 - SmartRoom - INFO -   [AC] Temp:21C On:False
2026-02-10 17:24:06,689 - SmartRoom - INFO -   [Lamp] Brightness:0 On:False
2026-02-10 17:24:06,689 - SmartRoom - INFO - ========================================
2026-02-10 17:24:06,755 - SmartRoom - INFO - [Lamp Status] {'brightness_pwm': 0, 'brightness_percent': 0, 'mode': 'manual', 'status': 'off'}
2026-02-10 17:24:06,822 - SmartRoom - INFO - [AC Status] {'device': 'ac_controller', 'status': 'error', 'detail': 'No IR code for AC OFF', 'uptime': 7527, 'wifi_rssi': -65, 'ac_state': 'off', 'ac_temp': 24, 'ir_codes_learned': 0}
2026-02-10 17:24:24,817 - SmartRoom - INFO - STATUS | AC: 24.4C 70.5% | Lamp: 1lux br=0 | Cam: 0ppl | Opts: 303
2026-02-10 17:24:36,690 - SmartRoom - INFO - ========================================
2026-02-10 17:24:36,690 - SmartRoom - INFO - Running ML Optimization...
2026-02-10 17:24:36,690 - SmartRoom - INFO -   Occupancy: False | Persons: 0
2026-02-10 17:24:36,806 - ACGeneticOptimizer - INFO - GA Result: {'ac_temperature': 26, 'fan_speed': 2, 'duty_cycle': 0.0, 'should_turn_on': False, 'energy_score': np.float64(0.0), 'comfort_score': 1.0}
2026-02-10 17:24:36,806 - SmartRoom - INFO -   [AC] Temp:26C On:False
2026-02-10 17:24:36,806 - SmartRoom - INFO -   [Lamp] Brightness:0 On:False
2026-02-10 17:24:36,807 - SmartRoom - INFO - ========================================
2026-02-10 17:24:36,857 - SmartRoom - INFO - [AC Status] {'device': 'ac_controller', 'status': 'error', 'detail': 'No IR code for AC OFF', 'uptime': 7557, 'wifi_rssi': -62, 'ac_state': 'off', 'ac_temp': 24, 'ir_codes_learned': 0}
2026-02-10 17:24:37,013 - SmartRoom - INFO - [Lamp Status] {'brightness_pwm': 0, 'brightness_percent': 0, 'mode': 'manual', 'status': 'off'}
2026-02-10 17:25:06,807 - SmartRoom - INFO - ========================================
2026-02-10 17:25:06,807 - SmartRoom - INFO - Running ML Optimization...
2026-02-10 17:25:06,808 - SmartRoom - INFO -   Occupancy: False | Persons: 0
2026-02-10 17:25:06,923 - ACGeneticOptimizer - INFO - GA Result: {'ac_temperature': 29, 'fan_speed': 3, 'duty_cycle': 0.0, 'should_turn_on': False, 'energy_score': np.float64(0.0), 'comfort_score': 1.0}
2026-02-10 17:25:06,924 - SmartRoom - INFO -   [AC] Temp:29C On:False
2026-02-10 17:25:06,924 - SmartRoom - INFO -   [Lamp] Brightness:0 On:False
2026-02-10 17:25:06,924 - SmartRoom - INFO - ========================================
2026-02-10 17:25:07,063 - SmartRoom - INFO - [Lamp Status] {'brightness_pwm': 0, 'brightness_percent': 0, 'mode': 'manual', 'status': 'off'}
2026-02-10 17:25:07,096 - SmartRoom - INFO - [AC Status] {'device': 'ac_controller', 'status': 'error', 'detail': 'No IR code for AC OFF', 'uptime': 7587, 'wifi_rssi': -64, 'ac_state': 'off', 'ac_temp': 24, 'ir_codes_learned': 0}
2026-02-10 17:25:24,827 - SmartRoom - INFO - STATUS | AC: 24.4C 70.8% | Lamp: 1lux br=0 | Cam: 0ppl | Opts: 305
2026-02-10 17:25:36,925 - SmartRoom - INFO - ========================================
2026-02-10 17:25:36,925 - SmartRoom - INFO - Running ML Optimization...
2026-02-10 17:25:36,925 - SmartRoom - INFO -   Occupancy: False | Persons: 0
2026-02-10 17:25:37,037 - ACGeneticOptimizer - INFO - GA Result: {'ac_temperature': 16, 'fan_speed': 3, 'duty_cycle': 0.0, 'should_turn_on': False, 'energy_score': np.float64(0.0), 'comfort_score': 1.0}
2026-02-10 17:25:37,037 - SmartRoom - INFO -   [AC] Temp:16C On:False
2026-02-10 17:25:37,038 - SmartRoom - INFO -   [Lamp] Brightness:0 On:False
2026-02-10 17:25:37,038 - SmartRoom - INFO - ========================================
2026-02-10 17:25:37,471 - SmartRoom - INFO - [Lamp Status] {'brightness_pwm': 0, 'brightness_percent': 0, 'mode': 'manual', 'status': 'off'}
2026-02-10 17:25:37,477 - SmartRoom - INFO - [AC Status] {'device': 'ac_controller', 'status': 'error', 'detail': 'No IR code for AC OFF', 'uptime': 7617, 'wifi_rssi': -62, 'ac_state': 'off', 'ac_temp': 24, 'ir_codes_learned': 0}
2026-02-10 17:26:07,038 - SmartRoom - INFO - ========================================
2026-02-10 17:26:07,038 - SmartRoom - INFO - Running ML Optimization...
2026-02-10 17:26:07,038 - SmartRoom - INFO -   Occupancy: False | Persons: 0
2026-02-10 17:26:07,159 - ACGeneticOptimizer - INFO - GA Result: {'ac_temperature': 25, 'fan_speed': 2, 'duty_cycle': 0.0, 'should_turn_on': False, 'energy_score': np.float64(0.0), 'comfort_score': 1.0}
2026-02-10 17:26:07,159 - SmartRoom - INFO -   [AC] Temp:25C On:False
2026-02-10 17:26:07,159 - SmartRoom - INFO -   [Lamp] Brightness:0 On:False
2026-02-10 17:26:07,160 - SmartRoom - INFO - ========================================
2026-02-10 17:26:07,285 - SmartRoom - INFO - [AC Status] {'device': 'ac_controller', 'status': 'error', 'detail': 'No IR code for AC OFF', 'uptime': 7647, 'wifi_rssi': -63, 'ac_state': 'off', 'ac_temp': 24, 'ir_codes_learned': 0}
2026-02-10 17:26:07,289 - SmartRoom - INFO - [Lamp Status] {'brightness_pwm': 0, 'brightness_percent': 0, 'mode': 'manual', 'status': 'off'}
2026-02-10 17:26:24,831 - SmartRoom - INFO - STATUS | AC: 24.4C 70.7% | Lamp: 1lux br=0 | Cam: 0ppl | Opts: 307
2026-02-10 17:26:37,160 - SmartRoom - INFO - ========================================
2026-02-10 17:26:37,160 - SmartRoom - INFO - Running ML Optimization...
2026-02-10 17:26:37,160 - SmartRoom - INFO -   Occupancy: False | Persons: 0
2026-02-10 17:26:37,275 - ACGeneticOptimizer - INFO - GA Result: {'ac_temperature': 18, 'fan_speed': 2, 'duty_cycle': 0.0, 'should_turn_on': False, 'energy_score': np.float64(0.0), 'comfort_score': 1.0}
2026-02-10 17:26:37,275 - SmartRoom - INFO -   [AC] Temp:18C On:False
2026-02-10 17:26:37,275 - SmartRoom - INFO -   [Lamp] Brightness:0 On:False
2026-02-10 17:26:37,275 - SmartRoom - INFO - ========================================
2026-02-10 17:26:37,320 - SmartRoom - INFO - [Lamp Status] {'brightness_pwm': 0, 'brightness_percent': 0, 'mode': 'manual', 'status': 'off'}
2026-02-10 17:26:37,320 - SmartRoom - INFO - [AC Status] {'device': 'ac_controller', 'status': 'error', 'detail': 'No IR code for AC OFF', 'uptime': 7677, 'wifi_rssi': -65, 'ac_state': 'off', 'ac_temp': 24, 'ir_codes_learned': 0}
2026-02-10 17:27:07,276 - SmartRoom - INFO - ========================================
2026-02-10 17:27:07,276 - SmartRoom - INFO - Running ML Optimization...
2026-02-10 17:27:07,276 - SmartRoom - INFO -   Occupancy: False | Persons: 0
2026-02-10 17:27:07,392 - ACGeneticOptimizer - INFO - GA Result: {'ac_temperature': 29, 'fan_speed': 1, 'duty_cycle': 0.0, 'should_turn_on': False, 'energy_score': np.float64(0.0), 'comfort_score': 1.0}
2026-02-10 17:27:07,393 - SmartRoom - INFO -   [AC] Temp:29C On:False
2026-02-10 17:27:07,393 - SmartRoom - INFO -   [Lamp] Brightness:0 On:False
2026-02-10 17:27:07,393 - SmartRoom - INFO - ========================================
2026-02-10 17:27:07,524 - SmartRoom - INFO - [Lamp Status] {'brightness_pwm': 0, 'brightness_percent': 0, 'mode': 'manual', 'status': 'off'}
2026-02-10 17:27:07,586 - SmartRoom - INFO - [AC Status] {'device': 'ac_controller', 'status': 'error', 'detail': 'No IR code for AC OFF', 'uptime': 7708, 'wifi_rssi': -62, 'ac_state': 'off', 'ac_temp': 24, 'ir_codes_learned': 0}
2026-02-10 17:27:24,835 - SmartRoom - INFO - STATUS | AC: 24.4C 70.7% | Lamp: 1lux br=0 | Cam: 0ppl | Opts: 309
2026-02-10 17:27:37,394 - SmartRoom - INFO - ========================================
2026-02-10 17:27:37,394 - SmartRoom - INFO - Running ML Optimization...
2026-02-10 17:27:37,394 - SmartRoom - INFO -   Occupancy: False | Persons: 0
2026-02-10 17:27:37,499 - ACGeneticOptimizer - INFO - GA Result: {'ac_temperature': 28, 'fan_speed': 3, 'duty_cycle': 0.0, 'should_turn_on': False, 'energy_score': np.float64(0.0), 'comfort_score': 1.0}
2026-02-10 17:27:37,499 - SmartRoom - INFO -   [AC] Temp:28C On:False
2026-02-10 17:27:37,499 - SmartRoom - INFO -   [Lamp] Brightness:0 On:False
2026-02-10 17:27:37,500 - SmartRoom - INFO - ========================================
2026-02-10 17:27:37,577 - SmartRoom - INFO - [Lamp Status] {'brightness_pwm': 0, 'brightness_percent': 0, 'mode': 'manual', 'status': 'off'}
2026-02-10 17:27:37,581 - SmartRoom - INFO - [AC Status] {'device': 'ac_controller', 'status': 'error', 'detail': 'No IR code for AC OFF', 'uptime': 7738, 'wifi_rssi': -62, 'ac_state': 'off', 'ac_temp': 24, 'ir_codes_learned': 0}
2026-02-10 17:28:07,500 - SmartRoom - INFO - ========================================
2026-02-10 17:28:07,500 - SmartRoom - INFO - Running ML Optimization...
2026-02-10 17:28:07,500 - SmartRoom - INFO -   Occupancy: False | Persons: 0
2026-02-10 17:28:07,616 - ACGeneticOptimizer - INFO - GA Result: {'ac_temperature': 19, 'fan_speed': 3, 'duty_cycle': 0.0, 'should_turn_on': False, 'energy_score': np.float64(0.0), 'comfort_score': 1.0}
2026-02-10 17:28:07,617 - SmartRoom - INFO -   [AC] Temp:19C On:False
2026-02-10 17:28:07,617 - SmartRoom - INFO -   [Lamp] Brightness:0 On:False
2026-02-10 17:28:07,617 - SmartRoom - INFO - ========================================
2026-02-10 17:28:07,677 - SmartRoom - INFO - [Lamp Status] {'brightness_pwm': 0, 'brightness_percent': 0, 'mode': 'manual', 'status': 'off'}
2026-02-10 17:28:07,682 - SmartRoom - INFO - [AC Status] {'device': 'ac_controller', 'status': 'error', 'detail': 'No IR code for AC OFF', 'uptime': 7768, 'wifi_rssi': -63, 'ac_state': 'off', 'ac_temp': 24, 'ir_codes_learned': 0}
2026-02-10 17:28:24,844 - SmartRoom - INFO - STATUS | AC: 24.4C 70.5% | Lamp: 1lux br=0 | Cam: 0ppl | Opts: 311
2026-02-10 17:28:37,617 - SmartRoom - INFO - ========================================
2026-02-10 17:28:37,618 - SmartRoom - INFO - Running ML Optimization...
2026-02-10 17:28:37,618 - SmartRoom - INFO -   Occupancy: False | Persons: 0
2026-02-10 17:28:37,735 - ACGeneticOptimizer - INFO - GA Result: {'ac_temperature': 20, 'fan_speed': 2, 'duty_cycle': 0.0, 'should_turn_on': False, 'energy_score': np.float64(0.0), 'comfort_score': 1.0}
2026-02-10 17:28:37,735 - SmartRoom - INFO -   [AC] Temp:20C On:False
2026-02-10 17:28:37,736 - SmartRoom - INFO -   [Lamp] Brightness:0 On:False
2026-02-10 17:28:37,736 - SmartRoom - INFO - ========================================
2026-02-10 17:28:37,790 - SmartRoom - INFO - [AC Status] {'device': 'ac_controller', 'status': 'error', 'detail': 'No IR code for AC OFF', 'uptime': 7798, 'wifi_rssi': -61, 'ac_state': 'off', 'ac_temp': 24, 'ir_codes_learned': 0}
2026-02-10 17:28:37,793 - SmartRoom - INFO - [Lamp Status] {'brightness_pwm': 0, 'brightness_percent': 0, 'mode': 'manual', 'status': 'off'}
2026-02-10 17:29:07,736 - SmartRoom - INFO - ========================================
2026-02-10 17:29:07,736 - SmartRoom - INFO - Running ML Optimization...
2026-02-10 17:29:07,736 - SmartRoom - INFO -   Occupancy: False | Persons: 0
2026-02-10 17:29:07,860 - ACGeneticOptimizer - INFO - GA Result: {'ac_temperature': 25, 'fan_speed': 3, 'duty_cycle': 0.0, 'should_turn_on': False, 'energy_score': np.float64(0.0), 'comfort_score': 1.0}
2026-02-10 17:29:07,861 - SmartRoom - INFO -   [AC] Temp:25C On:False
2026-02-10 17:29:07,861 - SmartRoom - INFO -   [Lamp] Brightness:0 On:False
2026-02-10 17:29:07,861 - SmartRoom - INFO - ========================================
2026-02-10 17:29:07,908 - SmartRoom - INFO - [AC Status] {'device': 'ac_controller', 'status': 'error', 'detail': 'No IR code for AC OFF', 'uptime': 7828, 'wifi_rssi': -58, 'ac_state': 'off', 'ac_temp': 24, 'ir_codes_learned': 0}
2026-02-10 17:29:08,238 - SmartRoom - INFO - [Lamp Status] {'brightness_pwm': 0, 'brightness_percent': 0, 'mode': 'manual', 'status': 'off'}
2026-02-10 17:29:24,854 - SmartRoom - INFO - STATUS | AC: 24.4C 70.4% | Lamp: 1lux br=0 | Cam: 0ppl | Opts: 313
2026-02-10 17:29:37,862 - SmartRoom - INFO - ========================================
2026-02-10 17:29:37,862 - SmartRoom - INFO - Running ML Optimization...
2026-02-10 17:29:37,862 - SmartRoom - INFO -   Occupancy: False | Persons: 0
2026-02-10 17:29:37,979 - ACGeneticOptimizer - INFO - GA Result: {'ac_temperature': 22, 'fan_speed': 1, 'duty_cycle': 0.0, 'should_turn_on': False, 'energy_score': np.float64(0.0), 'comfort_score': 1.0}
2026-02-10 17:29:37,979 - SmartRoom - INFO -   [AC] Temp:22C On:False
2026-02-10 17:29:37,980 - SmartRoom - INFO -   [Lamp] Brightness:0 On:False
2026-02-10 17:29:37,980 - SmartRoom - INFO - ========================================
2026-02-10 17:29:38,141 - SmartRoom - INFO - [Lamp Status] {'brightness_pwm': 0, 'brightness_percent': 0, 'mode': 'manual', 'status': 'off'}
2026-02-10 17:29:38,782 - SmartRoom - INFO - [AC Status] {'device': 'ac_controller', 'status': 'error', 'detail': 'No IR code for AC OFF', 'uptime': 7859, 'wifi_rssi': -62, 'ac_state': 'off', 'ac_temp': 24, 'ir_codes_learned': 0}
2026-02-10 17:30:07,980 - SmartRoom - INFO - ========================================
2026-02-10 17:30:07,980 - SmartRoom - INFO - Running ML Optimization...
2026-02-10 17:30:07,980 - SmartRoom - INFO -   Occupancy: False | Persons: 0
2026-02-10 17:30:08,067 - ACGeneticOptimizer - INFO - GA Result: {'ac_temperature': 28, 'fan_speed': 1, 'duty_cycle': 0.0, 'should_turn_on': False, 'energy_score': np.float64(0.0), 'comfort_score': 1.0}
2026-02-10 17:30:08,068 - SmartRoom - INFO -   [AC] Temp:28C On:False
2026-02-10 17:30:08,068 - SmartRoom - INFO -   [Lamp] Brightness:0 On:False
2026-02-10 17:30:08,068 - SmartRoom - INFO - ========================================
2026-02-10 17:30:08,250 - SmartRoom - INFO - [AC Status] {'device': 'ac_controller', 'status': 'error', 'detail': 'No IR code for AC OFF', 'uptime': 7888, 'wifi_rssi': -63, 'ac_state': 'off', 'ac_temp': 24, 'ir_codes_learned': 0}
2026-02-10 17:30:08,276 - SmartRoom - INFO - [Lamp Status] {'brightness_pwm': 0, 'brightness_percent': 0, 'mode': 'manual', 'status': 'off'}
2026-02-10 17:30:24,860 - SmartRoom - INFO - STATUS | AC: 24.4C 70.5% | Lamp: 1lux br=0 | Cam: 0ppl | Opts: 315
2026-02-10 17:30:38,068 - SmartRoom - INFO - ========================================
2026-02-10 17:30:38,069 - SmartRoom - INFO - Running ML Optimization...
2026-02-10 17:30:38,069 - SmartRoom - INFO -   Occupancy: False | Persons: 0
2026-02-10 17:30:38,195 - ACGeneticOptimizer - INFO - GA Result: {'ac_temperature': 19, 'fan_speed': 1, 'duty_cycle': 0.0, 'should_turn_on': False, 'energy_score': np.float64(0.0), 'comfort_score': 1.0}
2026-02-10 17:30:38,195 - SmartRoom - INFO -   [AC] Temp:19C On:False
2026-02-10 17:30:38,195 - SmartRoom - INFO -   [Lamp] Brightness:0 On:False
2026-02-10 17:30:38,196 - SmartRoom - INFO - ========================================
2026-02-10 17:30:38,255 - SmartRoom - INFO - [AC Status] {'device': 'ac_controller', 'status': 'error', 'detail': 'No IR code for AC OFF', 'uptime': 7918, 'wifi_rssi': -64, 'ac_state': 'off', 'ac_temp': 24, 'ir_codes_learned': 0}
2026-02-10 17:30:38,353 - SmartRoom - INFO - [Lamp Status] {'brightness_pwm': 0, 'brightness_percent': 0, 'mode': 'manual', 'status': 'off'}
2026-02-10 17:31:08,196 - SmartRoom - INFO - ========================================
2026-02-10 17:31:08,196 - SmartRoom - INFO - Running ML Optimization...
2026-02-10 17:31:08,196 - SmartRoom - INFO -   Occupancy: False | Persons: 0
2026-02-10 17:31:08,306 - ACGeneticOptimizer - INFO - GA Result: {'ac_temperature': 26, 'fan_speed': 2, 'duty_cycle': 0.0, 'should_turn_on': False, 'energy_score': np.float64(0.0), 'comfort_score': 1.0}
2026-02-10 17:31:08,306 - SmartRoom - INFO -   [AC] Temp:26C On:False
2026-02-10 17:31:08,307 - SmartRoom - INFO -   [Lamp] Brightness:0 On:False
2026-02-10 17:31:08,307 - SmartRoom - INFO - ========================================
2026-02-10 17:31:08,434 - SmartRoom - INFO - [AC Status] {'device': 'ac_controller', 'status': 'error', 'detail': 'No IR code for AC OFF', 'uptime': 7949, 'wifi_rssi': -63, 'ac_state': 'off', 'ac_temp': 24, 'ir_codes_learned': 0}
2026-02-10 17:31:08,474 - SmartRoom - INFO - [Lamp Status] {'brightness_pwm': 0, 'brightness_percent': 0, 'mode': 'manual', 'status': 'off'}
2026-02-10 17:31:24,872 - SmartRoom - INFO - STATUS | AC: 24.4C 70.9% | Lamp: 1lux br=0 | Cam: 0ppl | Opts: 317
2026-02-10 17:31:38,307 - SmartRoom - INFO - ========================================
2026-02-10 17:31:38,307 - SmartRoom - INFO - Running ML Optimization...
2026-02-10 17:31:38,307 - SmartRoom - INFO -   Occupancy: False | Persons: 0
2026-02-10 17:31:38,393 - ACGeneticOptimizer - INFO - GA Result: {'ac_temperature': 26, 'fan_speed': 3, 'duty_cycle': 0.0, 'should_turn_on': False, 'energy_score': np.float64(0.0), 'comfort_score': 1.0}
2026-02-10 17:31:38,394 - SmartRoom - INFO -   [AC] Temp:26C On:False
2026-02-10 17:31:38,394 - SmartRoom - INFO -   [Lamp] Brightness:0 On:False
2026-02-10 17:31:38,394 - SmartRoom - INFO - ========================================
2026-02-10 17:31:38,525 - SmartRoom - INFO - [AC Status] {'device': 'ac_controller', 'status': 'error', 'detail': 'No IR code for AC OFF', 'uptime': 7979, 'wifi_rssi': -60, 'ac_state': 'off', 'ac_temp': 24, 'ir_codes_learned': 0}
2026-02-10 17:31:38,531 - SmartRoom - INFO - [Lamp Status] {'brightness_pwm': 0, 'brightness_percent': 0, 'mode': 'manual', 'status': 'off'}
2026-02-10 17:32:08,395 - SmartRoom - INFO - ========================================
2026-02-10 17:32:08,395 - SmartRoom - INFO - Running ML Optimization...
2026-02-10 17:32:08,395 - SmartRoom - INFO -   Occupancy: False | Persons: 0
2026-02-10 17:32:08,494 - ACGeneticOptimizer - INFO - GA Result: {'ac_temperature': 23, 'fan_speed': 2, 'duty_cycle': 0.0, 'should_turn_on': False, 'energy_score': np.float64(0.0), 'comfort_score': 1.0}
2026-02-10 17:32:08,494 - SmartRoom - INFO -   [AC] Temp:23C On:False
2026-02-10 17:32:08,494 - SmartRoom - INFO -   [Lamp] Brightness:0 On:False
2026-02-10 17:32:08,495 - SmartRoom - INFO - ========================================
2026-02-10 17:32:08,576 - SmartRoom - INFO - [Lamp Status] {'brightness_pwm': 0, 'brightness_percent': 0, 'mode': 'manual', 'status': 'off'}
2026-02-10 17:32:08,605 - SmartRoom - INFO - [AC Status] {'device': 'ac_controller', 'status': 'error', 'detail': 'No IR code for AC OFF', 'uptime': 8009, 'wifi_rssi': -66, 'ac_state': 'off', 'ac_temp': 24, 'ir_codes_learned': 0}
2026-02-10 17:32:24,877 - SmartRoom - INFO - STATUS | AC: 24.5C 72.3% | Lamp: 1lux br=0 | Cam: 0ppl | Opts: 319
2026-02-10 17:32:38,495 - SmartRoom - INFO - ========================================
2026-02-10 17:32:38,495 - SmartRoom - INFO - Running ML Optimization...
2026-02-10 17:32:38,495 - SmartRoom - INFO -   Occupancy: False | Persons: 0
2026-02-10 17:32:38,578 - ACGeneticOptimizer - INFO - GA Result: {'ac_temperature': 17, 'fan_speed': 2, 'duty_cycle': 0.0, 'should_turn_on': False, 'energy_score': np.float64(0.0), 'comfort_score': 1.0}
2026-02-10 17:32:38,578 - SmartRoom - INFO -   [AC] Temp:17C On:False
2026-02-10 17:32:38,579 - SmartRoom - INFO -   [Lamp] Brightness:0 On:False
2026-02-10 17:32:38,579 - SmartRoom - INFO - ========================================
2026-02-10 17:32:38,632 - SmartRoom - INFO - [AC Status] {'device': 'ac_controller', 'status': 'error', 'detail': 'No IR code for AC OFF', 'uptime': 8039, 'wifi_rssi': -64, 'ac_state': 'off', 'ac_temp': 24, 'ir_codes_learned': 0}
2026-02-10 17:32:38,660 - SmartRoom - INFO - [Lamp Status] {'brightness_pwm': 0, 'brightness_percent': 0, 'mode': 'manual', 'status': 'off'}
2026-02-10 17:33:08,579 - SmartRoom - INFO - ========================================
2026-02-10 17:33:08,579 - SmartRoom - INFO - Running ML Optimization...
2026-02-10 17:33:08,579 - SmartRoom - INFO -   Occupancy: False | Persons: 0
2026-02-10 17:33:08,662 - ACGeneticOptimizer - INFO - GA Result: {'ac_temperature': 25, 'fan_speed': 1, 'duty_cycle': 0.0, 'should_turn_on': False, 'energy_score': np.float64(0.0), 'comfort_score': 1.0}
2026-02-10 17:33:08,662 - SmartRoom - INFO -   [AC] Temp:25C On:False
2026-02-10 17:33:08,662 - SmartRoom - INFO -   [Lamp] Brightness:0 On:False
2026-02-10 17:33:08,663 - SmartRoom - INFO - ========================================
2026-02-10 17:33:08,782 - SmartRoom - INFO - [AC Status] {'device': 'ac_controller', 'status': 'error', 'detail': 'No IR code for AC OFF', 'uptime': 8069, 'wifi_rssi': -70, 'ac_state': 'off', 'ac_temp': 24, 'ir_codes_learned': 0}
2026-02-10 17:33:08,808 - SmartRoom - INFO - [Lamp Status] {'brightness_pwm': 0, 'brightness_percent': 0, 'mode': 'manual', 'status': 'off'}
2026-02-10 17:33:24,883 - SmartRoom - INFO - STATUS | AC: 24.7C 73.0% | Lamp: 1lux br=0 | Cam: 0ppl | Opts: 321
2026-02-10 17:33:38,663 - SmartRoom - INFO - ========================================
2026-02-10 17:33:38,663 - SmartRoom - INFO - Running ML Optimization...
2026-02-10 17:33:38,671 - SmartRoom - INFO -   Occupancy: False | Persons: 0
2026-02-10 17:33:38,790 - ACGeneticOptimizer - INFO - GA Result: {'ac_temperature': 27, 'fan_speed': 3, 'duty_cycle': 0.0, 'should_turn_on': False, 'energy_score': np.float64(0.0), 'comfort_score': 1.0}
2026-02-10 17:33:38,790 - SmartRoom - INFO -   [AC] Temp:27C On:False
2026-02-10 17:33:38,790 - SmartRoom - INFO -   [Lamp] Brightness:0 On:False
2026-02-10 17:33:38,791 - SmartRoom - INFO - ========================================
2026-02-10 17:33:38,949 - SmartRoom - INFO - [AC Status] {'device': 'ac_controller', 'status': 'error', 'detail': 'No IR code for AC OFF', 'uptime': 8099, 'wifi_rssi': -62, 'ac_state': 'off', 'ac_temp': 24, 'ir_codes_learned': 0}
2026-02-10 17:33:38,950 - SmartRoom - INFO - [Lamp Status] {'brightness_pwm': 0, 'brightness_percent': 0, 'mode': 'manual', 'status': 'off'}
2026-02-10 17:34:08,791 - SmartRoom - INFO - ========================================
2026-02-10 17:34:08,791 - SmartRoom - INFO - Running ML Optimization...
2026-02-10 17:34:08,791 - SmartRoom - INFO -   Occupancy: False | Persons: 0
2026-02-10 17:34:08,874 - ACGeneticOptimizer - INFO - GA Result: {'ac_temperature': 29, 'fan_speed': 2, 'duty_cycle': 0.0, 'should_turn_on': False, 'energy_score': np.float64(0.0), 'comfort_score': 1.0}
2026-02-10 17:34:08,874 - SmartRoom - INFO -   [AC] Temp:29C On:False
2026-02-10 17:34:08,874 - SmartRoom - INFO -   [Lamp] Brightness:0 On:False
2026-02-10 17:34:08,875 - SmartRoom - INFO - ========================================
2026-02-10 17:34:08,968 - SmartRoom - INFO - [AC Status] {'device': 'ac_controller', 'status': 'error', 'detail': 'No IR code for AC OFF', 'uptime': 8129, 'wifi_rssi': -63, 'ac_state': 'off', 'ac_temp': 24, 'ir_codes_learned': 0}
2026-02-10 17:34:08,969 - SmartRoom - INFO - [Lamp Status] {'brightness_pwm': 0, 'brightness_percent': 0, 'mode': 'manual', 'status': 'off'}
2026-02-10 17:34:24,893 - SmartRoom - INFO - STATUS | AC: 24.8C 71.9% | Lamp: 0lux br=0 | Cam: 0ppl | Opts: 323
2026-02-10 17:34:38,875 - SmartRoom - INFO - ========================================
2026-02-10 17:34:38,875 - SmartRoom - INFO - Running ML Optimization...
2026-02-10 17:34:38,875 - SmartRoom - INFO -   Occupancy: False | Persons: 0
2026-02-10 17:34:39,013 - ACGeneticOptimizer - INFO - GA Result: {'ac_temperature': 27, 'fan_speed': 3, 'duty_cycle': 0.0, 'should_turn_on': False, 'energy_score': np.float64(0.0), 'comfort_score': 1.0}
2026-02-10 17:34:39,014 - SmartRoom - INFO -   [AC] Temp:27C On:False
2026-02-10 17:34:39,015 - SmartRoom - INFO -   [Lamp] Brightness:0 On:False
2026-02-10 17:34:39,015 - SmartRoom - INFO - ========================================
2026-02-10 17:34:39,089 - SmartRoom - INFO - [Lamp Status] {'brightness_pwm': 0, 'brightness_percent': 0, 'mode': 'manual', 'status': 'off'}
2026-02-10 17:34:39,263 - SmartRoom - INFO - [AC Status] {'device': 'ac_controller', 'status': 'error', 'detail': 'No IR code for AC OFF', 'uptime': 8159, 'wifi_rssi': -65, 'ac_state': 'off', 'ac_temp': 24, 'ir_codes_learned': 0}
2026-02-10 17:35:09,015 - SmartRoom - INFO - ========================================
2026-02-10 17:35:09,016 - SmartRoom - INFO - Running ML Optimization...
2026-02-10 17:35:09,016 - SmartRoom - INFO -   Occupancy: False | Persons: 0
2026-02-10 17:35:09,105 - ACGeneticOptimizer - INFO - GA Result: {'ac_temperature': 23, 'fan_speed': 2, 'duty_cycle': 0.0, 'should_turn_on': False, 'energy_score': np.float64(0.0), 'comfort_score': 1.0}
2026-02-10 17:35:09,105 - SmartRoom - INFO -   [AC] Temp:23C On:False
2026-02-10 17:35:09,105 - SmartRoom - INFO -   [Lamp] Brightness:0 On:False
2026-02-10 17:35:09,106 - SmartRoom - INFO - ========================================
2026-02-10 17:35:09,160 - SmartRoom - INFO - [Lamp Status] {'brightness_pwm': 0, 'brightness_percent': 0, 'mode': 'manual', 'status': 'off'}
2026-02-10 17:35:09,193 - SmartRoom - INFO - [AC Status] {'device': 'ac_controller', 'status': 'error', 'detail': 'No IR code for AC OFF', 'uptime': 8189, 'wifi_rssi': -63, 'ac_state': 'off', 'ac_temp': 24, 'ir_codes_learned': 0}
2026-02-10 17:35:24,906 - SmartRoom - INFO - STATUS | AC: 24.8C 71.1% | Lamp: 0lux br=0 | Cam: 0ppl | Opts: 325
2026-02-10 17:35:39,106 - SmartRoom - INFO - ========================================
2026-02-10 17:35:39,106 - SmartRoom - INFO - Running ML Optimization...
2026-02-10 17:35:39,106 - SmartRoom - INFO -   Occupancy: False | Persons: 0
2026-02-10 17:35:39,225 - ACGeneticOptimizer - INFO - GA Result: {'ac_temperature': 28, 'fan_speed': 1, 'duty_cycle': 0.0, 'should_turn_on': False, 'energy_score': np.float64(0.0), 'comfort_score': 1.0}
2026-02-10 17:35:39,225 - SmartRoom - INFO -   [AC] Temp:28C On:False
2026-02-10 17:35:39,225 - SmartRoom - INFO -   [Lamp] Brightness:0 On:False
2026-02-10 17:35:39,226 - SmartRoom - INFO - ========================================
2026-02-10 17:35:39,307 - SmartRoom - INFO - [Lamp Status] {'brightness_pwm': 0, 'brightness_percent': 0, 'mode': 'manual', 'status': 'off'}
2026-02-10 17:35:39,384 - SmartRoom - INFO - [AC Status] {'device': 'ac_controller', 'status': 'error', 'detail': 'No IR code for AC OFF', 'uptime': 8219, 'wifi_rssi': -66, 'ac_state': 'off', 'ac_temp': 24, 'ir_codes_learned': 0}
2026-02-10 17:36:09,226 - SmartRoom - INFO - ========================================
2026-02-10 17:36:09,226 - SmartRoom - INFO - Running ML Optimization...
2026-02-10 17:36:09,226 - SmartRoom - INFO -   Occupancy: False | Persons: 0
2026-02-10 17:36:09,335 - ACGeneticOptimizer - INFO - GA Result: {'ac_temperature': 21, 'fan_speed': 3, 'duty_cycle': 0.0, 'should_turn_on': False, 'energy_score': np.float64(0.0), 'comfort_score': 1.0}
2026-02-10 17:36:09,336 - SmartRoom - INFO -   [AC] Temp:21C On:False
2026-02-10 17:36:09,336 - SmartRoom - INFO -   [Lamp] Brightness:0 On:False
2026-02-10 17:36:09,336 - SmartRoom - INFO - ========================================
2026-02-10 17:36:09,380 - SmartRoom - INFO - [Lamp Status] {'brightness_pwm': 0, 'brightness_percent': 0, 'mode': 'manual', 'status': 'off'}
2026-02-10 17:36:09,385 - SmartRoom - INFO - [AC Status] {'device': 'ac_controller', 'status': 'error', 'detail': 'No IR code for AC OFF', 'uptime': 8250, 'wifi_rssi': -65, 'ac_state': 'off', 'ac_temp': 24, 'ir_codes_learned': 0}
2026-02-10 17:36:24,911 - SmartRoom - INFO - STATUS | AC: 24.8C 71.1% | Lamp: 0lux br=0 | Cam: 0ppl | Opts: 327
2026-02-10 17:36:39,337 - SmartRoom - INFO - ========================================
2026-02-10 17:36:39,337 - SmartRoom - INFO - Running ML Optimization...
2026-02-10 17:36:39,337 - SmartRoom - INFO -   Occupancy: False | Persons: 0
2026-02-10 17:36:39,459 - ACGeneticOptimizer - INFO - GA Result: {'ac_temperature': 30, 'fan_speed': 1, 'duty_cycle': 0.0, 'should_turn_on': False, 'energy_score': np.float64(0.0), 'comfort_score': 1.0}
2026-02-10 17:36:39,460 - SmartRoom - INFO -   [AC] Temp:30C On:False
2026-02-10 17:36:39,460 - SmartRoom - INFO -   [Lamp] Brightness:0 On:False
2026-02-10 17:36:39,460 - SmartRoom - INFO - ========================================
2026-02-10 17:36:39,533 - SmartRoom - INFO - [Lamp Status] {'brightness_pwm': 0, 'brightness_percent': 0, 'mode': 'manual', 'status': 'off'}
2026-02-10 17:36:39,609 - SmartRoom - INFO - [AC Status] {'device': 'ac_controller', 'status': 'error', 'detail': 'No IR code for AC OFF', 'uptime': 8280, 'wifi_rssi': -59, 'ac_state': 'off', 'ac_temp': 24, 'ir_codes_learned': 0}
2026-02-10 17:37:09,461 - SmartRoom - INFO - ========================================
2026-02-10 17:37:09,461 - SmartRoom - INFO - Running ML Optimization...
2026-02-10 17:37:09,461 - SmartRoom - INFO -   Occupancy: False | Persons: 0
2026-02-10 17:37:09,585 - ACGeneticOptimizer - INFO - GA Result: {'ac_temperature': 30, 'fan_speed': 1, 'duty_cycle': 0.0, 'should_turn_on': False, 'energy_score': np.float64(0.0), 'comfort_score': 1.0}
2026-02-10 17:37:09,585 - SmartRoom - INFO -   [AC] Temp:30C On:False
2026-02-10 17:37:09,586 - SmartRoom - INFO -   [Lamp] Brightness:0 On:False
2026-02-10 17:37:09,586 - SmartRoom - INFO - ========================================
2026-02-10 17:37:09,630 - SmartRoom - INFO - [AC Status] {'device': 'ac_controller', 'status': 'error', 'detail': 'No IR code for AC OFF', 'uptime': 8310, 'wifi_rssi': -61, 'ac_state': 'off', 'ac_temp': 24, 'ir_codes_learned': 0}
2026-02-10 17:37:09,787 - SmartRoom - INFO - [Lamp Status] {'brightness_pwm': 0, 'brightness_percent': 0, 'mode': 'manual', 'status': 'off'}
2026-02-10 17:37:24,918 - SmartRoom - INFO - STATUS | AC: 24.8C 70.7% | Lamp: 0lux br=0 | Cam: 0ppl | Opts: 329
2026-02-10 17:37:39,586 - SmartRoom - INFO - ========================================
2026-02-10 17:37:39,586 - SmartRoom - INFO - Running ML Optimization...
2026-02-10 17:37:39,587 - SmartRoom - INFO -   Occupancy: False | Persons: 0
2026-02-10 17:37:39,670 - ACGeneticOptimizer - INFO - GA Result: {'ac_temperature': 30, 'fan_speed': 3, 'duty_cycle': 0.0, 'should_turn_on': False, 'energy_score': np.float64(0.0), 'comfort_score': 1.0}
2026-02-10 17:37:39,671 - SmartRoom - INFO -   [AC] Temp:30C On:False
2026-02-10 17:37:39,671 - SmartRoom - INFO -   [Lamp] Brightness:0 On:False
2026-02-10 17:37:39,672 - SmartRoom - INFO - ========================================
2026-02-10 17:37:39,716 - SmartRoom - INFO - [AC Status] {'device': 'ac_controller', 'status': 'error', 'detail': 'No IR code for AC OFF', 'uptime': 8340, 'wifi_rssi': -67, 'ac_state': 'off', 'ac_temp': 24, 'ir_codes_learned': 0}
2026-02-10 17:37:39,843 - SmartRoom - INFO - [Lamp Status] {'brightness_pwm': 0, 'brightness_percent': 0, 'mode': 'manual', 'status': 'off'}
2026-02-10 17:38:09,672 - SmartRoom - INFO - ========================================
2026-02-10 17:38:09,672 - SmartRoom - INFO - Running ML Optimization...
2026-02-10 17:38:09,677 - SmartRoom - INFO -   Occupancy: False | Persons: 0
2026-02-10 17:38:09,795 - ACGeneticOptimizer - INFO - GA Result: {'ac_temperature': 22, 'fan_speed': 2, 'duty_cycle': 0.0, 'should_turn_on': False, 'energy_score': np.float64(0.0), 'comfort_score': 1.0}
2026-02-10 17:38:09,795 - SmartRoom - INFO -   [AC] Temp:22C On:False
2026-02-10 17:38:09,796 - SmartRoom - INFO -   [Lamp] Brightness:0 On:False
2026-02-10 17:38:09,796 - SmartRoom - INFO - ========================================
2026-02-10 17:38:09,858 - SmartRoom - INFO - [Lamp Status] {'brightness_pwm': 0, 'brightness_percent': 0, 'mode': 'manual', 'status': 'off'}
2026-02-10 17:38:09,864 - SmartRoom - INFO - [AC Status] {'device': 'ac_controller', 'status': 'error', 'detail': 'No IR code for AC OFF', 'uptime': 8370, 'wifi_rssi': -63, 'ac_state': 'off', 'ac_temp': 24, 'ir_codes_learned': 0}
2026-02-10 17:38:24,923 - SmartRoom - INFO - STATUS | AC: 24.8C 70.3% | Lamp: 0lux br=0 | Cam: 0ppl | Opts: 331
2026-02-10 17:38:39,796 - SmartRoom - INFO - ========================================
2026-02-10 17:38:39,796 - SmartRoom - INFO - Running ML Optimization...
2026-02-10 17:38:39,796 - SmartRoom - INFO -   Occupancy: False | Persons: 0
2026-02-10 17:38:39,904 - ACGeneticOptimizer - INFO - GA Result: {'ac_temperature': 19, 'fan_speed': 1, 'duty_cycle': 0.0, 'should_turn_on': False, 'energy_score': np.float64(0.0), 'comfort_score': 1.0}
2026-02-10 17:38:39,905 - SmartRoom - INFO -   [AC] Temp:19C On:False
2026-02-10 17:38:39,905 - SmartRoom - INFO -   [Lamp] Brightness:0 On:False
2026-02-10 17:38:39,905 - SmartRoom - INFO - ========================================
2026-02-10 17:38:40,043 - SmartRoom - INFO - [Lamp Status] {'brightness_pwm': 0, 'brightness_percent': 0, 'mode': 'manual', 'status': 'off'}
2026-02-10 17:38:40,115 - SmartRoom - INFO - [AC Status] {'device': 'ac_controller', 'status': 'error', 'detail': 'No IR code for AC OFF', 'uptime': 8400, 'wifi_rssi': -64, 'ac_state': 'off', 'ac_temp': 24, 'ir_codes_learned': 0}
2026-02-10 17:39:09,906 - SmartRoom - INFO - ========================================
2026-02-10 17:39:09,906 - SmartRoom - INFO - Running ML Optimization...
2026-02-10 17:39:09,906 - SmartRoom - INFO -   Occupancy: False | Persons: 0
2026-02-10 17:39:09,988 - ACGeneticOptimizer - INFO - GA Result: {'ac_temperature': 19, 'fan_speed': 2, 'duty_cycle': 0.0, 'should_turn_on': False, 'energy_score': np.float64(0.0), 'comfort_score': 1.0}
2026-02-10 17:39:09,989 - SmartRoom - INFO -   [AC] Temp:19C On:False
2026-02-10 17:39:09,989 - SmartRoom - INFO -   [Lamp] Brightness:0 On:False
2026-02-10 17:39:09,990 - SmartRoom - INFO - ========================================
2026-02-10 17:39:10,097 - SmartRoom - INFO - [AC Status] {'device': 'ac_controller', 'status': 'error', 'detail': 'No IR code for AC OFF', 'uptime': 8430, 'wifi_rssi': -63, 'ac_state': 'off', 'ac_temp': 24, 'ir_codes_learned': 0}
2026-02-10 17:39:10,098 - SmartRoom - INFO - [Lamp Status] {'brightness_pwm': 0, 'brightness_percent': 0, 'mode': 'manual', 'status': 'off'}
2026-02-10 17:39:24,934 - SmartRoom - INFO - STATUS | AC: 24.8C 70.3% | Lamp: 0lux br=0 | Cam: 0ppl | Opts: 333
2026-02-10 17:39:39,990 - SmartRoom - INFO - ========================================
2026-02-10 17:39:39,990 - SmartRoom - INFO - Running ML Optimization...
2026-02-10 17:39:39,990 - SmartRoom - INFO -   Occupancy: False | Persons: 0
2026-02-10 17:39:40,076 - ACGeneticOptimizer - INFO - GA Result: {'ac_temperature': 23, 'fan_speed': 2, 'duty_cycle': 0.0, 'should_turn_on': False, 'energy_score': np.float64(0.0), 'comfort_score': 1.0}
2026-02-10 17:39:40,076 - SmartRoom - INFO -   [AC] Temp:23C On:False
2026-02-10 17:39:40,076 - SmartRoom - INFO -   [Lamp] Brightness:0 On:False
2026-02-10 17:39:40,077 - SmartRoom - INFO - ========================================
2026-02-10 17:39:40,161 - SmartRoom - INFO - [AC Status] {'device': 'ac_controller', 'status': 'error', 'detail': 'No IR code for AC OFF', 'uptime': 8460, 'wifi_rssi': -61, 'ac_state': 'off', 'ac_temp': 24, 'ir_codes_learned': 0}
2026-02-10 17:39:40,167 - SmartRoom - INFO - [Lamp Status] {'brightness_pwm': 0, 'brightness_percent': 0, 'mode': 'manual', 'status': 'off'}
2026-02-10 17:40:10,077 - SmartRoom - INFO - ========================================
2026-02-10 17:40:10,077 - SmartRoom - INFO - Running ML Optimization...
2026-02-10 17:40:10,077 - SmartRoom - INFO -   Occupancy: False | Persons: 0
2026-02-10 17:40:10,190 - ACGeneticOptimizer - INFO - GA Result: {'ac_temperature': 29, 'fan_speed': 1, 'duty_cycle': 0.0, 'should_turn_on': False, 'energy_score': np.float64(0.0), 'comfort_score': 1.0}
2026-02-10 17:40:10,190 - SmartRoom - INFO -   [AC] Temp:29C On:False
2026-02-10 17:40:10,191 - SmartRoom - INFO -   [Lamp] Brightness:0 On:False
2026-02-10 17:40:10,191 - SmartRoom - INFO - ========================================
2026-02-10 17:40:10,232 - SmartRoom - INFO - [AC Status] {'device': 'ac_controller', 'status': 'error', 'detail': 'No IR code for AC OFF', 'uptime': 8490, 'wifi_rssi': -61, 'ac_state': 'off', 'ac_temp': 24, 'ir_codes_learned': 0}
2026-02-10 17:40:10,239 - SmartRoom - INFO - [Lamp Status] {'brightness_pwm': 0, 'brightness_percent': 0, 'mode': 'manual', 'status': 'off'}
2026-02-10 17:40:24,944 - SmartRoom - INFO - STATUS | AC: 24.9C 70.2% | Lamp: 0lux br=0 | Cam: 0ppl | Opts: 335
2026-02-10 17:40:40,191 - SmartRoom - INFO - ========================================
2026-02-10 17:40:40,192 - SmartRoom - INFO - Running ML Optimization...
2026-02-10 17:40:40,192 - SmartRoom - INFO -   Occupancy: False | Persons: 0
2026-02-10 17:40:40,312 - ACGeneticOptimizer - INFO - GA Result: {'ac_temperature': 22, 'fan_speed': 2, 'duty_cycle': 0.0, 'should_turn_on': False, 'energy_score': np.float64(0.0), 'comfort_score': 1.0}
2026-02-10 17:40:40,313 - SmartRoom - INFO -   [AC] Temp:22C On:False
2026-02-10 17:40:40,313 - SmartRoom - INFO -   [Lamp] Brightness:0 On:False
2026-02-10 17:40:40,313 - SmartRoom - INFO - ========================================
2026-02-10 17:40:40,375 - SmartRoom - INFO - [AC Status] {'device': 'ac_controller', 'status': 'error', 'detail': 'No IR code for AC OFF', 'uptime': 8520, 'wifi_rssi': -54, 'ac_state': 'off', 'ac_temp': 24, 'ir_codes_learned': 0}
2026-02-10 17:40:40,555 - SmartRoom - INFO - [Lamp Status] {'brightness_pwm': 0, 'brightness_percent': 0, 'mode': 'manual', 'status': 'off'}
2026-02-10 17:41:10,314 - SmartRoom - INFO - ========================================
2026-02-10 17:41:10,314 - SmartRoom - INFO - Running ML Optimization...
2026-02-10 17:41:10,314 - SmartRoom - INFO -   Occupancy: False | Persons: 0
2026-02-10 17:41:10,420 - ACGeneticOptimizer - INFO - GA Result: {'ac_temperature': 25, 'fan_speed': 1, 'duty_cycle': 0.0, 'should_turn_on': False, 'energy_score': np.float64(0.0), 'comfort_score': 1.0}
2026-02-10 17:41:10,420 - SmartRoom - INFO -   [AC] Temp:25C On:False
2026-02-10 17:41:10,421 - SmartRoom - INFO -   [Lamp] Brightness:0 On:False
2026-02-10 17:41:10,421 - SmartRoom - INFO - ========================================
2026-02-10 17:41:10,927 - SmartRoom - INFO - [AC Status] {'device': 'ac_controller', 'status': 'error', 'detail': 'No IR code for AC OFF', 'uptime': 8551, 'wifi_rssi': -59, 'ac_state': 'off', 'ac_temp': 24, 'ir_codes_learned': 0}
2026-02-10 17:41:11,531 - SmartRoom - INFO - [Lamp Status] {'brightness_pwm': 0, 'brightness_percent': 0, 'mode': 'manual', 'status': 'off'}
2026-02-10 17:41:24,950 - SmartRoom - INFO - STATUS | AC: 25.0C 70.0% | Lamp: 0lux br=0 | Cam: 0ppl | Opts: 337
2026-02-10 17:41:40,421 - SmartRoom - INFO - ========================================
2026-02-10 17:41:40,421 - SmartRoom - INFO - Running ML Optimization...
2026-02-10 17:41:40,421 - SmartRoom - INFO -   Occupancy: False | Persons: 0
2026-02-10 17:41:40,546 - ACGeneticOptimizer - INFO - GA Result: {'ac_temperature': 29, 'fan_speed': 2, 'duty_cycle': 0.0, 'should_turn_on': False, 'energy_score': np.float64(0.0), 'comfort_score': 1.0}
2026-02-10 17:41:40,547 - SmartRoom - INFO -   [AC] Temp:29C On:False
2026-02-10 17:41:40,547 - SmartRoom - INFO -   [Lamp] Brightness:0 On:False
2026-02-10 17:41:40,547 - SmartRoom - INFO - ========================================
2026-02-10 17:41:40,588 - SmartRoom - INFO - [AC Status] {'device': 'ac_controller', 'status': 'error', 'detail': 'No IR code for AC OFF', 'uptime': 8581, 'wifi_rssi': -60, 'ac_state': 'off', 'ac_temp': 24, 'ir_codes_learned': 0}
2026-02-10 17:41:40,588 - SmartRoom - INFO - [Lamp Status] {'brightness_pwm': 0, 'brightness_percent': 0, 'mode': 'manual', 'status': 'off'}
2026-02-10 17:42:10,548 - SmartRoom - INFO - ========================================
2026-02-10 17:42:10,548 - SmartRoom - INFO - Running ML Optimization...
2026-02-10 17:42:10,548 - SmartRoom - INFO -   Occupancy: False | Persons: 0
2026-02-10 17:42:10,635 - ACGeneticOptimizer - INFO - GA Result: {'ac_temperature': 24, 'fan_speed': 1, 'duty_cycle': 0.0, 'should_turn_on': False, 'energy_score': np.float64(0.0), 'comfort_score': 1.0}
2026-02-10 17:42:10,635 - SmartRoom - INFO -   [AC] Temp:24C On:False
2026-02-10 17:42:10,636 - SmartRoom - INFO -   [Lamp] Brightness:0 On:False
2026-02-10 17:42:10,636 - SmartRoom - INFO - ========================================
2026-02-10 17:42:11,075 - SmartRoom - INFO - [AC Status] {'device': 'ac_controller', 'status': 'error', 'detail': 'No IR code for AC OFF', 'uptime': 8611, 'wifi_rssi': -63, 'ac_state': 'off', 'ac_temp': 24, 'ir_codes_learned': 0}
2026-02-10 17:42:11,114 - SmartRoom - INFO - [Lamp Status] {'brightness_pwm': 0, 'brightness_percent': 0, 'mode': 'manual', 'status': 'off'}
2026-02-10 17:42:24,956 - SmartRoom - INFO - STATUS | AC: 25.0C 68.9% | Lamp: 0lux br=0 | Cam: 0ppl | Opts: 339
2026-02-10 17:42:40,636 - SmartRoom - INFO - ========================================
2026-02-10 17:42:40,636 - SmartRoom - INFO - Running ML Optimization...
2026-02-10 17:42:40,637 - SmartRoom - INFO -   Occupancy: False | Persons: 0
2026-02-10 17:42:40,753 - ACGeneticOptimizer - INFO - GA Result: {'ac_temperature': 17, 'fan_speed': 3, 'duty_cycle': 0.0, 'should_turn_on': False, 'energy_score': np.float64(0.0), 'comfort_score': 1.0}
2026-02-10 17:42:40,753 - SmartRoom - INFO -   [AC] Temp:17C On:False
2026-02-10 17:42:40,754 - SmartRoom - INFO -   [Lamp] Brightness:0 On:False
2026-02-10 17:42:40,754 - SmartRoom - INFO - ========================================
2026-02-10 17:42:40,833 - SmartRoom - INFO - [AC Status] {'device': 'ac_controller', 'status': 'error', 'detail': 'No IR code for AC OFF', 'uptime': 8641, 'wifi_rssi': -64, 'ac_state': 'off', 'ac_temp': 24, 'ir_codes_learned': 0}
2026-02-10 17:42:40,857 - SmartRoom - INFO - [Lamp Status] {'brightness_pwm': 0, 'brightness_percent': 0, 'mode': 'manual', 'status': 'off'}
2026-02-10 17:43:10,754 - SmartRoom - INFO - ========================================
2026-02-10 17:43:10,754 - SmartRoom - INFO - Running ML Optimization...
2026-02-10 17:43:10,754 - SmartRoom - INFO -   Occupancy: False | Persons: 0
2026-02-10 17:43:10,869 - ACGeneticOptimizer - INFO - GA Result: {'ac_temperature': 26, 'fan_speed': 2, 'duty_cycle': 0.0, 'should_turn_on': False, 'energy_score': np.float64(0.0), 'comfort_score': 1.0}
2026-02-10 17:43:10,870 - SmartRoom - INFO -   [AC] Temp:26C On:False
2026-02-10 17:43:10,871 - SmartRoom - INFO -   [Lamp] Brightness:0 On:False
2026-02-10 17:43:10,871 - SmartRoom - INFO - ========================================
2026-02-10 17:43:10,912 - SmartRoom - INFO - [AC Status] {'device': 'ac_controller', 'status': 'error', 'detail': 'No IR code for AC OFF', 'uptime': 8671, 'wifi_rssi': -63, 'ac_state': 'off', 'ac_temp': 24, 'ir_codes_learned': 0}
2026-02-10 17:43:11,051 - SmartRoom - INFO - [Lamp Status] {'brightness_pwm': 0, 'brightness_percent': 0, 'mode': 'manual', 'status': 'off'}
2026-02-10 17:43:24,961 - SmartRoom - INFO - STATUS | AC: 25.0C 68.6% | Lamp: 0lux br=0 | Cam: 0ppl | Opts: 341
2026-02-10 17:43:40,871 - SmartRoom - INFO - ========================================
2026-02-10 17:43:40,872 - SmartRoom - INFO - Running ML Optimization...
2026-02-10 17:43:40,872 - SmartRoom - INFO -   Occupancy: False | Persons: 0
2026-02-10 17:43:40,989 - ACGeneticOptimizer - INFO - GA Result: {'ac_temperature': 19, 'fan_speed': 1, 'duty_cycle': 0.0, 'should_turn_on': False, 'energy_score': np.float64(0.0), 'comfort_score': 1.0}
2026-02-10 17:43:40,989 - SmartRoom - INFO -   [AC] Temp:19C On:False
2026-02-10 17:43:40,990 - SmartRoom - INFO -   [Lamp] Brightness:0 On:False
2026-02-10 17:43:40,990 - SmartRoom - INFO - ========================================
2026-02-10 17:43:41,067 - SmartRoom - INFO - [AC Status] {'device': 'ac_controller', 'status': 'error', 'detail': 'No IR code for AC OFF', 'uptime': 8701, 'wifi_rssi': -65, 'ac_state': 'off', 'ac_temp': 24, 'ir_codes_learned': 0}
2026-02-10 17:43:41,068 - SmartRoom - INFO - [Lamp Status] {'brightness_pwm': 0, 'brightness_percent': 0, 'mode': 'manual', 'status': 'off'}
2026-02-10 17:44:10,991 - SmartRoom - INFO - ========================================
2026-02-10 17:44:10,991 - SmartRoom - INFO - Running ML Optimization...
2026-02-10 17:44:10,991 - SmartRoom - INFO -   Occupancy: False | Persons: 0
2026-02-10 17:44:11,079 - ACGeneticOptimizer - INFO - GA Result: {'ac_temperature': 22, 'fan_speed': 3, 'duty_cycle': 0.0, 'should_turn_on': False, 'energy_score': np.float64(0.0), 'comfort_score': 1.0}
2026-02-10 17:44:11,080 - SmartRoom - INFO -   [AC] Temp:22C On:False
2026-02-10 17:44:11,080 - SmartRoom - INFO -   [Lamp] Brightness:0 On:False
2026-02-10 17:44:11,080 - SmartRoom - INFO - ========================================
2026-02-10 17:44:11,366 - SmartRoom - INFO - [Lamp Status] {'brightness_pwm': 0, 'brightness_percent': 0, 'mode': 'manual', 'status': 'off'}
2026-02-10 17:44:11,367 - SmartRoom - INFO - [AC Status] {'device': 'ac_controller', 'status': 'error', 'detail': 'No IR code for AC OFF', 'uptime': 8731, 'wifi_rssi': -64, 'ac_state': 'off', 'ac_temp': 24, 'ir_codes_learned': 0}
2026-02-10 17:44:24,981 - SmartRoom - INFO - STATUS | AC: 25.0C 68.8% | Lamp: 0lux br=0 | Cam: 0ppl | Opts: 343
2026-02-10 17:44:41,081 - SmartRoom - INFO - ========================================
2026-02-10 17:44:41,081 - SmartRoom - INFO - Running ML Optimization...
2026-02-10 17:44:41,081 - SmartRoom - INFO -   Occupancy: False | Persons: 0
2026-02-10 17:44:41,203 - ACGeneticOptimizer - INFO - GA Result: {'ac_temperature': 27, 'fan_speed': 2, 'duty_cycle': 0.0, 'should_turn_on': False, 'energy_score': np.float64(0.0), 'comfort_score': 1.0}
2026-02-10 17:44:41,204 - SmartRoom - INFO -   [AC] Temp:27C On:False
2026-02-10 17:44:41,204 - SmartRoom - INFO -   [Lamp] Brightness:0 On:False
2026-02-10 17:44:41,204 - SmartRoom - INFO - ========================================
2026-02-10 17:44:41,268 - SmartRoom - INFO - [Lamp Status] {'brightness_pwm': 0, 'brightness_percent': 0, 'mode': 'manual', 'status': 'off'}
2026-02-10 17:44:41,648 - SmartRoom - INFO - [AC Status] {'device': 'ac_controller', 'status': 'error', 'detail': 'No IR code for AC OFF', 'uptime': 8762, 'wifi_rssi': -59, 'ac_state': 'off', 'ac_temp': 24, 'ir_codes_learned': 0}
2026-02-10 17:45:11,205 - SmartRoom - INFO - ========================================
2026-02-10 17:45:11,205 - SmartRoom - INFO - Running ML Optimization...
2026-02-10 17:45:11,206 - SmartRoom - INFO -   Occupancy: False | Persons: 0
2026-02-10 17:45:11,310 - ACGeneticOptimizer - INFO - GA Result: {'ac_temperature': 21, 'fan_speed': 3, 'duty_cycle': 0.0, 'should_turn_on': False, 'energy_score': np.float64(0.0), 'comfort_score': 1.0}
2026-02-10 17:45:11,310 - SmartRoom - INFO -   [AC] Temp:21C On:False
2026-02-10 17:45:11,311 - SmartRoom - INFO -   [Lamp] Brightness:0 On:False
2026-02-10 17:45:11,312 - SmartRoom - INFO - ========================================
2026-02-10 17:45:11,397 - SmartRoom - INFO - [AC Status] {'device': 'ac_controller', 'status': 'error', 'detail': 'No IR code for AC OFF', 'uptime': 8791, 'wifi_rssi': -64, 'ac_state': 'off', 'ac_temp': 24, 'ir_codes_learned': 0}
2026-02-10 17:45:12,564 - SmartRoom - INFO - [Lamp Status] {'brightness_pwm': 0, 'brightness_percent': 0, 'mode': 'manual', 'status': 'off'}
2026-02-10 17:45:24,986 - SmartRoom - INFO - STATUS | AC: 25.0C 68.8% | Lamp: 3lux br=0 | Cam: 0ppl | Opts: 345
2026-02-10 17:45:41,312 - SmartRoom - INFO - ========================================
2026-02-10 17:45:41,312 - SmartRoom - INFO - Running ML Optimization...
2026-02-10 17:45:41,312 - SmartRoom - INFO -   Occupancy: False | Persons: 0
2026-02-10 17:45:41,434 - ACGeneticOptimizer - INFO - GA Result: {'ac_temperature': 26, 'fan_speed': 3, 'duty_cycle': 0.0, 'should_turn_on': False, 'energy_score': np.float64(0.0), 'comfort_score': 1.0}
2026-02-10 17:45:41,434 - SmartRoom - INFO -   [AC] Temp:26C On:False
2026-02-10 17:45:41,435 - SmartRoom - INFO -   [Lamp] Brightness:0 On:False
2026-02-10 17:45:41,435 - SmartRoom - INFO - ========================================
2026-02-10 17:45:41,595 - SmartRoom - INFO - [Lamp Status] {'brightness_pwm': 0, 'brightness_percent': 0, 'mode': 'manual', 'status': 'off'}
2026-02-10 17:45:41,684 - SmartRoom - INFO - [AC Status] {'device': 'ac_controller', 'status': 'error', 'detail': 'No IR code for AC OFF', 'uptime': 8822, 'wifi_rssi': -62, 'ac_state': 'off', 'ac_temp': 24, 'ir_codes_learned': 0}
2026-02-10 17:46:11,435 - SmartRoom - INFO - ========================================
2026-02-10 17:46:11,436 - SmartRoom - INFO - Running ML Optimization...
2026-02-10 17:46:11,436 - SmartRoom - INFO -   Occupancy: False | Persons: 0
2026-02-10 17:46:11,558 - ACGeneticOptimizer - INFO - GA Result: {'ac_temperature': 29, 'fan_speed': 1, 'duty_cycle': 0.0, 'should_turn_on': False, 'energy_score': np.float64(0.0), 'comfort_score': 1.0}
2026-02-10 17:46:11,558 - SmartRoom - INFO -   [AC] Temp:29C On:False
2026-02-10 17:46:11,559 - SmartRoom - INFO -   [Lamp] Brightness:0 On:False
2026-02-10 17:46:11,559 - SmartRoom - INFO - ========================================
2026-02-10 17:46:11,854 - SmartRoom - INFO - [AC Status] {'device': 'ac_controller', 'status': 'error', 'detail': 'No IR code for AC OFF', 'uptime': 8852, 'wifi_rssi': -60, 'ac_state': 'off', 'ac_temp': 24, 'ir_codes_learned': 0}
2026-02-10 17:46:12,307 - SmartRoom - INFO - [Lamp Status] {'brightness_pwm': 0, 'brightness_percent': 0, 'mode': 'manual', 'status': 'off'}
2026-02-10 17:46:24,994 - SmartRoom - INFO - STATUS | AC: 25.0C 69.5% | Lamp: 3lux br=0 | Cam: 0ppl | Opts: 347
2026-02-10 17:46:41,559 - SmartRoom - INFO - ========================================
2026-02-10 17:46:41,559 - SmartRoom - INFO - Running ML Optimization...
2026-02-10 17:46:41,560 - SmartRoom - INFO -   Occupancy: False | Persons: 0
2026-02-10 17:46:41,649 - ACGeneticOptimizer - INFO - GA Result: {'ac_temperature': 23, 'fan_speed': 2, 'duty_cycle': 0.0, 'should_turn_on': False, 'energy_score': np.float64(0.0), 'comfort_score': 1.0}
2026-02-10 17:46:41,650 - SmartRoom - INFO -   [AC] Temp:23C On:False
2026-02-10 17:46:41,650 - SmartRoom - INFO -   [Lamp] Brightness:0 On:False
2026-02-10 17:46:41,650 - SmartRoom - INFO - ========================================
2026-02-10 17:46:42,322 - SmartRoom - INFO - [AC Status] {'device': 'ac_controller', 'status': 'error', 'detail': 'No IR code for AC OFF', 'uptime': 8882, 'wifi_rssi': -65, 'ac_state': 'off', 'ac_temp': 24, 'ir_codes_learned': 0}
2026-02-10 17:47:11,651 - SmartRoom - INFO - ========================================
2026-02-10 17:47:11,651 - SmartRoom - INFO - Running ML Optimization...
2026-02-10 17:47:11,651 - SmartRoom - INFO -   Occupancy: False | Persons: 0
2026-02-10 17:47:11,736 - ACGeneticOptimizer - INFO - GA Result: {'ac_temperature': 17, 'fan_speed': 3, 'duty_cycle': 0.0, 'should_turn_on': False, 'energy_score': np.float64(0.0), 'comfort_score': 1.0}
2026-02-10 17:47:11,736 - SmartRoom - INFO -   [AC] Temp:17C On:False
2026-02-10 17:47:11,737 - SmartRoom - INFO -   [Lamp] Brightness:0 On:False
2026-02-10 17:47:11,737 - SmartRoom - INFO - ========================================
2026-02-10 17:47:11,802 - SmartRoom - INFO - [AC Status] {'device': 'ac_controller', 'status': 'error', 'detail': 'No IR code for AC OFF', 'uptime': 8912, 'wifi_rssi': -58, 'ac_state': 'off', 'ac_temp': 24, 'ir_codes_learned': 0}
2026-02-10 17:47:12,496 - SmartRoom - INFO - [Lamp Status] {'brightness_pwm': 0, 'brightness_percent': 0, 'mode': 'manual', 'status': 'off'}
2026-02-10 17:47:25,000 - SmartRoom - INFO - STATUS | AC: 25.1C 69.7% | Lamp: 3lux br=0 | Cam: 0ppl | Opts: 349
2026-02-10 17:47:41,737 - SmartRoom - INFO - ========================================
2026-02-10 17:47:41,737 - SmartRoom - INFO - Running ML Optimization...
2026-02-10 17:47:41,737 - SmartRoom - INFO -   Occupancy: False | Persons: 0
2026-02-10 17:47:41,843 - ACGeneticOptimizer - INFO - GA Result: {'ac_temperature': 27, 'fan_speed': 1, 'duty_cycle': 0.0, 'should_turn_on': False, 'energy_score': np.float64(0.0), 'comfort_score': 1.0}
2026-02-10 17:47:41,843 - SmartRoom - INFO -   [AC] Temp:27C On:False
2026-02-10 17:47:41,844 - SmartRoom - INFO -   [Lamp] Brightness:0 On:False
2026-02-10 17:47:41,844 - SmartRoom - INFO - ========================================
2026-02-10 17:47:42,030 - SmartRoom - INFO - [Lamp Status] {'brightness_pwm': 0, 'brightness_percent': 0, 'mode': 'manual', 'status': 'off'}
2026-02-10 17:47:42,350 - SmartRoom - INFO - [AC Status] {'device': 'ac_controller', 'status': 'error', 'detail': 'No IR code for AC OFF', 'uptime': 8942, 'wifi_rssi': -68, 'ac_state': 'off', 'ac_temp': 24, 'ir_codes_learned': 0}
2026-02-10 17:48:11,844 - SmartRoom - INFO - ========================================
2026-02-10 17:48:11,844 - SmartRoom - INFO - Running ML Optimization...
2026-02-10 17:48:11,844 - SmartRoom - INFO -   Occupancy: False | Persons: 0
2026-02-10 17:48:11,945 - ACGeneticOptimizer - INFO - GA Result: {'ac_temperature': 27, 'fan_speed': 3, 'duty_cycle': 0.0, 'should_turn_on': False, 'energy_score': np.float64(0.0), 'comfort_score': 1.0}
2026-02-10 17:48:11,945 - SmartRoom - INFO -   [AC] Temp:27C On:False
2026-02-10 17:48:11,945 - SmartRoom - INFO -   [Lamp] Brightness:0 On:False
2026-02-10 17:48:11,946 - SmartRoom - INFO - ========================================
2026-02-10 17:48:12,023 - SmartRoom - INFO - [AC Status] {'device': 'ac_controller', 'status': 'error', 'detail': 'No IR code for AC OFF', 'uptime': 8972, 'wifi_rssi': -63, 'ac_state': 'off', 'ac_temp': 24, 'ir_codes_learned': 0}
2026-02-10 17:48:12,024 - SmartRoom - INFO - [Lamp Status] {'brightness_pwm': 0, 'brightness_percent': 0, 'mode': 'manual', 'status': 'off'}
2026-02-10 17:48:25,008 - SmartRoom - INFO - STATUS | AC: 25.1C 70.0% | Lamp: 3lux br=0 | Cam: 0ppl | Opts: 351
2026-02-10 17:48:41,946 - SmartRoom - INFO - ========================================
2026-02-10 17:48:41,946 - SmartRoom - INFO - Running ML Optimization...
2026-02-10 17:48:41,946 - SmartRoom - INFO -   Occupancy: False | Persons: 0
2026-02-10 17:48:42,070 - ACGeneticOptimizer - INFO - GA Result: {'ac_temperature': 20, 'fan_speed': 1, 'duty_cycle': 0.0, 'should_turn_on': False, 'energy_score': np.float64(0.0), 'comfort_score': 1.0}
2026-02-10 17:48:42,070 - SmartRoom - INFO -   [AC] Temp:20C On:False
2026-02-10 17:48:42,070 - SmartRoom - INFO -   [Lamp] Brightness:0 On:False
2026-02-10 17:48:42,070 - SmartRoom - INFO - ========================================
2026-02-10 17:48:42,160 - SmartRoom - INFO - [AC Status] {'device': 'ac_controller', 'status': 'error', 'detail': 'No IR code for AC OFF', 'uptime': 9002, 'wifi_rssi': -71, 'ac_state': 'off', 'ac_temp': 24, 'ir_codes_learned': 0}
2026-02-10 17:48:42,239 - SmartRoom - INFO - [Lamp Status] {'brightness_pwm': 0, 'brightness_percent': 0, 'mode': 'manual', 'status': 'off'}
2026-02-10 17:49:12,071 - SmartRoom - INFO - ========================================
2026-02-10 17:49:12,071 - SmartRoom - INFO - Running ML Optimization...
2026-02-10 17:49:12,071 - SmartRoom - INFO -   Occupancy: False | Persons: 0
2026-02-10 17:49:12,186 - ACGeneticOptimizer - INFO - GA Result: {'ac_temperature': 21, 'fan_speed': 3, 'duty_cycle': 0.0, 'should_turn_on': False, 'energy_score': np.float64(0.0), 'comfort_score': 1.0}
2026-02-10 17:49:12,187 - SmartRoom - INFO -   [AC] Temp:21C On:False
2026-02-10 17:49:12,187 - SmartRoom - INFO -   [Lamp] Brightness:0 On:False
2026-02-10 17:49:12,188 - SmartRoom - INFO - ========================================
2026-02-10 17:49:12,283 - SmartRoom - INFO - [Lamp Status] {'brightness_pwm': 0, 'brightness_percent': 0, 'mode': 'manual', 'status': 'off'}
2026-02-10 17:49:12,418 - SmartRoom - INFO - [AC Status] {'device': 'ac_controller', 'status': 'error', 'detail': 'No IR code for AC OFF', 'uptime': 9033, 'wifi_rssi': -63, 'ac_state': 'off', 'ac_temp': 24, 'ir_codes_learned': 0}
2026-02-10 17:49:25,019 - SmartRoom - INFO - STATUS | AC: 25.1C 70.4% | Lamp: 3lux br=0 | Cam: 0ppl | Opts: 353
2026-02-10 17:49:42,188 - SmartRoom - INFO - ========================================
2026-02-10 17:49:42,188 - SmartRoom - INFO - Running ML Optimization...
2026-02-10 17:49:42,188 - SmartRoom - INFO -   Occupancy: False | Persons: 0
2026-02-10 17:49:42,302 - ACGeneticOptimizer - INFO - GA Result: {'ac_temperature': 23, 'fan_speed': 3, 'duty_cycle': 0.0, 'should_turn_on': False, 'energy_score': np.float64(0.0), 'comfort_score': 1.0}
2026-02-10 17:49:42,303 - SmartRoom - INFO -   [AC] Temp:23C On:False
2026-02-10 17:49:42,303 - SmartRoom - INFO -   [Lamp] Brightness:0 On:False
2026-02-10 17:49:42,304 - SmartRoom - INFO - ========================================
2026-02-10 17:49:42,434 - SmartRoom - INFO - [AC Status] {'device': 'ac_controller', 'status': 'error', 'detail': 'No IR code for AC OFF', 'uptime': 9063, 'wifi_rssi': -65, 'ac_state': 'off', 'ac_temp': 24, 'ir_codes_learned': 0}
2026-02-10 17:49:42,452 - SmartRoom - INFO - [Lamp Status] {'brightness_pwm': 0, 'brightness_percent': 0, 'mode': 'manual', 'status': 'off'}
2026-02-10 17:50:12,304 - SmartRoom - INFO - ========================================
2026-02-10 17:50:12,304 - SmartRoom - INFO - Running ML Optimization...
2026-02-10 17:50:12,304 - SmartRoom - INFO -   Occupancy: False | Persons: 0
2026-02-10 17:50:12,419 - ACGeneticOptimizer - INFO - GA Result: {'ac_temperature': 20, 'fan_speed': 3, 'duty_cycle': 0.0, 'should_turn_on': False, 'energy_score': np.float64(0.0), 'comfort_score': 1.0}
2026-02-10 17:50:12,419 - SmartRoom - INFO -   [AC] Temp:20C On:False
2026-02-10 17:50:12,420 - SmartRoom - INFO -   [Lamp] Brightness:0 On:False
2026-02-10 17:50:12,420 - SmartRoom - INFO - ========================================
2026-02-10 17:50:12,543 - SmartRoom - INFO - [AC Status] {'device': 'ac_controller', 'status': 'error', 'detail': 'No IR code for AC OFF', 'uptime': 9093, 'wifi_rssi': -66, 'ac_state': 'off', 'ac_temp': 24, 'ir_codes_learned': 0}
2026-02-10 17:50:12,544 - SmartRoom - INFO - [Lamp Status] {'brightness_pwm': 0, 'brightness_percent': 0, 'mode': 'manual', 'status': 'off'}
2026-02-10 17:50:25,024 - SmartRoom - INFO - STATUS | AC: 25.1C 70.5% | Lamp: 3lux br=0 | Cam: 0ppl | Opts: 355
2026-02-10 17:50:42,420 - SmartRoom - INFO - ========================================
2026-02-10 17:50:42,421 - SmartRoom - INFO - Running ML Optimization...
2026-02-10 17:50:42,421 - SmartRoom - INFO -   Occupancy: False | Persons: 0
2026-02-10 17:50:42,529 - ACGeneticOptimizer - INFO - GA Result: {'ac_temperature': 26, 'fan_speed': 1, 'duty_cycle': 0.0, 'should_turn_on': False, 'energy_score': np.float64(0.0), 'comfort_score': 1.0}
2026-02-10 17:50:42,530 - SmartRoom - INFO -   [AC] Temp:26C On:False
2026-02-10 17:50:42,530 - SmartRoom - INFO -   [Lamp] Brightness:0 On:False
2026-02-10 17:50:42,531 - SmartRoom - INFO - ========================================
2026-02-10 17:50:42,592 - SmartRoom - INFO - [AC Status] {'device': 'ac_controller', 'status': 'error', 'detail': 'No IR code for AC OFF', 'uptime': 9123, 'wifi_rssi': -64, 'ac_state': 'off', 'ac_temp': 24, 'ir_codes_learned': 0}
2026-02-10 17:50:42,602 - SmartRoom - INFO - [Lamp Status] {'brightness_pwm': 0, 'brightness_percent': 0, 'mode': 'manual', 'status': 'off'}
2026-02-10 17:51:12,531 - SmartRoom - INFO - ========================================
2026-02-10 17:51:12,531 - SmartRoom - INFO - Running ML Optimization...
2026-02-10 17:51:12,531 - SmartRoom - INFO -   Occupancy: False | Persons: 0
2026-02-10 17:51:12,642 - ACGeneticOptimizer - INFO - GA Result: {'ac_temperature': 25, 'fan_speed': 3, 'duty_cycle': 0.0, 'should_turn_on': False, 'energy_score': np.float64(0.0), 'comfort_score': 1.0}
2026-02-10 17:51:12,642 - SmartRoom - INFO -   [AC] Temp:25C On:False
2026-02-10 17:51:12,643 - SmartRoom - INFO -   [Lamp] Brightness:0 On:False
2026-02-10 17:51:12,643 - SmartRoom - INFO - ========================================
2026-02-10 17:51:12,740 - SmartRoom - INFO - [AC Status] {'device': 'ac_controller', 'status': 'error', 'detail': 'No IR code for AC OFF', 'uptime': 9153, 'wifi_rssi': -63, 'ac_state': 'off', 'ac_temp': 24, 'ir_codes_learned': 0}
2026-02-10 17:51:13,988 - SmartRoom - INFO - [Lamp Status] {'brightness_pwm': 0, 'brightness_percent': 0, 'mode': 'manual', 'status': 'off'}
2026-02-10 17:51:25,028 - SmartRoom - INFO - STATUS | AC: 25.1C 70.6% | Lamp: 3lux br=0 | Cam: 0ppl | Opts: 357
2026-02-10 17:51:42,643 - SmartRoom - INFO - ========================================
2026-02-10 17:51:42,643 - SmartRoom - INFO - Running ML Optimization...
2026-02-10 17:51:42,643 - SmartRoom - INFO -   Occupancy: False | Persons: 0
2026-02-10 17:51:42,737 - ACGeneticOptimizer - INFO - GA Result: {'ac_temperature': 21, 'fan_speed': 3, 'duty_cycle': 0.0, 'should_turn_on': False, 'energy_score': np.float64(0.0), 'comfort_score': 1.0}
2026-02-10 17:51:42,737 - SmartRoom - INFO -   [AC] Temp:21C On:False
2026-02-10 17:51:42,738 - SmartRoom - INFO -   [Lamp] Brightness:0 On:False
2026-02-10 17:51:42,738 - SmartRoom - INFO - ========================================
2026-02-10 17:51:42,805 - SmartRoom - INFO - [Lamp Status] {'brightness_pwm': 0, 'brightness_percent': 0, 'mode': 'manual', 'status': 'off'}
2026-02-10 17:51:42,873 - SmartRoom - INFO - [AC Status] {'device': 'ac_controller', 'status': 'error', 'detail': 'No IR code for AC OFF', 'uptime': 9183, 'wifi_rssi': -60, 'ac_state': 'off', 'ac_temp': 24, 'ir_codes_learned': 0}
2026-02-10 17:52:12,739 - SmartRoom - INFO - ========================================
2026-02-10 17:52:12,739 - SmartRoom - INFO - Running ML Optimization...
2026-02-10 17:52:12,739 - SmartRoom - INFO -   Occupancy: False | Persons: 0
2026-02-10 17:52:12,859 - ACGeneticOptimizer - INFO - GA Result: {'ac_temperature': 22, 'fan_speed': 3, 'duty_cycle': 0.0, 'should_turn_on': False, 'energy_score': np.float64(0.0), 'comfort_score': 1.0}
2026-02-10 17:52:12,859 - SmartRoom - INFO -   [AC] Temp:22C On:False
2026-02-10 17:52:12,860 - SmartRoom - INFO -   [Lamp] Brightness:0 On:False
2026-02-10 17:52:12,860 - SmartRoom - INFO - ========================================
2026-02-10 17:52:19,387 - SmartRoom - INFO - [AC Status] {'device': 'ac_controller', 'status': 'error', 'detail': 'No IR code for AC OFF', 'uptime': 9219, 'wifi_rssi': -66, 'ac_state': 'off', 'ac_temp': 24, 'ir_codes_learned': 0}
2026-02-10 17:52:25,038 - SmartRoom - INFO - STATUS | AC: 25.1C 70.8% | Lamp: 3lux br=0 | Cam: 0ppl | Opts: 359
2026-02-10 17:52:26,304 - SmartRoom - INFO - [Lamp Status] {'brightness_pwm': 0, 'brightness_percent': 0, 'mode': 'manual', 'status': 'off'}
2026-02-10 17:52:42,861 - SmartRoom - INFO - ========================================
2026-02-10 17:52:42,861 - SmartRoom - INFO - Running ML Optimization...
2026-02-10 17:52:42,861 - SmartRoom - INFO -   Occupancy: False | Persons: 0
2026-02-10 17:52:42,987 - ACGeneticOptimizer - INFO - GA Result: {'ac_temperature': 23, 'fan_speed': 2, 'duty_cycle': 0.0, 'should_turn_on': False, 'energy_score': np.float64(0.0), 'comfort_score': 1.0}
2026-02-10 17:52:42,988 - SmartRoom - INFO -   [AC] Temp:23C On:False
2026-02-10 17:52:42,988 - SmartRoom - INFO -   [Lamp] Brightness:0 On:False
2026-02-10 17:52:42,988 - SmartRoom - INFO - ========================================
2026-02-10 17:52:43,036 - SmartRoom - INFO - [Lamp Status] {'brightness_pwm': 0, 'brightness_percent': 0, 'mode': 'manual', 'status': 'off'}
2026-02-10 17:52:43,071 - SmartRoom - INFO - [AC Status] {'device': 'ac_controller', 'status': 'error', 'detail': 'No IR code for AC OFF', 'uptime': 9243, 'wifi_rssi': -63, 'ac_state': 'off', 'ac_temp': 24, 'ir_codes_learned': 0}
2026-02-10 17:53:12,988 - SmartRoom - INFO - ========================================
2026-02-10 17:53:12,989 - SmartRoom - INFO - Running ML Optimization...
2026-02-10 17:53:12,989 - SmartRoom - INFO -   Occupancy: False | Persons: 0
2026-02-10 17:53:13,072 - ACGeneticOptimizer - INFO - GA Result: {'ac_temperature': 26, 'fan_speed': 2, 'duty_cycle': 0.0, 'should_turn_on': False, 'energy_score': np.float64(0.0), 'comfort_score': 1.0}
2026-02-10 17:53:13,073 - SmartRoom - INFO -   [AC] Temp:26C On:False
2026-02-10 17:53:13,073 - SmartRoom - INFO -   [Lamp] Brightness:0 On:False
2026-02-10 17:53:13,073 - SmartRoom - INFO - ========================================
2026-02-10 17:53:13,362 - SmartRoom - INFO - [AC Status] {'device': 'ac_controller', 'status': 'error', 'detail': 'No IR code for AC OFF', 'uptime': 9273, 'wifi_rssi': -63, 'ac_state': 'off', 'ac_temp': 24, 'ir_codes_learned': 0}
2026-02-10 17:53:13,363 - SmartRoom - INFO - [Lamp Status] {'brightness_pwm': 0, 'brightness_percent': 0, 'mode': 'manual', 'status': 'off'}
2026-02-10 17:53:25,049 - SmartRoom - INFO - STATUS | AC: 25.1C 71.3% | Lamp: 3lux br=0 | Cam: 0ppl | Opts: 361
2026-02-10 17:53:43,074 - SmartRoom - INFO - ========================================
2026-02-10 17:53:43,074 - SmartRoom - INFO - Running ML Optimization...
2026-02-10 17:53:43,074 - SmartRoom - INFO -   Occupancy: False | Persons: 0
2026-02-10 17:53:43,160 - ACGeneticOptimizer - INFO - GA Result: {'ac_temperature': 30, 'fan_speed': 2, 'duty_cycle': 0.0, 'should_turn_on': False, 'energy_score': np.float64(0.0), 'comfort_score': 1.0}
2026-02-10 17:53:43,160 - SmartRoom - INFO -   [AC] Temp:30C On:False
2026-02-10 17:53:43,161 - SmartRoom - INFO -   [Lamp] Brightness:0 On:False
2026-02-10 17:53:43,161 - SmartRoom - INFO - ========================================
2026-02-10 17:53:43,452 - SmartRoom - INFO - [AC Status] {'device': 'ac_controller', 'status': 'error', 'detail': 'No IR code for AC OFF', 'uptime': 9303, 'wifi_rssi': -61, 'ac_state': 'off', 'ac_temp': 24, 'ir_codes_learned': 0}
2026-02-10 17:53:43,452 - SmartRoom - INFO - [Lamp Status] {'brightness_pwm': 0, 'brightness_percent': 0, 'mode': 'manual', 'status': 'off'}
2026-02-10 17:54:13,161 - SmartRoom - INFO - ========================================
2026-02-10 17:54:13,161 - SmartRoom - INFO - Running ML Optimization...
2026-02-10 17:54:13,161 - SmartRoom - INFO -   Occupancy: False | Persons: 0
2026-02-10 17:54:13,248 - ACGeneticOptimizer - INFO - GA Result: {'ac_temperature': 25, 'fan_speed': 1, 'duty_cycle': 0.0, 'should_turn_on': False, 'energy_score': np.float64(0.0), 'comfort_score': 1.0}
2026-02-10 17:54:13,248 - SmartRoom - INFO -   [AC] Temp:25C On:False
2026-02-10 17:54:13,249 - SmartRoom - INFO -   [Lamp] Brightness:0 On:False
2026-02-10 17:54:13,249 - SmartRoom - INFO - ========================================
2026-02-10 17:54:13,363 - SmartRoom - INFO - [AC Status] {'device': 'ac_controller', 'status': 'error', 'detail': 'No IR code for AC OFF', 'uptime': 9333, 'wifi_rssi': -62, 'ac_state': 'off', 'ac_temp': 24, 'ir_codes_learned': 0}
2026-02-10 17:54:13,408 - SmartRoom - INFO - [Lamp Status] {'brightness_pwm': 0, 'brightness_percent': 0, 'mode': 'manual', 'status': 'off'}
2026-02-10 17:54:25,063 - SmartRoom - INFO - STATUS | AC: 25.3C 70.9% | Lamp: 3lux br=0 | Cam: 0ppl | Opts: 363
2026-02-10 17:54:43,249 - SmartRoom - INFO - ========================================
2026-02-10 17:54:43,249 - SmartRoom - INFO - Running ML Optimization...
2026-02-10 17:54:43,250 - SmartRoom - INFO -   Occupancy: False | Persons: 0
2026-02-10 17:54:43,370 - ACGeneticOptimizer - INFO - GA Result: {'ac_temperature': 18, 'fan_speed': 3, 'duty_cycle': 0.0, 'should_turn_on': False, 'energy_score': np.float64(0.0), 'comfort_score': 1.0}
2026-02-10 17:54:43,370 - SmartRoom - INFO -   [AC] Temp:18C On:False
2026-02-10 17:54:43,375 - SmartRoom - INFO -   [Lamp] Brightness:0 On:False
2026-02-10 17:54:43,376 - SmartRoom - INFO - ========================================
2026-02-10 17:54:43,445 - SmartRoom - INFO - [AC Status] {'device': 'ac_controller', 'status': 'error', 'detail': 'No IR code for AC OFF', 'uptime': 9363, 'wifi_rssi': -64, 'ac_state': 'off', 'ac_temp': 24, 'ir_codes_learned': 0}
2026-02-10 17:54:43,494 - SmartRoom - INFO - [Lamp Status] {'brightness_pwm': 0, 'brightness_percent': 0, 'mode': 'manual', 'status': 'off'}
2026-02-10 17:55:13,376 - SmartRoom - INFO - ========================================
2026-02-10 17:55:13,376 - SmartRoom - INFO - Running ML Optimization...
2026-02-10 17:55:13,376 - SmartRoom - INFO -   Occupancy: False | Persons: 0
2026-02-10 17:55:13,480 - ACGeneticOptimizer - INFO - GA Result: {'ac_temperature': 23, 'fan_speed': 1, 'duty_cycle': 0.0, 'should_turn_on': False, 'energy_score': np.float64(0.0), 'comfort_score': 1.0}
2026-02-10 17:55:13,481 - SmartRoom - INFO -   [AC] Temp:23C On:False
2026-02-10 17:55:13,481 - SmartRoom - INFO -   [Lamp] Brightness:0 On:False
2026-02-10 17:55:13,481 - SmartRoom - INFO - ========================================
2026-02-10 17:55:13,563 - SmartRoom - INFO - [AC Status] {'device': 'ac_controller', 'status': 'error', 'detail': 'No IR code for AC OFF', 'uptime': 9394, 'wifi_rssi': -60, 'ac_state': 'off', 'ac_temp': 24, 'ir_codes_learned': 0}
2026-02-10 17:55:13,563 - SmartRoom - INFO - [Lamp Status] {'brightness_pwm': 0, 'brightness_percent': 0, 'mode': 'manual', 'status': 'off'}
2026-02-10 17:55:25,072 - SmartRoom - INFO - STATUS | AC: 25.2C 70.6% | Lamp: 2lux br=0 | Cam: 0ppl | Opts: 365
2026-02-10 17:55:43,482 - SmartRoom - INFO - ========================================
2026-02-10 17:55:43,482 - SmartRoom - INFO - Running ML Optimization...
2026-02-10 17:55:43,482 - SmartRoom - INFO -   Occupancy: False | Persons: 0
2026-02-10 17:55:43,568 - ACGeneticOptimizer - INFO - GA Result: {'ac_temperature': 25, 'fan_speed': 3, 'duty_cycle': 0.0, 'should_turn_on': False, 'energy_score': np.float64(0.0), 'comfort_score': 1.0}
2026-02-10 17:55:43,568 - SmartRoom - INFO -   [AC] Temp:25C On:False
2026-02-10 17:55:43,569 - SmartRoom - INFO -   [Lamp] Brightness:0 On:False
2026-02-10 17:55:43,569 - SmartRoom - INFO - ========================================
2026-02-10 17:55:43,760 - SmartRoom - INFO - [AC Status] {'device': 'ac_controller', 'status': 'error', 'detail': 'No IR code for AC OFF', 'uptime': 9424, 'wifi_rssi': -62, 'ac_state': 'off', 'ac_temp': 24, 'ir_codes_learned': 0}
2026-02-10 17:55:43,760 - SmartRoom - INFO - [Lamp Status] {'brightness_pwm': 0, 'brightness_percent': 0, 'mode': 'manual', 'status': 'off'}
2026-02-10 17:56:13,569 - SmartRoom - INFO - ========================================
2026-02-10 17:56:13,569 - SmartRoom - INFO - Running ML Optimization...
2026-02-10 17:56:13,569 - SmartRoom - INFO -   Occupancy: False | Persons: 0
2026-02-10 17:56:13,676 - ACGeneticOptimizer - INFO - GA Result: {'ac_temperature': 23, 'fan_speed': 1, 'duty_cycle': 0.0, 'should_turn_on': False, 'energy_score': np.float64(0.0), 'comfort_score': 1.0}
2026-02-10 17:56:13,676 - SmartRoom - INFO -   [AC] Temp:23C On:False
2026-02-10 17:56:13,676 - SmartRoom - INFO -   [Lamp] Brightness:0 On:False
2026-02-10 17:56:13,677 - SmartRoom - INFO - ========================================
2026-02-10 17:56:13,723 - SmartRoom - INFO - [Lamp Status] {'brightness_pwm': 0, 'brightness_percent': 0, 'mode': 'manual', 'status': 'off'}
2026-02-10 17:56:13,731 - SmartRoom - INFO - [AC Status] {'device': 'ac_controller', 'status': 'error', 'detail': 'No IR code for AC OFF', 'uptime': 9454, 'wifi_rssi': -61, 'ac_state': 'off', 'ac_temp': 24, 'ir_codes_learned': 0}
2026-02-10 17:56:25,077 - SmartRoom - INFO - STATUS | AC: 25.2C 70.6% | Lamp: 2lux br=0 | Cam: 0ppl | Opts: 367
2026-02-10 17:56:43,677 - SmartRoom - INFO - ========================================
2026-02-10 17:56:43,677 - SmartRoom - INFO - Running ML Optimization...
2026-02-10 17:56:43,677 - SmartRoom - INFO -   Occupancy: False | Persons: 0
2026-02-10 17:56:43,761 - ACGeneticOptimizer - INFO - GA Result: {'ac_temperature': 28, 'fan_speed': 1, 'duty_cycle': 0.0, 'should_turn_on': False, 'energy_score': np.float64(0.0), 'comfort_score': 1.0}
2026-02-10 17:56:43,761 - SmartRoom - INFO -   [AC] Temp:28C On:False
2026-02-10 17:56:43,762 - SmartRoom - INFO -   [Lamp] Brightness:0 On:False
2026-02-10 17:56:43,762 - SmartRoom - INFO - ========================================
2026-02-10 17:56:43,814 - SmartRoom - INFO - [Lamp Status] {'brightness_pwm': 0, 'brightness_percent': 0, 'mode': 'manual', 'status': 'off'}
2026-02-10 17:56:43,919 - SmartRoom - INFO - [AC Status] {'device': 'ac_controller', 'status': 'error', 'detail': 'No IR code for AC OFF', 'uptime': 9484, 'wifi_rssi': -63, 'ac_state': 'off', 'ac_temp': 24, 'ir_codes_learned': 0}
2026-02-10 17:57:13,762 - SmartRoom - INFO - ========================================
2026-02-10 17:57:13,762 - SmartRoom - INFO - Running ML Optimization...
2026-02-10 17:57:13,762 - SmartRoom - INFO -   Occupancy: False | Persons: 0
2026-02-10 17:57:13,859 - ACGeneticOptimizer - INFO - GA Result: {'ac_temperature': 29, 'fan_speed': 1, 'duty_cycle': 0.0, 'should_turn_on': False, 'energy_score': np.float64(0.0), 'comfort_score': 1.0}
2026-02-10 17:57:13,859 - SmartRoom - INFO -   [AC] Temp:29C On:False
2026-02-10 17:57:13,859 - SmartRoom - INFO -   [Lamp] Brightness:0 On:False
2026-02-10 17:57:13,860 - SmartRoom - INFO - ========================================
2026-02-10 17:57:13,998 - SmartRoom - INFO - [AC Status] {'device': 'ac_controller', 'status': 'error', 'detail': 'No IR code for AC OFF', 'uptime': 9514, 'wifi_rssi': -60, 'ac_state': 'off', 'ac_temp': 24, 'ir_codes_learned': 0}
2026-02-10 17:57:14,014 - SmartRoom - INFO - [Lamp Status] {'brightness_pwm': 0, 'brightness_percent': 0, 'mode': 'manual', 'status': 'off'}
2026-02-10 17:57:25,083 - SmartRoom - INFO - STATUS | AC: 25.2C 70.7% | Lamp: 2lux br=0 | Cam: 0ppl | Opts: 369
2026-02-10 17:57:43,860 - SmartRoom - INFO - ========================================
2026-02-10 17:57:43,860 - SmartRoom - INFO - Running ML Optimization...
2026-02-10 17:57:43,860 - SmartRoom - INFO -   Occupancy: False | Persons: 0
2026-02-10 17:57:43,989 - ACGeneticOptimizer - INFO - GA Result: {'ac_temperature': 25, 'fan_speed': 3, 'duty_cycle': 0.0, 'should_turn_on': False, 'energy_score': np.float64(0.0), 'comfort_score': 1.0}
2026-02-10 17:57:43,990 - SmartRoom - INFO -   [AC] Temp:25C On:False
2026-02-10 17:57:43,990 - SmartRoom - INFO -   [Lamp] Brightness:0 On:False
2026-02-10 17:57:43,991 - SmartRoom - INFO - ========================================
2026-02-10 17:57:44,076 - SmartRoom - INFO - [AC Status] {'device': 'ac_controller', 'status': 'error', 'detail': 'No IR code for AC OFF', 'uptime': 9544, 'wifi_rssi': -60, 'ac_state': 'off', 'ac_temp': 24, 'ir_codes_learned': 0}
2026-02-10 17:57:44,109 - SmartRoom - INFO - [Lamp Status] {'brightness_pwm': 0, 'brightness_percent': 0, 'mode': 'manual', 'status': 'off'}
2026-02-10 17:58:13,991 - SmartRoom - INFO - ========================================
2026-02-10 17:58:13,991 - SmartRoom - INFO - Running ML Optimization...
2026-02-10 17:58:13,991 - SmartRoom - INFO -   Occupancy: False | Persons: 0
2026-02-10 17:58:14,118 - ACGeneticOptimizer - INFO - GA Result: {'ac_temperature': 26, 'fan_speed': 1, 'duty_cycle': 0.0, 'should_turn_on': False, 'energy_score': np.float64(0.0), 'comfort_score': 1.0}
2026-02-10 17:58:14,118 - SmartRoom - INFO -   [AC] Temp:26C On:False
2026-02-10 17:58:14,118 - SmartRoom - INFO -   [Lamp] Brightness:0 On:False
2026-02-10 17:58:14,118 - SmartRoom - INFO - ========================================
2026-02-10 17:58:14,160 - SmartRoom - INFO - [AC Status] {'device': 'ac_controller', 'status': 'error', 'detail': 'No IR code for AC OFF', 'uptime': 9574, 'wifi_rssi': -67, 'ac_state': 'off', 'ac_temp': 24, 'ir_codes_learned': 0}
2026-02-10 17:58:14,160 - SmartRoom - INFO - [Lamp Status] {'brightness_pwm': 0, 'brightness_percent': 0, 'mode': 'manual', 'status': 'off'}
2026-02-10 17:58:25,095 - SmartRoom - INFO - STATUS | AC: 25.2C 70.6% | Lamp: 3lux br=0 | Cam: 0ppl | Opts: 371
2026-02-10 17:58:31,953 - SmartRoom - INFO - Initializing Smart Room Controller...
2026-02-10 17:58:31,954 - SmartRoom - INFO - Smart Room Controller initialized!
2026-02-10 17:58:31,954 - SmartRoom - INFO - [1/5] Starting MQTT Handler...
2026-02-10 17:58:31,954 - SmartRoom - INFO - MQTT callbacks registered
2026-02-10 17:58:31,954 - MQTTHandler - INFO - Connecting to MQTT broker localhost:1883...
2026-02-10 17:58:31,957 - MQTTHandler - INFO - Connected to MQTT broker!
2026-02-10 17:58:31,958 - MQTTHandler - INFO - MQTT loop started
2026-02-10 17:58:32,958 - SmartRoom - INFO - [2/5] Starting Data Collector...
2026-02-10 17:58:32,959 - DataCollector - INFO - DataCollector started
2026-02-10 17:58:32,959 - DataCollector - INFO - DataCollector connected (rc=0)
2026-02-10 17:58:32,959 - SmartRoom - INFO - [3/5] Camera disabled
2026-02-10 17:58:32,960 - SmartRoom - INFO - [4/5] Starting Optimization Loop...
2026-02-10 17:58:32,960 - SmartRoom - INFO - Optimization loop started (interval=30s)
2026-02-10 17:58:32,960 - SmartRoom - INFO - [5/5] System ready!
2026-02-10 17:58:32,961 - SmartRoom - INFO - All services started. Press Ctrl+C to stop.
2026-02-10 17:58:42,960 - SmartRoom - INFO - ========================================
2026-02-10 17:58:42,961 - SmartRoom - INFO - Running ML Optimization...
2026-02-10 17:58:42,961 - SmartRoom - INFO -   Occupancy: False | Persons: 0
2026-02-10 17:58:42,961 - SmartRoom - WARNING -   [AC] Sensor data stale, skipping
2026-02-10 17:58:42,961 - SmartRoom - WARNING -   [Lamp] Sensor data stale, skipping
2026-02-10 17:58:42,961 - SmartRoom - INFO - ========================================
2026-02-10 17:58:44,119 - SmartRoom - INFO - ========================================
2026-02-10 17:58:44,119 - SmartRoom - INFO - Running ML Optimization...
2026-02-10 17:58:44,119 - SmartRoom - INFO -   Occupancy: False | Persons: 0
2026-02-10 17:58:44,233 - ACGeneticOptimizer - INFO - GA Result: {'ac_temperature': 19, 'fan_speed': 2, 'duty_cycle': 0.0, 'should_turn_on': False, 'energy_score': np.float64(0.0), 'comfort_score': 1.0}
2026-02-10 17:58:44,234 - SmartRoom - INFO -   [AC] Temp:19C On:False
2026-02-10 17:58:44,234 - SmartRoom - INFO -   [Lamp] Brightness:0 On:False
2026-02-10 17:58:44,234 - SmartRoom - INFO - ========================================
2026-02-10 17:58:44,337 - SmartRoom - INFO - [Lamp Status] {'brightness_pwm': 0, 'brightness_percent': 0, 'mode': 'manual', 'status': 'off'}
2026-02-10 17:58:44,512 - SmartRoom - INFO - [AC Status] {'device': 'ac_controller', 'status': 'error', 'detail': 'No IR code for AC OFF', 'uptime': 9605, 'wifi_rssi': -60, 'ac_state': 'off', 'ac_temp': 24, 'ir_codes_learned': 0}
2026-02-10 17:59:12,962 - SmartRoom - INFO - ========================================
2026-02-10 17:59:12,962 - SmartRoom - INFO - Running ML Optimization...
2026-02-10 17:59:12,962 - SmartRoom - INFO -   Occupancy: False | Persons: 0
2026-02-10 17:59:12,962 - SmartRoom - WARNING -   [AC] Sensor data stale, skipping
2026-02-10 17:59:12,962 - SmartRoom - WARNING -   [Lamp] Sensor data stale, skipping
2026-02-10 17:59:12,962 - SmartRoom - INFO - ========================================
2026-02-10 17:59:14,234 - SmartRoom - INFO - ========================================
2026-02-10 17:59:14,235 - SmartRoom - INFO - Running ML Optimization...
2026-02-10 17:59:14,235 - SmartRoom - INFO -   Occupancy: False | Persons: 0
2026-02-10 17:59:14,351 - ACGeneticOptimizer - INFO - GA Result: {'ac_temperature': 23, 'fan_speed': 2, 'duty_cycle': 0.0, 'should_turn_on': False, 'energy_score': np.float64(0.0), 'comfort_score': 1.0}
2026-02-10 17:59:14,351 - SmartRoom - INFO -   [AC] Temp:23C On:False
2026-02-10 17:59:14,352 - SmartRoom - INFO -   [Lamp] Brightness:0 On:False
2026-02-10 17:59:14,352 - SmartRoom - INFO - ========================================
2026-02-10 17:59:14,453 - SmartRoom - INFO - [AC Status] {'device': 'ac_controller', 'status': 'error', 'detail': 'No IR code for AC OFF', 'uptime': 9634, 'wifi_rssi': -65, 'ac_state': 'off', 'ac_temp': 24, 'ir_codes_learned': 0}
2026-02-10 17:59:14,453 - SmartRoom - INFO - [Lamp Status] {'brightness_pwm': 0, 'brightness_percent': 0, 'mode': 'manual', 'status': 'off'}
2026-02-10 17:59:25,101 - SmartRoom - INFO - STATUS | AC: 25.2C 70.6% | Lamp: 2lux br=0 | Cam: 0ppl | Opts: 373
2026-02-10 17:59:32,973 - SmartRoom - INFO - STATUS | AC: 0.0C 0.0% | Lamp: 0lux br=0 | Cam: 0ppl | Opts: 2
2026-02-10 17:59:42,962 - SmartRoom - INFO - ========================================
2026-02-10 17:59:42,963 - SmartRoom - INFO - Running ML Optimization...
2026-02-10 17:59:42,963 - SmartRoom - INFO -   Occupancy: False | Persons: 0
2026-02-10 17:59:42,963 - SmartRoom - WARNING -   [AC] Sensor data stale, skipping
2026-02-10 17:59:42,963 - SmartRoom - WARNING -   [Lamp] Sensor data stale, skipping
2026-02-10 17:59:42,963 - SmartRoom - INFO - ========================================
2026-02-10 17:59:44,353 - SmartRoom - INFO - ========================================
2026-02-10 17:59:44,353 - SmartRoom - INFO - Running ML Optimization...
2026-02-10 17:59:44,353 - SmartRoom - INFO -   Occupancy: False | Persons: 0
2026-02-10 17:59:44,473 - ACGeneticOptimizer - INFO - GA Result: {'ac_temperature': 26, 'fan_speed': 1, 'duty_cycle': 0.0, 'should_turn_on': False, 'energy_score': np.float64(0.0), 'comfort_score': 1.0}
2026-02-10 17:59:44,474 - SmartRoom - INFO -   [AC] Temp:26C On:False
2026-02-10 17:59:44,474 - SmartRoom - INFO -   [Lamp] Brightness:0 On:False
2026-02-10 17:59:44,474 - SmartRoom - INFO - ========================================
2026-02-10 17:59:44,521 - SmartRoom - INFO - [AC Status] {'device': 'ac_controller', 'status': 'error', 'detail': 'No IR code for AC OFF', 'uptime': 9665, 'wifi_rssi': -70, 'ac_state': 'off', 'ac_temp': 24, 'ir_codes_learned': 0}
2026-02-10 17:59:44,539 - SmartRoom - INFO - [Lamp Status] {'brightness_pwm': 0, 'brightness_percent': 0, 'mode': 'manual', 'status': 'off'}
2026-02-10 18:00:12,963 - SmartRoom - INFO - ========================================
2026-02-10 18:00:12,964 - SmartRoom - INFO - Running ML Optimization...
2026-02-10 18:00:12,964 - SmartRoom - INFO -   Occupancy: False | Persons: 0
2026-02-10 18:00:12,964 - SmartRoom - WARNING -   [AC] Sensor data stale, skipping
2026-02-10 18:00:12,964 - SmartRoom - WARNING -   [Lamp] Sensor data stale, skipping
2026-02-10 18:00:12,964 - SmartRoom - INFO - ========================================
2026-02-10 18:00:14,475 - SmartRoom - INFO - ========================================
2026-02-10 18:00:14,475 - SmartRoom - INFO - Running ML Optimization...
2026-02-10 18:00:14,475 - SmartRoom - INFO -   Occupancy: False | Persons: 0
2026-02-10 18:00:14,579 - ACGeneticOptimizer - INFO - GA Result: {'ac_temperature': 20, 'fan_speed': 2, 'duty_cycle': 0.0, 'should_turn_on': False, 'energy_score': np.float64(0.0), 'comfort_score': 1.0}
2026-02-10 18:00:14,579 - SmartRoom - INFO -   [AC] Temp:20C On:False
2026-02-10 18:00:14,580 - SmartRoom - INFO -   [Lamp] Brightness:0 On:False
2026-02-10 18:00:14,580 - SmartRoom - INFO - ========================================
2026-02-10 18:00:14,642 - SmartRoom - INFO - [AC Status] {'device': 'ac_controller', 'status': 'error', 'detail': 'No IR code for AC OFF', 'uptime': 9695, 'wifi_rssi': -68, 'ac_state': 'off', 'ac_temp': 24, 'ir_codes_learned': 0}
2026-02-10 18:00:14,642 - SmartRoom - INFO - [Lamp Status] {'brightness_pwm': 0, 'brightness_percent': 0, 'mode': 'manual', 'status': 'off'}
2026-02-10 18:00:25,106 - SmartRoom - INFO - STATUS | AC: 25.2C 70.7% | Lamp: 2lux br=0 | Cam: 0ppl | Opts: 375
2026-02-10 18:00:32,979 - SmartRoom - INFO - STATUS | AC: 0.0C 0.0% | Lamp: 0lux br=0 | Cam: 0ppl | Opts: 4
2026-02-10 18:00:42,964 - SmartRoom - INFO - ========================================
2026-02-10 18:00:42,965 - SmartRoom - INFO - Running ML Optimization...
2026-02-10 18:00:42,965 - SmartRoom - INFO -   Occupancy: False | Persons: 0
2026-02-10 18:00:42,965 - SmartRoom - WARNING -   [AC] Sensor data stale, skipping
2026-02-10 18:00:42,965 - SmartRoom - WARNING -   [Lamp] Sensor data stale, skipping
2026-02-10 18:00:42,965 - SmartRoom - INFO - ========================================
2026-02-10 18:00:44,580 - SmartRoom - INFO - ========================================
2026-02-10 18:00:44,580 - SmartRoom - INFO - Running ML Optimization...
2026-02-10 18:00:44,581 - SmartRoom - INFO -   Occupancy: False | Persons: 0
2026-02-10 18:00:44,684 - ACGeneticOptimizer - INFO - GA Result: {'ac_temperature': 26, 'fan_speed': 1, 'duty_cycle': 0.0, 'should_turn_on': False, 'energy_score': np.float64(0.0), 'comfort_score': 1.0}
2026-02-10 18:00:44,684 - SmartRoom - INFO -   [AC] Temp:26C On:False
2026-02-10 18:00:44,684 - SmartRoom - INFO -   [Lamp] Brightness:0 On:False
2026-02-10 18:00:44,685 - SmartRoom - INFO - ========================================
2026-02-10 18:00:44,748 - SmartRoom - INFO - [AC Status] {'device': 'ac_controller', 'status': 'error', 'detail': 'No IR code for AC OFF', 'uptime': 9725, 'wifi_rssi': -67, 'ac_state': 'off', 'ac_temp': 24, 'ir_codes_learned': 0}
2026-02-10 18:00:44,749 - SmartRoom - INFO - [Lamp Status] {'brightness_pwm': 0, 'brightness_percent': 0, 'mode': 'manual', 'status': 'off'}
2026-02-10 18:01:12,966 - SmartRoom - INFO - ========================================
2026-02-10 18:01:12,966 - SmartRoom - INFO - Running ML Optimization...
2026-02-10 18:01:12,966 - SmartRoom - INFO -   Occupancy: False | Persons: 0
2026-02-10 18:01:12,966 - SmartRoom - WARNING -   [AC] Sensor data stale, skipping
2026-02-10 18:01:12,966 - SmartRoom - WARNING -   [Lamp] Sensor data stale, skipping
2026-02-10 18:01:12,966 - SmartRoom - INFO - ========================================
2026-02-10 18:01:14,685 - SmartRoom - INFO - ========================================
2026-02-10 18:01:14,685 - SmartRoom - INFO - Running ML Optimization...
2026-02-10 18:01:14,685 - SmartRoom - INFO -   Occupancy: False | Persons: 0
2026-02-10 18:01:14,810 - ACGeneticOptimizer - INFO - GA Result: {'ac_temperature': 30, 'fan_speed': 1, 'duty_cycle': 0.0, 'should_turn_on': False, 'energy_score': np.float64(0.0), 'comfort_score': 1.0}
2026-02-10 18:01:14,811 - SmartRoom - INFO -   [AC] Temp:30C On:False
2026-02-10 18:01:14,811 - SmartRoom - INFO -   [Lamp] Brightness:0 On:False
2026-02-10 18:01:14,811 - SmartRoom - INFO - ========================================
2026-02-10 18:01:14,972 - SmartRoom - INFO - [AC Status] {'device': 'ac_controller', 'status': 'error', 'detail': 'No IR code for AC OFF', 'uptime': 9755, 'wifi_rssi': -63, 'ac_state': 'off', 'ac_temp': 24, 'ir_codes_learned': 0}
2026-02-10 18:01:15,660 - SmartRoom - INFO - [Lamp Status] {'brightness_pwm': 0, 'brightness_percent': 0, 'mode': 'manual', 'status': 'off'}
2026-02-10 18:01:25,113 - SmartRoom - INFO - STATUS | AC: 25.3C 70.7% | Lamp: 2lux br=0 | Cam: 0ppl | Opts: 377
2026-02-10 18:01:32,987 - SmartRoom - INFO - STATUS | AC: 0.0C 0.0% | Lamp: 0lux br=0 | Cam: 0ppl | Opts: 6
2026-02-10 18:01:42,967 - SmartRoom - INFO - ========================================
2026-02-10 18:01:42,967 - SmartRoom - INFO - Running ML Optimization...
2026-02-10 18:01:42,967 - SmartRoom - INFO -   Occupancy: False | Persons: 0
2026-02-10 18:01:42,967 - SmartRoom - WARNING -   [AC] Sensor data stale, skipping
2026-02-10 18:01:42,967 - SmartRoom - WARNING -   [Lamp] Sensor data stale, skipping
2026-02-10 18:01:42,967 - SmartRoom - INFO - ========================================
2026-02-10 18:01:44,811 - SmartRoom - INFO - ========================================
2026-02-10 18:01:44,812 - SmartRoom - INFO - Running ML Optimization...
2026-02-10 18:01:44,812 - SmartRoom - INFO -   Occupancy: False | Persons: 0
2026-02-10 18:01:44,923 - ACGeneticOptimizer - INFO - GA Result: {'ac_temperature': 16, 'fan_speed': 2, 'duty_cycle': 0.0, 'should_turn_on': False, 'energy_score': np.float64(0.0), 'comfort_score': 1.0}
2026-02-10 18:01:44,923 - SmartRoom - INFO -   [AC] Temp:16C On:False
2026-02-10 18:01:44,923 - SmartRoom - INFO -   [Lamp] Brightness:0 On:False
2026-02-10 18:01:44,923 - SmartRoom - INFO - ========================================
2026-02-10 18:01:45,042 - SmartRoom - INFO - [AC Status] {'device': 'ac_controller', 'status': 'error', 'detail': 'No IR code for AC OFF', 'uptime': 9785, 'wifi_rssi': -65, 'ac_state': 'off', 'ac_temp': 24, 'ir_codes_learned': 0}
2026-02-10 18:01:45,091 - SmartRoom - INFO - [Lamp Status] {'brightness_pwm': 0, 'brightness_percent': 0, 'mode': 'manual', 'status': 'off'}
2026-02-10 18:02:01,344 - SmartRoom - INFO - [AC Status] {'device': 'ac_controller', 'status': 'online', 'detail': 'AC Controller connected', 'uptime': 2, 'wifi_rssi': -63, 'ac_state': 'off', 'ac_temp': 24, 'ir_codes_learned': 0}
2026-02-10 18:02:12,968 - SmartRoom - INFO - ========================================
2026-02-10 18:02:12,968 - SmartRoom - INFO - Running ML Optimization...
2026-02-10 18:02:12,968 - SmartRoom - INFO -   Occupancy: False | Persons: 0
2026-02-10 18:02:12,968 - SmartRoom - WARNING -   [AC] Sensor data stale, skipping
2026-02-10 18:02:12,968 - SmartRoom - WARNING -   [Lamp] Sensor data stale, skipping
2026-02-10 18:02:12,968 - SmartRoom - INFO - ========================================
2026-02-10 18:02:14,924 - SmartRoom - INFO - ========================================
2026-02-10 18:02:14,924 - SmartRoom - INFO - Running ML Optimization...
2026-02-10 18:02:14,924 - SmartRoom - INFO -   Occupancy: False | Persons: 0
2026-02-10 18:02:15,038 - ACGeneticOptimizer - INFO - GA Result: {'ac_temperature': 26, 'fan_speed': 1, 'duty_cycle': 0.0, 'should_turn_on': False, 'energy_score': np.float64(0.0), 'comfort_score': 1.0}
2026-02-10 18:02:15,038 - SmartRoom - INFO -   [AC] Temp:26C On:False
2026-02-10 18:02:15,039 - SmartRoom - INFO -   [Lamp] Brightness:0 On:False
2026-02-10 18:02:15,039 - SmartRoom - INFO - ========================================
2026-02-10 18:02:15,099 - SmartRoom - INFO - [Lamp Status] {'brightness_pwm': 0, 'brightness_percent': 0, 'mode': 'manual', 'status': 'off'}
2026-02-10 18:02:15,154 - SmartRoom - INFO - [AC Status] {'device': 'ac_controller', 'status': 'error', 'detail': 'No IR code for AC OFF', 'uptime': 16, 'wifi_rssi': -60, 'ac_state': 'off', 'ac_temp': 24, 'ir_codes_learned': 0}
2026-02-10 18:02:25,118 - SmartRoom - INFO - STATUS | AC: 25.3C 70.4% | Lamp: 2lux br=0 | Cam: 0ppl | Opts: 379
2026-02-10 18:02:32,992 - SmartRoom - INFO - STATUS | AC: 0.0C 0.0% | Lamp: 0lux br=0 | Cam: 0ppl | Opts: 8
2026-02-10 18:02:42,969 - SmartRoom - INFO - ========================================
2026-02-10 18:02:42,969 - SmartRoom - INFO - Running ML Optimization...
2026-02-10 18:02:42,969 - SmartRoom - INFO -   Occupancy: False | Persons: 0
2026-02-10 18:02:42,969 - SmartRoom - WARNING -   [AC] Sensor data stale, skipping
2026-02-10 18:02:42,969 - SmartRoom - WARNING -   [Lamp] Sensor data stale, skipping
2026-02-10 18:02:42,970 - SmartRoom - INFO - ========================================
2026-02-10 18:02:45,039 - SmartRoom - INFO - ========================================
2026-02-10 18:02:45,039 - SmartRoom - INFO - Running ML Optimization...
2026-02-10 18:02:45,040 - SmartRoom - INFO -   Occupancy: False | Persons: 0
2026-02-10 18:02:45,159 - ACGeneticOptimizer - INFO - GA Result: {'ac_temperature': 28, 'fan_speed': 1, 'duty_cycle': 0.0, 'should_turn_on': False, 'energy_score': np.float64(0.0), 'comfort_score': 1.0}
2026-02-10 18:02:45,159 - SmartRoom - INFO -   [AC] Temp:28C On:False
2026-02-10 18:02:45,159 - SmartRoom - INFO -   [Lamp] Brightness:0 On:False
2026-02-10 18:02:45,160 - SmartRoom - INFO - ========================================
2026-02-10 18:02:45,465 - SmartRoom - INFO - [Lamp Status] {'brightness_pwm': 0, 'brightness_percent': 0, 'mode': 'manual', 'status': 'off'}
2026-02-10 18:02:45,499 - SmartRoom - INFO - [AC Status] {'device': 'ac_controller', 'status': 'error', 'detail': 'No IR code for AC OFF', 'uptime': 46, 'wifi_rssi': -67, 'ac_state': 'off', 'ac_temp': 24, 'ir_codes_learned': 0}
2026-02-10 18:03:12,970 - SmartRoom - INFO - ========================================
2026-02-10 18:03:12,971 - SmartRoom - INFO - Running ML Optimization...
2026-02-10 18:03:12,971 - SmartRoom - INFO -   Occupancy: False | Persons: 0
2026-02-10 18:03:12,971 - SmartRoom - WARNING -   [AC] Sensor data stale, skipping
2026-02-10 18:03:12,971 - SmartRoom - WARNING -   [Lamp] Sensor data stale, skipping
2026-02-10 18:03:12,971 - SmartRoom - INFO - ========================================
2026-02-10 18:03:15,160 - SmartRoom - INFO - ========================================
2026-02-10 18:03:15,160 - SmartRoom - INFO - Running ML Optimization...
2026-02-10 18:03:15,160 - SmartRoom - INFO -   Occupancy: False | Persons: 0
2026-02-10 18:03:15,279 - ACGeneticOptimizer - INFO - GA Result: {'ac_temperature': 22, 'fan_speed': 2, 'duty_cycle': 0.0, 'should_turn_on': False, 'energy_score': np.float64(0.0), 'comfort_score': 1.0}
2026-02-10 18:03:15,279 - SmartRoom - INFO -   [AC] Temp:22C On:False
2026-02-10 18:03:15,279 - SmartRoom - INFO -   [Lamp] Brightness:0 On:False
2026-02-10 18:03:15,279 - SmartRoom - INFO - ========================================
2026-02-10 18:03:15,359 - SmartRoom - INFO - [AC Status] {'device': 'ac_controller', 'status': 'error', 'detail': 'No IR code for AC OFF', 'uptime': 76, 'wifi_rssi': -61, 'ac_state': 'off', 'ac_temp': 24, 'ir_codes_learned': 0}
2026-02-10 18:03:15,369 - SmartRoom - INFO - [Lamp Status] {'brightness_pwm': 0, 'brightness_percent': 0, 'mode': 'manual', 'status': 'off'}
2026-02-10 18:03:25,131 - SmartRoom - INFO - STATUS | AC: 25.3C 70.7% | Lamp: 2lux br=0 | Cam: 0ppl | Opts: 381
2026-02-10 18:03:32,997 - SmartRoom - INFO - STATUS | AC: 0.0C 0.0% | Lamp: 0lux br=0 | Cam: 0ppl | Opts: 10
2026-02-10 18:03:42,972 - SmartRoom - INFO - ========================================
2026-02-10 18:03:42,972 - SmartRoom - INFO - Running ML Optimization...
2026-02-10 18:03:42,972 - SmartRoom - INFO -   Occupancy: False | Persons: 0
2026-02-10 18:03:42,972 - SmartRoom - WARNING -   [AC] Sensor data stale, skipping
2026-02-10 18:03:42,972 - SmartRoom - WARNING -   [Lamp] Sensor data stale, skipping
2026-02-10 18:03:42,973 - SmartRoom - INFO - ========================================
2026-02-10 18:03:45,280 - SmartRoom - INFO - ========================================
2026-02-10 18:03:45,280 - SmartRoom - INFO - Running ML Optimization...
2026-02-10 18:03:45,280 - SmartRoom - INFO -   Occupancy: False | Persons: 0
2026-02-10 18:03:45,386 - ACGeneticOptimizer - INFO - GA Result: {'ac_temperature': 20, 'fan_speed': 2, 'duty_cycle': 0.0, 'should_turn_on': False, 'energy_score': np.float64(0.0), 'comfort_score': 1.0}
2026-02-10 18:03:45,386 - SmartRoom - INFO -   [AC] Temp:20C On:False
2026-02-10 18:03:45,387 - SmartRoom - INFO -   [Lamp] Brightness:0 On:False
2026-02-10 18:03:45,387 - SmartRoom - INFO - ========================================
2026-02-10 18:03:47,905 - SmartRoom - INFO - [AC Status] {'device': 'ac_controller', 'status': 'error', 'detail': 'No IR code for AC OFF', 'uptime': 106, 'wifi_rssi': -55, 'ac_state': 'off', 'ac_temp': 24, 'ir_codes_learned': 0}
2026-02-10 18:03:51,732 - SmartRoom - INFO - [Lamp Status] {'brightness_pwm': 0, 'brightness_percent': 0, 'mode': 'manual', 'status': 'off'}
2026-02-10 18:04:12,974 - SmartRoom - INFO - ========================================
2026-02-10 18:04:12,974 - SmartRoom - INFO - Running ML Optimization...
2026-02-10 18:04:12,974 - SmartRoom - INFO -   Occupancy: False | Persons: 0
2026-02-10 18:04:12,974 - SmartRoom - WARNING -   [AC] Sensor data stale, skipping
2026-02-10 18:04:12,974 - SmartRoom - WARNING -   [Lamp] Sensor data stale, skipping
2026-02-10 18:04:12,975 - SmartRoom - INFO - ========================================
2026-02-10 18:04:15,387 - SmartRoom - INFO - ========================================
2026-02-10 18:04:15,388 - SmartRoom - INFO - Running ML Optimization...
2026-02-10 18:04:15,388 - SmartRoom - INFO -   Occupancy: False | Persons: 0
2026-02-10 18:04:15,506 - ACGeneticOptimizer - INFO - GA Result: {'ac_temperature': 27, 'fan_speed': 2, 'duty_cycle': 0.0, 'should_turn_on': False, 'energy_score': np.float64(0.0), 'comfort_score': 1.0}
2026-02-10 18:04:15,506 - SmartRoom - INFO -   [AC] Temp:27C On:False
2026-02-10 18:04:15,506 - SmartRoom - INFO -   [Lamp] Brightness:0 On:False
2026-02-10 18:04:15,507 - SmartRoom - INFO - ========================================
2026-02-10 18:04:15,569 - SmartRoom - INFO - [AC Status] {'device': 'ac_controller', 'status': 'error', 'detail': 'No IR code for AC OFF', 'uptime': 136, 'wifi_rssi': -62, 'ac_state': 'off', 'ac_temp': 24, 'ir_codes_learned': 0}
2026-02-10 18:04:15,586 - SmartRoom - INFO - [Lamp Status] {'brightness_pwm': 0, 'brightness_percent': 0, 'mode': 'manual', 'status': 'off'}
2026-02-10 18:04:25,136 - SmartRoom - INFO - STATUS | AC: 25.3C 70.6% | Lamp: 2lux br=0 | Cam: 0ppl | Opts: 383
2026-02-10 18:04:33,002 - SmartRoom - INFO - STATUS | AC: 0.0C 0.0% | Lamp: 0lux br=0 | Cam: 0ppl | Opts: 12
2026-02-10 18:04:42,975 - SmartRoom - INFO - ========================================
2026-02-10 18:04:42,975 - SmartRoom - INFO - Running ML Optimization...
2026-02-10 18:04:42,975 - SmartRoom - INFO -   Occupancy: False | Persons: 0
2026-02-10 18:04:42,975 - SmartRoom - WARNING -   [AC] Sensor data stale, skipping
2026-02-10 18:04:42,976 - SmartRoom - WARNING -   [Lamp] Sensor data stale, skipping
2026-02-10 18:04:42,976 - SmartRoom - INFO - ========================================
2026-02-10 18:04:45,507 - SmartRoom - INFO - ========================================
2026-02-10 18:04:45,507 - SmartRoom - INFO - Running ML Optimization...
2026-02-10 18:04:45,507 - SmartRoom - INFO -   Occupancy: False | Persons: 0
2026-02-10 18:04:45,614 - ACGeneticOptimizer - INFO - GA Result: {'ac_temperature': 24, 'fan_speed': 2, 'duty_cycle': 0.0, 'should_turn_on': False, 'energy_score': np.float64(0.0), 'comfort_score': 1.0}
2026-02-10 18:04:45,614 - SmartRoom - INFO -   [AC] Temp:24C On:False
2026-02-10 18:04:45,615 - SmartRoom - INFO -   [Lamp] Brightness:0 On:False
2026-02-10 18:04:45,615 - SmartRoom - INFO - ========================================
2026-02-10 18:04:45,692 - SmartRoom - INFO - [AC Status] {'device': 'ac_controller', 'status': 'error', 'detail': 'No IR code for AC OFF', 'uptime': 166, 'wifi_rssi': -62, 'ac_state': 'off', 'ac_temp': 24, 'ir_codes_learned': 0}
2026-02-10 18:04:45,801 - SmartRoom - INFO - [Lamp Status] {'brightness_pwm': 0, 'brightness_percent': 0, 'mode': 'manual', 'status': 'off'}
2026-02-10 18:05:12,976 - SmartRoom - INFO - ========================================
2026-02-10 18:05:12,976 - SmartRoom - INFO - Running ML Optimization...
2026-02-10 18:05:12,976 - SmartRoom - INFO -   Occupancy: False | Persons: 0
2026-02-10 18:05:12,976 - SmartRoom - WARNING -   [AC] Sensor data stale, skipping
2026-02-10 18:05:12,976 - SmartRoom - WARNING -   [Lamp] Sensor data stale, skipping
2026-02-10 18:05:12,977 - SmartRoom - INFO - ========================================
2026-02-10 18:05:15,615 - SmartRoom - INFO - ========================================
2026-02-10 18:05:15,615 - SmartRoom - INFO - Running ML Optimization...
2026-02-10 18:05:15,615 - SmartRoom - INFO -   Occupancy: False | Persons: 0
2026-02-10 18:05:15,703 - ACGeneticOptimizer - INFO - GA Result: {'ac_temperature': 25, 'fan_speed': 3, 'duty_cycle': 0.0, 'should_turn_on': False, 'energy_score': np.float64(0.0), 'comfort_score': 1.0}
2026-02-10 18:05:15,703 - SmartRoom - INFO -   [AC] Temp:25C On:False
2026-02-10 18:05:15,704 - SmartRoom - INFO -   [Lamp] Brightness:0 On:False
2026-02-10 18:05:15,704 - SmartRoom - INFO - ========================================
2026-02-10 18:05:15,748 - SmartRoom - INFO - [AC Status] {'device': 'ac_controller', 'status': 'error', 'detail': 'No IR code for AC OFF', 'uptime': 196, 'wifi_rssi': -59, 'ac_state': 'off', 'ac_temp': 24, 'ir_codes_learned': 0}
2026-02-10 18:05:15,793 - SmartRoom - INFO - [Lamp Status] {'brightness_pwm': 0, 'brightness_percent': 0, 'mode': 'manual', 'status': 'off'}
2026-02-10 18:05:25,141 - SmartRoom - INFO - STATUS | AC: 25.3C 70.6% | Lamp: 2lux br=0 | Cam: 0ppl | Opts: 385
2026-02-10 18:05:33,007 - SmartRoom - INFO - STATUS | AC: 0.0C 0.0% | Lamp: 0lux br=0 | Cam: 0ppl | Opts: 14
2026-02-10 18:05:42,977 - SmartRoom - INFO - ========================================
2026-02-10 18:05:42,982 - SmartRoom - INFO - Running ML Optimization...
2026-02-10 18:05:42,983 - SmartRoom - INFO -   Occupancy: False | Persons: 0
2026-02-10 18:05:42,983 - SmartRoom - WARNING -   [AC] Sensor data stale, skipping
2026-02-10 18:05:42,983 - SmartRoom - WARNING -   [Lamp] Sensor data stale, skipping
2026-02-10 18:05:42,984 - SmartRoom - INFO - ========================================
2026-02-10 18:05:45,704 - SmartRoom - INFO - ========================================
2026-02-10 18:05:45,704 - SmartRoom - INFO - Running ML Optimization...
2026-02-10 18:05:45,704 - SmartRoom - INFO -   Occupancy: False | Persons: 0
2026-02-10 18:05:45,786 - ACGeneticOptimizer - INFO - GA Result: {'ac_temperature': 20, 'fan_speed': 2, 'duty_cycle': 0.0, 'should_turn_on': False, 'energy_score': np.float64(0.0), 'comfort_score': 1.0}
2026-02-10 18:05:45,787 - SmartRoom - INFO -   [AC] Temp:20C On:False
2026-02-10 18:05:45,787 - SmartRoom - INFO -   [Lamp] Brightness:0 On:False
2026-02-10 18:05:45,787 - SmartRoom - INFO - ========================================
2026-02-10 18:05:45,906 - SmartRoom - INFO - [Lamp Status] {'brightness_pwm': 0, 'brightness_percent': 0, 'mode': 'manual', 'status': 'off'}
2026-02-10 18:05:46,238 - SmartRoom - INFO - [AC Status] {'device': 'ac_controller', 'status': 'error', 'detail': 'No IR code for AC OFF', 'uptime': 227, 'wifi_rssi': -62, 'ac_state': 'off', 'ac_temp': 24, 'ir_codes_learned': 0}
2026-02-10 18:06:12,984 - SmartRoom - INFO - ========================================
2026-02-10 18:06:12,985 - SmartRoom - INFO - Running ML Optimization...
2026-02-10 18:06:12,985 - SmartRoom - INFO -   Occupancy: False | Persons: 0
2026-02-10 18:06:12,985 - SmartRoom - WARNING -   [AC] Sensor data stale, skipping
2026-02-10 18:06:12,985 - SmartRoom - WARNING -   [Lamp] Sensor data stale, skipping
2026-02-10 18:06:12,986 - SmartRoom - INFO - ========================================
2026-02-10 18:06:15,788 - SmartRoom - INFO - ========================================
2026-02-10 18:06:15,788 - SmartRoom - INFO - Running ML Optimization...
2026-02-10 18:06:15,788 - SmartRoom - INFO -   Occupancy: False | Persons: 0
2026-02-10 18:06:15,915 - ACGeneticOptimizer - INFO - GA Result: {'ac_temperature': 24, 'fan_speed': 1, 'duty_cycle': 0.0, 'should_turn_on': False, 'energy_score': np.float64(0.0), 'comfort_score': 1.0}
2026-02-10 18:06:15,915 - SmartRoom - INFO -   [AC] Temp:24C On:False
2026-02-10 18:06:15,916 - SmartRoom - INFO -   [Lamp] Brightness:0 On:False
2026-02-10 18:06:15,916 - SmartRoom - INFO - ========================================
2026-02-10 18:06:15,990 - SmartRoom - INFO - [AC Status] {'device': 'ac_controller', 'status': 'error', 'detail': 'No IR code for AC OFF', 'uptime': 256, 'wifi_rssi': -59, 'ac_state': 'off', 'ac_temp': 24, 'ir_codes_learned': 0}
2026-02-10 18:06:16,001 - SmartRoom - INFO - [Lamp Status] {'brightness_pwm': 0, 'brightness_percent': 0, 'mode': 'manual', 'status': 'off'}
2026-02-10 18:06:25,146 - SmartRoom - INFO - STATUS | AC: 25.3C 70.6% | Lamp: 2lux br=0 | Cam: 0ppl | Opts: 387
2026-02-10 18:06:33,016 - SmartRoom - INFO - STATUS | AC: 0.0C 0.0% | Lamp: 0lux br=0 | Cam: 0ppl | Opts: 16
2026-02-10 18:06:42,986 - SmartRoom - INFO - ========================================
2026-02-10 18:06:42,988 - SmartRoom - INFO - Running ML Optimization...
2026-02-10 18:06:42,988 - SmartRoom - INFO -   Occupancy: False | Persons: 0
2026-02-10 18:06:42,988 - SmartRoom - WARNING -   [AC] Sensor data stale, skipping
2026-02-10 18:06:42,988 - SmartRoom - WARNING -   [Lamp] Sensor data stale, skipping
2026-02-10 18:06:42,988 - SmartRoom - INFO - ========================================
2026-02-10 18:06:45,916 - SmartRoom - INFO - ========================================
2026-02-10 18:06:45,916 - SmartRoom - INFO - Running ML Optimization...
2026-02-10 18:06:45,920 - SmartRoom - INFO -   Occupancy: False | Persons: 0
2026-02-10 18:06:46,039 - ACGeneticOptimizer - INFO - GA Result: {'ac_temperature': 30, 'fan_speed': 2, 'duty_cycle': 0.0, 'should_turn_on': False, 'energy_score': np.float64(0.0), 'comfort_score': 1.0}
2026-02-10 18:06:46,040 - SmartRoom - INFO -   [AC] Temp:30C On:False
2026-02-10 18:06:46,040 - SmartRoom - INFO -   [Lamp] Brightness:0 On:False
2026-02-10 18:06:46,041 - SmartRoom - INFO - ========================================
2026-02-10 18:06:46,189 - SmartRoom - INFO - [AC Status] {'device': 'ac_controller', 'status': 'error', 'detail': 'No IR code for AC OFF', 'uptime': 287, 'wifi_rssi': -59, 'ac_state': 'off', 'ac_temp': 24, 'ir_codes_learned': 0}
2026-02-10 18:06:46,321 - SmartRoom - INFO - [Lamp Status] {'brightness_pwm': 0, 'brightness_percent': 0, 'mode': 'manual', 'status': 'off'}
2026-02-10 18:07:12,989 - SmartRoom - INFO - ========================================
2026-02-10 18:07:12,989 - SmartRoom - INFO - Running ML Optimization...
2026-02-10 18:07:12,989 - SmartRoom - INFO -   Occupancy: False | Persons: 0
2026-02-10 18:07:12,989 - SmartRoom - WARNING -   [AC] Sensor data stale, skipping
2026-02-10 18:07:12,989 - SmartRoom - WARNING -   [Lamp] Sensor data stale, skipping
2026-02-10 18:07:12,989 - SmartRoom - INFO - ========================================
2026-02-10 18:07:16,041 - SmartRoom - INFO - ========================================
2026-02-10 18:07:16,041 - SmartRoom - INFO - Running ML Optimization...
2026-02-10 18:07:16,041 - SmartRoom - INFO -   Occupancy: False | Persons: 0
2026-02-10 18:07:16,163 - ACGeneticOptimizer - INFO - GA Result: {'ac_temperature': 28, 'fan_speed': 2, 'duty_cycle': 0.0, 'should_turn_on': False, 'energy_score': np.float64(0.0), 'comfort_score': 1.0}
2026-02-10 18:07:16,163 - SmartRoom - INFO -   [AC] Temp:28C On:False
2026-02-10 18:07:16,163 - SmartRoom - INFO -   [Lamp] Brightness:0 On:False
2026-02-10 18:07:16,164 - SmartRoom - INFO - ========================================
2026-02-10 18:07:16,208 - SmartRoom - INFO - [AC Status] {'device': 'ac_controller', 'status': 'error', 'detail': 'No IR code for AC OFF', 'uptime': 317, 'wifi_rssi': -59, 'ac_state': 'off', 'ac_temp': 24, 'ir_codes_learned': 0}
2026-02-10 18:07:16,211 - SmartRoom - INFO - [Lamp Status] {'brightness_pwm': 0, 'brightness_percent': 0, 'mode': 'manual', 'status': 'off'}
2026-02-10 18:07:25,156 - SmartRoom - INFO - STATUS | AC: 25.4C 70.7% | Lamp: 2lux br=0 | Cam: 0ppl | Opts: 389
2026-02-10 18:07:33,020 - SmartRoom - INFO - STATUS | AC: 0.0C 0.0% | Lamp: 0lux br=0 | Cam: 0ppl | Opts: 18
2026-02-10 18:07:42,990 - SmartRoom - INFO - ========================================
2026-02-10 18:07:42,990 - SmartRoom - INFO - Running ML Optimization...
2026-02-10 18:07:42,990 - SmartRoom - INFO -   Occupancy: False | Persons: 0
2026-02-10 18:07:42,990 - SmartRoom - WARNING -   [AC] Sensor data stale, skipping
2026-02-10 18:07:42,990 - SmartRoom - WARNING -   [Lamp] Sensor data stale, skipping
2026-02-10 18:07:42,990 - SmartRoom - INFO - ========================================
2026-02-10 18:07:46,164 - SmartRoom - INFO - ========================================
2026-02-10 18:07:46,164 - SmartRoom - INFO - Running ML Optimization...
2026-02-10 18:07:46,164 - SmartRoom - INFO -   Occupancy: False | Persons: 0
2026-02-10 18:07:46,282 - ACGeneticOptimizer - INFO - GA Result: {'ac_temperature': 29, 'fan_speed': 1, 'duty_cycle': 0.0, 'should_turn_on': False, 'energy_score': np.float64(0.0), 'comfort_score': 1.0}
2026-02-10 18:07:46,283 - SmartRoom - INFO -   [AC] Temp:29C On:False
2026-02-10 18:07:46,283 - SmartRoom - INFO -   [Lamp] Brightness:0 On:False
2026-02-10 18:07:46,283 - SmartRoom - INFO - ========================================
2026-02-10 18:07:46,324 - SmartRoom - INFO - [Lamp Status] {'brightness_pwm': 0, 'brightness_percent': 0, 'mode': 'manual', 'status': 'off'}
2026-02-10 18:07:47,363 - SmartRoom - INFO - [AC Status] {'device': 'ac_controller', 'status': 'online', 'detail': 'AC Controller connected', 'uptime': 1, 'wifi_rssi': -60, 'ac_state': 'off', 'ac_temp': 24, 'ir_codes_learned': 0}
2026-02-10 18:08:12,991 - SmartRoom - INFO - ========================================
2026-02-10 18:08:12,991 - SmartRoom - INFO - Running ML Optimization...
2026-02-10 18:08:12,991 - SmartRoom - INFO -   Occupancy: False | Persons: 0
2026-02-10 18:08:12,991 - SmartRoom - WARNING -   [AC] Sensor data stale, skipping
2026-02-10 18:08:12,991 - SmartRoom - WARNING -   [Lamp] Sensor data stale, skipping
2026-02-10 18:08:12,991 - SmartRoom - INFO - ========================================
2026-02-10 18:08:16,283 - SmartRoom - INFO - ========================================
2026-02-10 18:08:16,284 - SmartRoom - INFO - Running ML Optimization...
2026-02-10 18:08:16,284 - SmartRoom - INFO -   Occupancy: False | Persons: 0
2026-02-10 18:08:16,370 - ACGeneticOptimizer - INFO - GA Result: {'ac_temperature': 26, 'fan_speed': 1, 'duty_cycle': 0.0, 'should_turn_on': False, 'energy_score': np.float64(0.0), 'comfort_score': 1.0}
2026-02-10 18:08:16,371 - SmartRoom - INFO -   [AC] Temp:26C On:False
2026-02-10 18:08:16,371 - SmartRoom - INFO -   [Lamp] Brightness:0 On:False
2026-02-10 18:08:16,371 - SmartRoom - INFO - ========================================
2026-02-10 18:08:16,547 - SmartRoom - INFO - [AC Status] {'device': 'ac_controller', 'status': 'error', 'detail': 'No IR code for AC OFF', 'uptime': 30, 'wifi_rssi': -59, 'ac_state': 'off', 'ac_temp': 24, 'ir_codes_learned': 0}
2026-02-10 18:08:16,622 - SmartRoom - INFO - [Lamp Status] {'brightness_pwm': 0, 'brightness_percent': 0, 'mode': 'manual', 'status': 'off'}
2026-02-10 18:08:25,162 - SmartRoom - INFO - STATUS | AC: 25.4C 70.5% | Lamp: 2lux br=0 | Cam: 0ppl | Opts: 391
2026-02-10 18:08:33,025 - SmartRoom - INFO - STATUS | AC: 0.0C 0.0% | Lamp: 0lux br=0 | Cam: 0ppl | Opts: 20
2026-02-10 18:08:42,992 - SmartRoom - INFO - ========================================
2026-02-10 18:08:42,992 - SmartRoom - INFO - Running ML Optimization...
2026-02-10 18:08:42,992 - SmartRoom - INFO -   Occupancy: False | Persons: 0
2026-02-10 18:08:42,992 - SmartRoom - WARNING -   [AC] Sensor data stale, skipping
2026-02-10 18:08:42,992 - SmartRoom - WARNING -   [Lamp] Sensor data stale, skipping
2026-02-10 18:08:42,993 - SmartRoom - INFO - ========================================
2026-02-10 18:08:46,372 - SmartRoom - INFO - ========================================
2026-02-10 18:08:46,372 - SmartRoom - INFO - Running ML Optimization...
2026-02-10 18:08:46,372 - SmartRoom - INFO -   Occupancy: False | Persons: 0
2026-02-10 18:08:46,495 - ACGeneticOptimizer - INFO - GA Result: {'ac_temperature': 21, 'fan_speed': 1, 'duty_cycle': 0.0, 'should_turn_on': False, 'energy_score': np.float64(0.0), 'comfort_score': 1.0}
2026-02-10 18:08:46,495 - SmartRoom - INFO -   [AC] Temp:21C On:False
2026-02-10 18:08:46,496 - SmartRoom - INFO -   [Lamp] Brightness:0 On:False
2026-02-10 18:08:46,496 - SmartRoom - INFO - ========================================
2026-02-10 18:08:46,582 - SmartRoom - INFO - [AC Status] {'device': 'ac_controller', 'status': 'error', 'detail': 'No IR code for AC OFF', 'uptime': 60, 'wifi_rssi': -58, 'ac_state': 'off', 'ac_temp': 24, 'ir_codes_learned': 0}
2026-02-10 18:08:46,643 - SmartRoom - INFO - [Lamp Status] {'brightness_pwm': 0, 'brightness_percent': 0, 'mode': 'manual', 'status': 'off'}
2026-02-10 18:09:12,993 - SmartRoom - INFO - ========================================
2026-02-10 18:09:12,993 - SmartRoom - INFO - Running ML Optimization...
2026-02-10 18:09:12,993 - SmartRoom - INFO -   Occupancy: False | Persons: 0
2026-02-10 18:09:12,993 - SmartRoom - WARNING -   [AC] Sensor data stale, skipping
2026-02-10 18:09:12,993 - SmartRoom - WARNING -   [Lamp] Sensor data stale, skipping
2026-02-10 18:09:12,994 - SmartRoom - INFO - ========================================
2026-02-10 18:09:16,496 - SmartRoom - INFO - ========================================
2026-02-10 18:09:16,496 - SmartRoom - INFO - Running ML Optimization...
2026-02-10 18:09:16,496 - SmartRoom - INFO -   Occupancy: False | Persons: 0
2026-02-10 18:09:16,620 - ACGeneticOptimizer - INFO - GA Result: {'ac_temperature': 23, 'fan_speed': 3, 'duty_cycle': 0.0, 'should_turn_on': False, 'energy_score': np.float64(0.0), 'comfort_score': 1.0}
2026-02-10 18:09:16,620 - SmartRoom - INFO -   [AC] Temp:23C On:False
2026-02-10 18:09:16,620 - SmartRoom - INFO -   [Lamp] Brightness:0 On:False
2026-02-10 18:09:16,621 - SmartRoom - INFO - ========================================
2026-02-10 18:09:16,693 - SmartRoom - INFO - [AC Status] {'device': 'ac_controller', 'status': 'error', 'detail': 'No IR code for AC OFF', 'uptime': 90, 'wifi_rssi': -64, 'ac_state': 'off', 'ac_temp': 24, 'ir_codes_learned': 0}
2026-02-10 18:09:16,729 - SmartRoom - INFO - [Lamp Status] {'brightness_pwm': 0, 'brightness_percent': 0, 'mode': 'manual', 'status': 'off'}
2026-02-10 18:09:25,170 - SmartRoom - INFO - STATUS | AC: 25.4C 71.0% | Lamp: 2lux br=0 | Cam: 0ppl | Opts: 393
2026-02-10 18:09:33,029 - SmartRoom - INFO - STATUS | AC: 0.0C 0.0% | Lamp: 0lux br=0 | Cam: 0ppl | Opts: 22
2026-02-10 18:09:42,994 - SmartRoom - INFO - ========================================
2026-02-10 18:09:42,994 - SmartRoom - INFO - Running ML Optimization...
2026-02-10 18:09:42,994 - SmartRoom - INFO -   Occupancy: False | Persons: 0
2026-02-10 18:09:42,994 - SmartRoom - WARNING -   [AC] Sensor data stale, skipping
2026-02-10 18:09:42,994 - SmartRoom - WARNING -   [Lamp] Sensor data stale, skipping
2026-02-10 18:09:42,995 - SmartRoom - INFO - ========================================
2026-02-10 18:09:46,621 - SmartRoom - INFO - ========================================
2026-02-10 18:09:46,621 - SmartRoom - INFO - Running ML Optimization...
2026-02-10 18:09:46,621 - SmartRoom - INFO -   Occupancy: False | Persons: 0
2026-02-10 18:09:46,730 - ACGeneticOptimizer - INFO - GA Result: {'ac_temperature': 27, 'fan_speed': 2, 'duty_cycle': 0.0, 'should_turn_on': False, 'energy_score': np.float64(0.0), 'comfort_score': 1.0}
2026-02-10 18:09:46,730 - SmartRoom - INFO -   [AC] Temp:27C On:False
2026-02-10 18:09:46,731 - SmartRoom - INFO -   [Lamp] Brightness:0 On:False
2026-02-10 18:09:46,731 - SmartRoom - INFO - ========================================
2026-02-10 18:09:46,784 - SmartRoom - INFO - [AC Status] {'device': 'ac_controller', 'status': 'error', 'detail': 'No IR code for AC OFF', 'uptime': 121, 'wifi_rssi': -60, 'ac_state': 'off', 'ac_temp': 24, 'ir_codes_learned': 0}
2026-02-10 18:09:46,827 - SmartRoom - INFO - [Lamp Status] {'brightness_pwm': 0, 'brightness_percent': 0, 'mode': 'manual', 'status': 'off'}
2026-02-10 18:10:12,995 - SmartRoom - INFO - ========================================
2026-02-10 18:10:12,995 - SmartRoom - INFO - Running ML Optimization...
2026-02-10 18:10:12,996 - SmartRoom - INFO -   Occupancy: False | Persons: 0
2026-02-10 18:10:12,996 - SmartRoom - WARNING -   [AC] Sensor data stale, skipping
2026-02-10 18:10:12,996 - SmartRoom - WARNING -   [Lamp] Sensor data stale, skipping
2026-02-10 18:10:12,996 - SmartRoom - INFO - ========================================
2026-02-10 18:10:16,731 - SmartRoom - INFO - ========================================
2026-02-10 18:10:16,731 - SmartRoom - INFO - Running ML Optimization...
2026-02-10 18:10:16,731 - SmartRoom - INFO -   Occupancy: False | Persons: 0
2026-02-10 18:10:16,859 - ACGeneticOptimizer - INFO - GA Result: {'ac_temperature': 23, 'fan_speed': 2, 'duty_cycle': 0.0, 'should_turn_on': False, 'energy_score': np.float64(0.0), 'comfort_score': 1.0}
2026-02-10 18:10:16,859 - SmartRoom - INFO -   [AC] Temp:23C On:False
2026-02-10 18:10:16,860 - SmartRoom - INFO -   [Lamp] Brightness:0 On:False
2026-02-10 18:10:16,860 - SmartRoom - INFO - ========================================
2026-02-10 18:10:16,904 - SmartRoom - INFO - [Lamp Status] {'brightness_pwm': 0, 'brightness_percent': 0, 'mode': 'manual', 'status': 'off'}
2026-02-10 18:10:17,092 - SmartRoom - INFO - [AC Status] {'device': 'ac_controller', 'status': 'error', 'detail': 'No IR code for AC OFF', 'uptime': 151, 'wifi_rssi': -61, 'ac_state': 'off', 'ac_temp': 24, 'ir_codes_learned': 0}
2026-02-10 18:10:25,174 - SmartRoom - INFO - STATUS | AC: 25.4C 70.6% | Lamp: 2lux br=0 | Cam: 0ppl | Opts: 395
2026-02-10 18:10:33,034 - SmartRoom - INFO - STATUS | AC: 0.0C 0.0% | Lamp: 0lux br=0 | Cam: 0ppl | Opts: 24
2026-02-10 18:10:42,996 - SmartRoom - INFO - ========================================
2026-02-10 18:10:42,997 - SmartRoom - INFO - Running ML Optimization...
2026-02-10 18:10:42,997 - SmartRoom - INFO -   Occupancy: False | Persons: 0
2026-02-10 18:10:42,997 - SmartRoom - WARNING -   [AC] Sensor data stale, skipping
2026-02-10 18:10:42,997 - SmartRoom - WARNING -   [Lamp] Sensor data stale, skipping
2026-02-10 18:10:42,997 - SmartRoom - INFO - ========================================
2026-02-10 18:10:46,860 - SmartRoom - INFO - ========================================
2026-02-10 18:10:46,860 - SmartRoom - INFO - Running ML Optimization...
2026-02-10 18:10:46,860 - SmartRoom - INFO -   Occupancy: False | Persons: 0
2026-02-10 18:10:46,982 - ACGeneticOptimizer - INFO - GA Result: {'ac_temperature': 17, 'fan_speed': 1, 'duty_cycle': 0.0, 'should_turn_on': False, 'energy_score': np.float64(0.0), 'comfort_score': 1.0}
2026-02-10 18:10:46,982 - SmartRoom - INFO -   [AC] Temp:17C On:False
2026-02-10 18:10:46,982 - SmartRoom - INFO -   [Lamp] Brightness:0 On:False
2026-02-10 18:10:46,983 - SmartRoom - INFO - ========================================
2026-02-10 18:10:47,040 - SmartRoom - INFO - [AC Status] {'device': 'ac_controller', 'status': 'error', 'detail': 'No IR code for AC OFF', 'uptime': 181, 'wifi_rssi': -62, 'ac_state': 'off', 'ac_temp': 24, 'ir_codes_learned': 0}
2026-02-10 18:10:47,057 - SmartRoom - INFO - [Lamp Status] {'brightness_pwm': 0, 'brightness_percent': 0, 'mode': 'manual', 'status': 'off'}
2026-02-10 18:11:00,856 - SmartRoom - INFO - [AC Status] {'device': 'ac_controller', 'status': 'online', 'detail': 'AC Controller connected', 'uptime': 2, 'wifi_rssi': -60, 'ac_state': 'off', 'ac_temp': 24, 'ir_codes_learned': 0}
2026-02-10 18:11:12,998 - SmartRoom - INFO - ========================================
2026-02-10 18:11:12,998 - SmartRoom - INFO - Running ML Optimization...
2026-02-10 18:11:12,998 - SmartRoom - INFO -   Occupancy: False | Persons: 0
2026-02-10 18:11:12,998 - SmartRoom - WARNING -   [AC] Sensor data stale, skipping
2026-02-10 18:11:12,998 - SmartRoom - WARNING -   [Lamp] Sensor data stale, skipping
2026-02-10 18:11:12,998 - SmartRoom - INFO - ========================================
2026-02-10 18:11:16,983 - SmartRoom - INFO - ========================================
2026-02-10 18:11:16,984 - SmartRoom - INFO - Running ML Optimization...
2026-02-10 18:11:16,984 - SmartRoom - INFO -   Occupancy: False | Persons: 0
2026-02-10 18:11:17,141 - ACGeneticOptimizer - INFO - GA Result: {'ac_temperature': 28, 'fan_speed': 3, 'duty_cycle': 0.0, 'should_turn_on': False, 'energy_score': np.float64(0.0), 'comfort_score': 1.0}
2026-02-10 18:11:17,141 - SmartRoom - INFO -   [AC] Temp:28C On:False
2026-02-10 18:11:17,143 - SmartRoom - INFO -   [Lamp] Brightness:0 On:False
2026-02-10 18:11:17,143 - SmartRoom - INFO - ========================================
2026-02-10 18:11:17,287 - SmartRoom - INFO - [AC Status] {'device': 'ac_controller', 'status': 'error', 'detail': 'No IR code for AC OFF', 'uptime': 18, 'wifi_rssi': -57, 'ac_state': 'off', 'ac_temp': 24, 'ir_codes_learned': 0}
2026-02-10 18:11:17,384 - SmartRoom - INFO - [Lamp Status] {'brightness_pwm': 0, 'brightness_percent': 0, 'mode': 'manual', 'status': 'off'}
2026-02-10 18:11:25,180 - SmartRoom - INFO - STATUS | AC: 25.4C 70.4% | Lamp: 0lux br=0 | Cam: 0ppl | Opts: 397
2026-02-10 18:11:33,043 - SmartRoom - INFO - STATUS | AC: 0.0C 0.0% | Lamp: 0lux br=0 | Cam: 0ppl | Opts: 26
2026-02-10 18:11:42,998 - SmartRoom - INFO - ========================================
2026-02-10 18:11:42,999 - SmartRoom - INFO - Running ML Optimization...
2026-02-10 18:11:42,999 - SmartRoom - INFO -   Occupancy: False | Persons: 0
2026-02-10 18:11:42,999 - SmartRoom - WARNING -   [AC] Sensor data stale, skipping
2026-02-10 18:11:42,999 - SmartRoom - WARNING -   [Lamp] Sensor data stale, skipping
2026-02-10 18:11:42,999 - SmartRoom - INFO - ========================================
2026-02-10 18:11:47,143 - SmartRoom - INFO - ========================================
2026-02-10 18:11:47,144 - SmartRoom - INFO - Running ML Optimization...
2026-02-10 18:11:47,144 - SmartRoom - INFO -   Occupancy: False | Persons: 0
2026-02-10 18:11:47,269 - ACGeneticOptimizer - INFO - GA Result: {'ac_temperature': 26, 'fan_speed': 1, 'duty_cycle': 0.0, 'should_turn_on': False, 'energy_score': np.float64(0.0), 'comfort_score': 1.0}
2026-02-10 18:11:47,270 - SmartRoom - INFO -   [AC] Temp:26C On:False
2026-02-10 18:11:47,271 - SmartRoom - INFO -   [Lamp] Brightness:0 On:False
2026-02-10 18:11:47,271 - SmartRoom - INFO - ========================================
2026-02-10 18:11:47,315 - SmartRoom - INFO - [AC Status] {'device': 'ac_controller', 'status': 'error', 'detail': 'No IR code for AC OFF', 'uptime': 48, 'wifi_rssi': -58, 'ac_state': 'off', 'ac_temp': 24, 'ir_codes_learned': 0}
2026-02-10 18:11:47,391 - SmartRoom - INFO - [Lamp Status] {'brightness_pwm': 0, 'brightness_percent': 0, 'mode': 'manual', 'status': 'off'}
2026-02-10 18:12:12,999 - SmartRoom - INFO - ========================================
2026-02-10 18:12:13,000 - SmartRoom - INFO - Running ML Optimization...
2026-02-10 18:12:13,000 - SmartRoom - INFO -   Occupancy: False | Persons: 0
2026-02-10 18:12:13,000 - SmartRoom - WARNING -   [AC] Sensor data stale, skipping
2026-02-10 18:12:13,000 - SmartRoom - WARNING -   [Lamp] Sensor data stale, skipping
2026-02-10 18:12:13,000 - SmartRoom - INFO - ========================================
2026-02-10 18:12:17,271 - SmartRoom - INFO - ========================================
2026-02-10 18:12:17,272 - SmartRoom - INFO - Running ML Optimization...
2026-02-10 18:12:17,272 - SmartRoom - INFO -   Occupancy: False | Persons: 0
2026-02-10 18:12:17,387 - ACGeneticOptimizer - INFO - GA Result: {'ac_temperature': 23, 'fan_speed': 1, 'duty_cycle': 0.0, 'should_turn_on': False, 'energy_score': np.float64(0.0), 'comfort_score': 1.0}
2026-02-10 18:12:17,388 - SmartRoom - INFO -   [AC] Temp:23C On:False
2026-02-10 18:12:17,388 - SmartRoom - INFO -   [Lamp] Brightness:0 On:False
2026-02-10 18:12:17,389 - SmartRoom - INFO - ========================================
2026-02-10 18:12:17,461 - SmartRoom - INFO - [AC Status] {'device': 'ac_controller', 'status': 'error', 'detail': 'No IR code for AC OFF', 'uptime': 78, 'wifi_rssi': -57, 'ac_state': 'off', 'ac_temp': 24, 'ir_codes_learned': 0}
2026-02-10 18:12:17,473 - SmartRoom - INFO - [Lamp Status] {'brightness_pwm': 0, 'brightness_percent': 0, 'mode': 'manual', 'status': 'off'}
2026-02-10 18:12:25,190 - SmartRoom - INFO - STATUS | AC: 25.4C 70.5% | Lamp: 0lux br=0 | Cam: 0ppl | Opts: 399
2026-02-10 18:12:33,047 - SmartRoom - INFO - STATUS | AC: 0.0C 0.0% | Lamp: 0lux br=0 | Cam: 0ppl | Opts: 28
2026-02-10 18:12:43,000 - SmartRoom - INFO - ========================================
2026-02-10 18:12:43,001 - SmartRoom - INFO - Running ML Optimization...
2026-02-10 18:12:43,001 - SmartRoom - INFO -   Occupancy: False | Persons: 0
2026-02-10 18:12:43,001 - SmartRoom - WARNING -   [AC] Sensor data stale, skipping
2026-02-10 18:12:43,001 - SmartRoom - WARNING -   [Lamp] Sensor data stale, skipping
2026-02-10 18:12:43,001 - SmartRoom - INFO - ========================================
2026-02-10 18:12:47,389 - SmartRoom - INFO - ========================================
2026-02-10 18:12:47,389 - SmartRoom - INFO - Running ML Optimization...
2026-02-10 18:12:47,389 - SmartRoom - INFO -   Occupancy: False | Persons: 0
2026-02-10 18:12:47,502 - ACGeneticOptimizer - INFO - GA Result: {'ac_temperature': 20, 'fan_speed': 3, 'duty_cycle': 0.0, 'should_turn_on': False, 'energy_score': np.float64(0.0), 'comfort_score': 1.0}
2026-02-10 18:12:47,503 - SmartRoom - INFO -   [AC] Temp:20C On:False
2026-02-10 18:12:47,503 - SmartRoom - INFO -   [Lamp] Brightness:0 On:False
2026-02-10 18:12:47,503 - SmartRoom - INFO - ========================================
2026-02-10 18:12:47,670 - SmartRoom - INFO - [Lamp Status] {'brightness_pwm': 0, 'brightness_percent': 0, 'mode': 'manual', 'status': 'off'}
2026-02-10 18:12:47,671 - SmartRoom - INFO - [AC Status] {'device': 'ac_controller', 'status': 'error', 'detail': 'No IR code for AC OFF', 'uptime': 108, 'wifi_rssi': -56, 'ac_state': 'off', 'ac_temp': 24, 'ir_codes_learned': 0}
2026-02-10 18:13:13,001 - SmartRoom - INFO - ========================================
2026-02-10 18:13:13,002 - SmartRoom - INFO - Running ML Optimization...
2026-02-10 18:13:13,002 - SmartRoom - INFO -   Occupancy: False | Persons: 0
2026-02-10 18:13:13,002 - SmartRoom - WARNING -   [AC] Sensor data stale, skipping
2026-02-10 18:13:13,002 - SmartRoom - WARNING -   [Lamp] Sensor data stale, skipping
2026-02-10 18:13:13,002 - SmartRoom - INFO - ========================================
2026-02-10 18:13:17,504 - SmartRoom - INFO - ========================================
2026-02-10 18:13:17,504 - SmartRoom - INFO - Running ML Optimization...
2026-02-10 18:13:17,504 - SmartRoom - INFO -   Occupancy: False | Persons: 0
2026-02-10 18:13:17,632 - ACGeneticOptimizer - INFO - GA Result: {'ac_temperature': 19, 'fan_speed': 3, 'duty_cycle': 0.0, 'should_turn_on': False, 'energy_score': np.float64(0.0), 'comfort_score': 1.0}
2026-02-10 18:13:17,632 - SmartRoom - INFO -   [AC] Temp:19C On:False
2026-02-10 18:13:17,633 - SmartRoom - INFO -   [Lamp] Brightness:0 On:False
2026-02-10 18:13:17,633 - SmartRoom - INFO - ========================================
2026-02-10 18:13:17,678 - SmartRoom - INFO - [AC Status] {'device': 'ac_controller', 'status': 'error', 'detail': 'No IR code for AC OFF', 'uptime': 139, 'wifi_rssi': -59, 'ac_state': 'off', 'ac_temp': 24, 'ir_codes_learned': 0}
2026-02-10 18:13:19,054 - SmartRoom - INFO - [Lamp Status] {'brightness_pwm': 0, 'brightness_percent': 0, 'mode': 'manual', 'status': 'off'}
2026-02-10 18:13:25,195 - SmartRoom - INFO - STATUS | AC: 25.3C 70.6% | Lamp: 0lux br=0 | Cam: 0ppl | Opts: 401
2026-02-10 18:13:33,055 - SmartRoom - INFO - STATUS | AC: 0.0C 0.0% | Lamp: 0lux br=0 | Cam: 0ppl | Opts: 30
2026-02-10 18:13:43,002 - SmartRoom - INFO - ========================================
2026-02-10 18:13:43,003 - SmartRoom - INFO - Running ML Optimization...
2026-02-10 18:13:43,003 - SmartRoom - INFO -   Occupancy: False | Persons: 0
2026-02-10 18:13:43,003 - SmartRoom - WARNING -   [AC] Sensor data stale, skipping
2026-02-10 18:13:43,003 - SmartRoom - WARNING -   [Lamp] Sensor data stale, skipping
2026-02-10 18:13:43,003 - SmartRoom - INFO - ========================================
2026-02-10 18:13:47,634 - SmartRoom - INFO - ========================================
2026-02-10 18:13:47,634 - SmartRoom - INFO - Running ML Optimization...
2026-02-10 18:13:47,634 - SmartRoom - INFO -   Occupancy: False | Persons: 0
2026-02-10 18:13:47,748 - ACGeneticOptimizer - INFO - GA Result: {'ac_temperature': 17, 'fan_speed': 3, 'duty_cycle': 0.0, 'should_turn_on': False, 'energy_score': np.float64(0.0), 'comfort_score': 1.0}
2026-02-10 18:13:47,748 - SmartRoom - INFO -   [AC] Temp:17C On:False
2026-02-10 18:13:47,749 - SmartRoom - INFO -   [Lamp] Brightness:0 On:False
2026-02-10 18:13:47,749 - SmartRoom - INFO - ========================================
2026-02-10 18:13:47,828 - SmartRoom - INFO - [Lamp Status] {'brightness_pwm': 0, 'brightness_percent': 0, 'mode': 'manual', 'status': 'off'}
2026-02-10 18:13:47,990 - SmartRoom - INFO - [AC Status] {'device': 'ac_controller', 'status': 'error', 'detail': 'No IR code for AC OFF', 'uptime': 169, 'wifi_rssi': -58, 'ac_state': 'off', 'ac_temp': 24, 'ir_codes_learned': 0}
2026-02-10 18:14:13,004 - SmartRoom - INFO - ========================================
2026-02-10 18:14:13,004 - SmartRoom - INFO - Running ML Optimization...
2026-02-10 18:14:13,004 - SmartRoom - INFO -   Occupancy: False | Persons: 0
2026-02-10 18:14:13,004 - SmartRoom - WARNING -   [AC] Sensor data stale, skipping
2026-02-10 18:14:13,004 - SmartRoom - WARNING -   [Lamp] Sensor data stale, skipping
2026-02-10 18:14:13,005 - SmartRoom - INFO - ========================================
2026-02-10 18:14:17,750 - SmartRoom - INFO - ========================================
2026-02-10 18:14:17,750 - SmartRoom - INFO - Running ML Optimization...
2026-02-10 18:14:17,750 - SmartRoom - INFO -   Occupancy: False | Persons: 0
2026-02-10 18:14:17,873 - ACGeneticOptimizer - INFO - GA Result: {'ac_temperature': 28, 'fan_speed': 3, 'duty_cycle': 0.0, 'should_turn_on': False, 'energy_score': np.float64(0.0), 'comfort_score': 1.0}
2026-02-10 18:14:17,873 - SmartRoom - INFO -   [AC] Temp:28C On:False
2026-02-10 18:14:17,874 - SmartRoom - INFO -   [Lamp] Brightness:0 On:False
2026-02-10 18:14:17,874 - SmartRoom - INFO - ========================================
2026-02-10 18:14:18,020 - SmartRoom - INFO - [AC Status] {'device': 'ac_controller', 'status': 'error', 'detail': 'No IR code for AC OFF', 'uptime': 199, 'wifi_rssi': -58, 'ac_state': 'off', 'ac_temp': 24, 'ir_codes_learned': 0}
2026-02-10 18:14:18,020 - SmartRoom - INFO - [Lamp Status] {'brightness_pwm': 0, 'brightness_percent': 0, 'mode': 'manual', 'status': 'off'}
2026-02-10 18:14:25,200 - SmartRoom - INFO - STATUS | AC: 25.3C 70.7% | Lamp: 0lux br=0 | Cam: 0ppl | Opts: 403
2026-02-10 18:14:33,061 - SmartRoom - INFO - STATUS | AC: 0.0C 0.0% | Lamp: 0lux br=0 | Cam: 0ppl | Opts: 32
2026-02-10 18:14:43,005 - SmartRoom - INFO - ========================================
2026-02-10 18:14:43,005 - SmartRoom - INFO - Running ML Optimization...
2026-02-10 18:14:43,005 - SmartRoom - INFO -   Occupancy: False | Persons: 0
2026-02-10 18:14:43,005 - SmartRoom - WARNING -   [AC] Sensor data stale, skipping
2026-02-10 18:14:43,005 - SmartRoom - WARNING -   [Lamp] Sensor data stale, skipping
2026-02-10 18:14:43,006 - SmartRoom - INFO - ========================================
2026-02-10 18:14:47,874 - SmartRoom - INFO - ========================================
2026-02-10 18:14:47,874 - SmartRoom - INFO - Running ML Optimization...
2026-02-10 18:14:47,874 - SmartRoom - INFO -   Occupancy: False | Persons: 0
2026-02-10 18:14:48,008 - ACGeneticOptimizer - INFO - GA Result: {'ac_temperature': 22, 'fan_speed': 1, 'duty_cycle': 0.0, 'should_turn_on': False, 'energy_score': np.float64(0.0), 'comfort_score': 1.0}
2026-02-10 18:14:48,008 - SmartRoom - INFO -   [AC] Temp:22C On:False
2026-02-10 18:14:48,008 - SmartRoom - INFO -   [Lamp] Brightness:0 On:False
2026-02-10 18:14:48,008 - SmartRoom - INFO - ========================================
2026-02-10 18:14:48,073 - SmartRoom - INFO - [AC Status] {'device': 'ac_controller', 'status': 'error', 'detail': 'No IR code for AC OFF', 'uptime': 229, 'wifi_rssi': -57, 'ac_state': 'off', 'ac_temp': 24, 'ir_codes_learned': 0}
2026-02-10 18:14:48,074 - SmartRoom - INFO - [Lamp Status] {'brightness_pwm': 0, 'brightness_percent': 0, 'mode': 'manual', 'status': 'off'}
2026-02-10 18:15:13,006 - SmartRoom - INFO - ========================================
2026-02-10 18:15:13,006 - SmartRoom - INFO - Running ML Optimization...
2026-02-10 18:15:13,006 - SmartRoom - INFO -   Occupancy: False | Persons: 0
2026-02-10 18:15:13,006 - SmartRoom - WARNING -   [AC] Sensor data stale, skipping
2026-02-10 18:15:13,006 - SmartRoom - WARNING -   [Lamp] Sensor data stale, skipping
2026-02-10 18:15:13,007 - SmartRoom - INFO - ========================================
2026-02-10 18:15:18,008 - SmartRoom - INFO - ========================================
2026-02-10 18:15:18,009 - SmartRoom - INFO - Running ML Optimization...
2026-02-10 18:15:18,009 - SmartRoom - INFO -   Occupancy: False | Persons: 0
2026-02-10 18:15:18,130 - ACGeneticOptimizer - INFO - GA Result: {'ac_temperature': 24, 'fan_speed': 3, 'duty_cycle': 0.0, 'should_turn_on': False, 'energy_score': np.float64(0.0), 'comfort_score': 1.0}
2026-02-10 18:15:18,130 - SmartRoom - INFO -   [AC] Temp:24C On:False
2026-02-10 18:15:18,131 - SmartRoom - INFO -   [Lamp] Brightness:0 On:False
2026-02-10 18:15:18,131 - SmartRoom - INFO - ========================================
2026-02-10 18:15:18,627 - SmartRoom - INFO - [AC Status] {'device': 'ac_controller', 'status': 'error', 'detail': 'No IR code for AC OFF', 'uptime': 260, 'wifi_rssi': -57, 'ac_state': 'off', 'ac_temp': 24, 'ir_codes_learned': 0}
2026-02-10 18:15:19,557 - SmartRoom - INFO - [Lamp Status] {'brightness_pwm': 0, 'brightness_percent': 0, 'mode': 'manual', 'status': 'off'}
2026-02-10 18:15:25,204 - SmartRoom - INFO - STATUS | AC: 25.2C 70.8% | Lamp: 0lux br=0 | Cam: 0ppl | Opts: 405
2026-02-10 18:15:33,065 - SmartRoom - INFO - STATUS | AC: 0.0C 0.0% | Lamp: 0lux br=0 | Cam: 0ppl | Opts: 34
2026-02-10 18:15:43,007 - SmartRoom - INFO - ========================================
2026-02-10 18:15:43,007 - SmartRoom - INFO - Running ML Optimization...
2026-02-10 18:15:43,007 - SmartRoom - INFO -   Occupancy: False | Persons: 0
2026-02-10 18:15:43,007 - SmartRoom - WARNING -   [AC] Sensor data stale, skipping
2026-02-10 18:15:43,007 - SmartRoom - WARNING -   [Lamp] Sensor data stale, skipping
2026-02-10 18:15:43,008 - SmartRoom - INFO - ========================================
2026-02-10 18:15:48,131 - SmartRoom - INFO - ========================================
2026-02-10 18:15:48,132 - SmartRoom - INFO - Running ML Optimization...
2026-02-10 18:15:48,132 - SmartRoom - INFO -   Occupancy: False | Persons: 0
2026-02-10 18:15:48,253 - ACGeneticOptimizer - INFO - GA Result: {'ac_temperature': 26, 'fan_speed': 1, 'duty_cycle': 0.0, 'should_turn_on': False, 'energy_score': np.float64(0.0), 'comfort_score': 1.0}
2026-02-10 18:15:48,254 - SmartRoom - INFO -   [AC] Temp:26C On:False
2026-02-10 18:15:48,254 - SmartRoom - INFO -   [Lamp] Brightness:0 On:False
2026-02-10 18:15:48,254 - SmartRoom - INFO - ========================================
2026-02-10 18:15:48,302 - SmartRoom - INFO - [AC Status] {'device': 'ac_controller', 'status': 'error', 'detail': 'No IR code for AC OFF', 'uptime': 289, 'wifi_rssi': -61, 'ac_state': 'off', 'ac_temp': 24, 'ir_codes_learned': 0}
2026-02-10 18:15:48,310 - SmartRoom - INFO - [Lamp Status] {'brightness_pwm': 0, 'brightness_percent': 0, 'mode': 'manual', 'status': 'off'}
2026-02-10 18:16:13,008 - SmartRoom - INFO - ========================================
2026-02-10 18:16:13,008 - SmartRoom - INFO - Running ML Optimization...
2026-02-10 18:16:13,008 - SmartRoom - INFO -   Occupancy: False | Persons: 0
2026-02-10 18:16:13,008 - SmartRoom - WARNING -   [AC] Sensor data stale, skipping
2026-02-10 18:16:13,009 - SmartRoom - WARNING -   [Lamp] Sensor data stale, skipping
2026-02-10 18:16:13,013 - SmartRoom - INFO - ========================================
2026-02-10 18:16:18,254 - SmartRoom - INFO - ========================================
2026-02-10 18:16:18,255 - SmartRoom - INFO - Running ML Optimization...
2026-02-10 18:16:18,255 - SmartRoom - INFO -   Occupancy: False | Persons: 0
2026-02-10 18:16:18,368 - ACGeneticOptimizer - INFO - GA Result: {'ac_temperature': 30, 'fan_speed': 2, 'duty_cycle': 0.0, 'should_turn_on': False, 'energy_score': np.float64(0.0), 'comfort_score': 1.0}
2026-02-10 18:16:18,368 - SmartRoom - INFO -   [AC] Temp:30C On:False
2026-02-10 18:16:18,369 - SmartRoom - INFO -   [Lamp] Brightness:0 On:False
2026-02-10 18:16:18,370 - SmartRoom - INFO - ========================================
2026-02-10 18:16:18,509 - SmartRoom - INFO - [AC Status] {'device': 'ac_controller', 'status': 'error', 'detail': 'No IR code for AC OFF', 'uptime': 319, 'wifi_rssi': -59, 'ac_state': 'off', 'ac_temp': 24, 'ir_codes_learned': 0}
2026-02-10 18:16:18,579 - SmartRoom - INFO - [Lamp Status] {'brightness_pwm': 0, 'brightness_percent': 0, 'mode': 'manual', 'status': 'off'}
2026-02-10 18:16:25,214 - SmartRoom - INFO - STATUS | AC: 25.2C 70.8% | Lamp: 0lux br=0 | Cam: 0ppl | Opts: 407
2026-02-10 18:16:33,070 - SmartRoom - INFO - STATUS | AC: 0.0C 0.0% | Lamp: 0lux br=0 | Cam: 0ppl | Opts: 36
2026-02-10 18:16:43,015 - SmartRoom - INFO - ========================================
2026-02-10 18:16:43,015 - SmartRoom - INFO - Running ML Optimization...
2026-02-10 18:16:43,015 - SmartRoom - INFO -   Occupancy: False | Persons: 0
2026-02-10 18:16:43,015 - SmartRoom - WARNING -   [AC] Sensor data stale, skipping
2026-02-10 18:16:43,015 - SmartRoom - WARNING -   [Lamp] Sensor data stale, skipping
2026-02-10 18:16:43,016 - SmartRoom - INFO - ========================================
2026-02-10 18:16:48,370 - SmartRoom - INFO - ========================================
2026-02-10 18:16:48,370 - SmartRoom - INFO - Running ML Optimization...
2026-02-10 18:16:48,370 - SmartRoom - INFO -   Occupancy: False | Persons: 0
2026-02-10 18:16:48,491 - ACGeneticOptimizer - INFO - GA Result: {'ac_temperature': 24, 'fan_speed': 2, 'duty_cycle': 0.0, 'should_turn_on': False, 'energy_score': np.float64(0.0), 'comfort_score': 1.0}
2026-02-10 18:16:48,491 - SmartRoom - INFO -   [AC] Temp:24C On:False
2026-02-10 18:16:48,491 - SmartRoom - INFO -   [Lamp] Brightness:0 On:False
2026-02-10 18:16:48,492 - SmartRoom - INFO - ========================================
2026-02-10 18:16:48,824 - SmartRoom - INFO - [AC Status] {'device': 'ac_controller', 'status': 'error', 'detail': 'No IR code for AC OFF', 'uptime': 349, 'wifi_rssi': -57, 'ac_state': 'off', 'ac_temp': 24, 'ir_codes_learned': 0}
2026-02-10 18:16:48,923 - SmartRoom - INFO - [Lamp Status] {'brightness_pwm': 0, 'brightness_percent': 0, 'mode': 'manual', 'status': 'off'}
2026-02-10 18:17:13,016 - SmartRoom - INFO - ========================================
2026-02-10 18:17:13,016 - SmartRoom - INFO - Running ML Optimization...
2026-02-10 18:17:13,016 - SmartRoom - INFO -   Occupancy: False | Persons: 0
2026-02-10 18:17:13,016 - SmartRoom - WARNING -   [AC] Sensor data stale, skipping
2026-02-10 18:17:13,017 - SmartRoom - WARNING -   [Lamp] Sensor data stale, skipping
2026-02-10 18:17:13,017 - SmartRoom - INFO - ========================================
2026-02-10 18:17:18,492 - SmartRoom - INFO - ========================================
2026-02-10 18:17:18,492 - SmartRoom - INFO - Running ML Optimization...
2026-02-10 18:17:18,492 - SmartRoom - INFO -   Occupancy: False | Persons: 0
2026-02-10 18:17:18,604 - ACGeneticOptimizer - INFO - GA Result: {'ac_temperature': 30, 'fan_speed': 1, 'duty_cycle': 0.0, 'should_turn_on': False, 'energy_score': np.float64(0.0), 'comfort_score': 1.0}
2026-02-10 18:17:18,604 - SmartRoom - INFO -   [AC] Temp:30C On:False
2026-02-10 18:17:18,605 - SmartRoom - INFO -   [Lamp] Brightness:0 On:False
2026-02-10 18:17:18,605 - SmartRoom - INFO - ========================================
2026-02-10 18:17:18,759 - SmartRoom - INFO - [AC Status] {'device': 'ac_controller', 'status': 'error', 'detail': 'No IR code for AC OFF', 'uptime': 380, 'wifi_rssi': -58, 'ac_state': 'off', 'ac_temp': 24, 'ir_codes_learned': 0}
2026-02-10 18:17:18,767 - SmartRoom - INFO - [Lamp Status] {'brightness_pwm': 0, 'brightness_percent': 0, 'mode': 'manual', 'status': 'off'}
2026-02-10 18:17:25,218 - SmartRoom - INFO - STATUS | AC: 25.2C 70.4% | Lamp: 0lux br=0 | Cam: 0ppl | Opts: 409
2026-02-10 18:17:33,076 - SmartRoom - INFO - STATUS | AC: 0.0C 0.0% | Lamp: 0lux br=0 | Cam: 0ppl | Opts: 38
2026-02-10 18:17:43,018 - SmartRoom - INFO - ========================================
2026-02-10 18:17:43,018 - SmartRoom - INFO - Running ML Optimization...
2026-02-10 18:17:43,018 - SmartRoom - INFO -   Occupancy: False | Persons: 0
2026-02-10 18:17:43,018 - SmartRoom - WARNING -   [AC] Sensor data stale, skipping
2026-02-10 18:17:43,018 - SmartRoom - WARNING -   [Lamp] Sensor data stale, skipping
2026-02-10 18:17:43,019 - SmartRoom - INFO - ========================================
2026-02-10 18:17:48,606 - SmartRoom - INFO - ========================================
2026-02-10 18:17:48,606 - SmartRoom - INFO - Running ML Optimization...
2026-02-10 18:17:48,606 - SmartRoom - INFO -   Occupancy: False | Persons: 0
2026-02-10 18:17:48,725 - ACGeneticOptimizer - INFO - GA Result: {'ac_temperature': 30, 'fan_speed': 3, 'duty_cycle': 0.0, 'should_turn_on': False, 'energy_score': np.float64(0.0), 'comfort_score': 1.0}
2026-02-10 18:17:48,726 - SmartRoom - INFO -   [AC] Temp:30C On:False
2026-02-10 18:17:48,726 - SmartRoom - INFO -   [Lamp] Brightness:0 On:False
2026-02-10 18:17:48,726 - SmartRoom - INFO - ========================================
2026-02-10 18:17:48,775 - SmartRoom - INFO - [AC Status] {'device': 'ac_controller', 'status': 'error', 'detail': 'No IR code for AC OFF', 'uptime': 410, 'wifi_rssi': -58, 'ac_state': 'off', 'ac_temp': 24, 'ir_codes_learned': 0}
2026-02-10 18:17:48,777 - SmartRoom - INFO - [Lamp Status] {'brightness_pwm': 0, 'brightness_percent': 0, 'mode': 'manual', 'status': 'off'}
2026-02-10 18:18:13,019 - SmartRoom - INFO - ========================================
2026-02-10 18:18:13,019 - SmartRoom - INFO - Running ML Optimization...
2026-02-10 18:18:13,020 - SmartRoom - INFO -   Occupancy: False | Persons: 0
2026-02-10 18:18:13,020 - SmartRoom - WARNING -   [AC] Sensor data stale, skipping
2026-02-10 18:18:13,020 - SmartRoom - WARNING -   [Lamp] Sensor data stale, skipping
2026-02-10 18:18:13,020 - SmartRoom - INFO - ========================================
2026-02-10 18:18:18,727 - SmartRoom - INFO - ========================================
2026-02-10 18:18:18,727 - SmartRoom - INFO - Running ML Optimization...
2026-02-10 18:18:18,727 - SmartRoom - INFO -   Occupancy: False | Persons: 0
2026-02-10 18:18:18,864 - ACGeneticOptimizer - INFO - GA Result: {'ac_temperature': 21, 'fan_speed': 3, 'duty_cycle': 0.0, 'should_turn_on': False, 'energy_score': np.float64(0.0), 'comfort_score': 1.0}
2026-02-10 18:18:18,864 - SmartRoom - INFO -   [AC] Temp:21C On:False
2026-02-10 18:18:18,865 - SmartRoom - INFO -   [Lamp] Brightness:0 On:False
2026-02-10 18:18:18,865 - SmartRoom - INFO - ========================================
2026-02-10 18:18:19,097 - SmartRoom - INFO - [Lamp Status] {'brightness_pwm': 0, 'brightness_percent': 0, 'mode': 'manual', 'status': 'off'}
2026-02-10 18:18:25,223 - SmartRoom - INFO - STATUS | AC: 25.2C 70.1% | Lamp: 0lux br=0 | Cam: 0ppl | Opts: 411
2026-02-10 18:18:33,081 - SmartRoom - INFO - STATUS | AC: 0.0C 0.0% | Lamp: 0lux br=0 | Cam: 0ppl | Opts: 40
2026-02-10 18:18:43,021 - SmartRoom - INFO - ========================================
2026-02-10 18:18:43,021 - SmartRoom - INFO - Running ML Optimization...
2026-02-10 18:18:43,021 - SmartRoom - INFO -   Occupancy: False | Persons: 0
2026-02-10 18:18:43,021 - SmartRoom - WARNING -   [AC] Sensor data stale, skipping
2026-02-10 18:18:43,021 - SmartRoom - WARNING -   [Lamp] Sensor data stale, skipping
2026-02-10 18:18:43,021 - SmartRoom - INFO - ========================================
2026-02-10 18:18:48,866 - SmartRoom - INFO - ========================================
2026-02-10 18:18:48,866 - SmartRoom - INFO - Running ML Optimization...
2026-02-10 18:18:48,866 - SmartRoom - INFO -   Occupancy: False | Persons: 0
2026-02-10 18:18:48,947 - ACGeneticOptimizer - INFO - GA Result: {'ac_temperature': 27, 'fan_speed': 1, 'duty_cycle': 0.0, 'should_turn_on': False, 'energy_score': np.float64(0.0), 'comfort_score': 1.0}
2026-02-10 18:18:48,947 - SmartRoom - INFO -   [AC] Temp:27C On:False
2026-02-10 18:18:48,948 - SmartRoom - INFO -   [Lamp] Brightness:0 On:False
2026-02-10 18:18:48,948 - SmartRoom - INFO - ========================================
2026-02-10 18:18:49,054 - SmartRoom - INFO - [Lamp Status] {'brightness_pwm': 0, 'brightness_percent': 0, 'mode': 'manual', 'status': 'off'}
2026-02-10 18:19:13,024 - SmartRoom - INFO - ========================================
2026-02-10 18:19:13,024 - SmartRoom - INFO - Running ML Optimization...
2026-02-10 18:19:13,024 - SmartRoom - INFO -   Occupancy: False | Persons: 0
2026-02-10 18:19:13,024 - SmartRoom - WARNING -   [AC] Sensor data stale, skipping
2026-02-10 18:19:13,024 - SmartRoom - WARNING -   [Lamp] Sensor data stale, skipping
2026-02-10 18:19:13,025 - SmartRoom - INFO - ========================================
2026-02-10 18:19:18,948 - SmartRoom - INFO - ========================================
2026-02-10 18:19:18,948 - SmartRoom - INFO - Running ML Optimization...
2026-02-10 18:19:18,949 - SmartRoom - INFO -   Occupancy: False | Persons: 0
2026-02-10 18:19:18,949 - SmartRoom - WARNING -   [AC] Sensor data stale, skipping
2026-02-10 18:19:18,949 - SmartRoom - INFO -   [Lamp] Brightness:0 On:False
2026-02-10 18:19:18,949 - SmartRoom - INFO - ========================================
2026-02-10 18:19:19,052 - SmartRoom - INFO - [Lamp Status] {'brightness_pwm': 0, 'brightness_percent': 0, 'mode': 'manual', 'status': 'off'}
2026-02-10 18:19:25,228 - SmartRoom - INFO - STATUS | AC: 25.2C 70.1% | Lamp: 0lux br=0 | Cam: 0ppl | Opts: 413
2026-02-10 18:19:33,086 - SmartRoom - INFO - STATUS | AC: 0.0C 0.0% | Lamp: 0lux br=0 | Cam: 0ppl | Opts: 42
2026-02-10 18:19:43,025 - SmartRoom - INFO - ========================================
2026-02-10 18:19:43,025 - SmartRoom - INFO - Running ML Optimization...
2026-02-10 18:19:43,025 - SmartRoom - INFO -   Occupancy: False | Persons: 0
2026-02-10 18:19:43,025 - SmartRoom - WARNING -   [AC] Sensor data stale, skipping
2026-02-10 18:19:43,025 - SmartRoom - WARNING -   [Lamp] Sensor data stale, skipping
2026-02-10 18:19:43,026 - SmartRoom - INFO - ========================================
2026-02-10 18:19:48,949 - SmartRoom - INFO - ========================================
2026-02-10 18:19:48,949 - SmartRoom - INFO - Running ML Optimization...
2026-02-10 18:19:48,950 - SmartRoom - INFO -   Occupancy: False | Persons: 0
2026-02-10 18:19:48,950 - SmartRoom - WARNING -   [AC] Sensor data stale, skipping
2026-02-10 18:19:48,950 - SmartRoom - INFO -   [Lamp] Brightness:0 On:False
2026-02-10 18:19:48,950 - SmartRoom - INFO - ========================================
2026-02-10 18:19:49,055 - SmartRoom - INFO - [Lamp Status] {'brightness_pwm': 0, 'brightness_percent': 0, 'mode': 'manual', 'status': 'off'}
2026-02-10 18:20:13,026 - SmartRoom - INFO - ========================================
2026-02-10 18:20:13,026 - SmartRoom - INFO - Running ML Optimization...
2026-02-10 18:20:13,026 - SmartRoom - INFO -   Occupancy: False | Persons: 0
2026-02-10 18:20:13,026 - SmartRoom - WARNING -   [AC] Sensor data stale, skipping
2026-02-10 18:20:13,027 - SmartRoom - WARNING -   [Lamp] Sensor data stale, skipping
2026-02-10 18:20:13,027 - SmartRoom - INFO - ========================================
2026-02-10 18:20:18,951 - SmartRoom - INFO - ========================================
2026-02-10 18:20:18,951 - SmartRoom - INFO - Running ML Optimization...
2026-02-10 18:20:18,951 - SmartRoom - INFO -   Occupancy: False | Persons: 0
2026-02-10 18:20:18,951 - SmartRoom - WARNING -   [AC] Sensor data stale, skipping
2026-02-10 18:20:18,951 - SmartRoom - INFO -   [Lamp] Brightness:0 On:False
2026-02-10 18:20:18,952 - SmartRoom - INFO - ========================================
2026-02-10 18:20:19,086 - SmartRoom - INFO - [Lamp Status] {'brightness_pwm': 0, 'brightness_percent': 0, 'mode': 'manual', 'status': 'off'}
2026-02-10 18:20:25,235 - SmartRoom - INFO - STATUS | AC: 25.2C 70.1% | Lamp: 0lux br=0 | Cam: 0ppl | Opts: 415
2026-02-10 18:20:33,093 - SmartRoom - INFO - STATUS | AC: 0.0C 0.0% | Lamp: 0lux br=0 | Cam: 0ppl | Opts: 44
2026-02-10 18:20:43,027 - SmartRoom - INFO - ========================================
2026-02-10 18:20:43,027 - SmartRoom - INFO - Running ML Optimization...
2026-02-10 18:20:43,027 - SmartRoom - INFO -   Occupancy: False | Persons: 0
2026-02-10 18:20:43,027 - SmartRoom - WARNING -   [AC] Sensor data stale, skipping
2026-02-10 18:20:43,027 - SmartRoom - WARNING -   [Lamp] Sensor data stale, skipping
2026-02-10 18:20:43,028 - SmartRoom - INFO - ========================================
2026-02-10 18:20:48,952 - SmartRoom - INFO - ========================================
2026-02-10 18:20:48,953 - SmartRoom - INFO - Running ML Optimization...
2026-02-10 18:20:48,953 - SmartRoom - INFO -   Occupancy: False | Persons: 0
2026-02-10 18:20:48,953 - SmartRoom - WARNING -   [AC] Sensor data stale, skipping
2026-02-10 18:20:48,953 - SmartRoom - INFO -   [Lamp] Brightness:0 On:False
2026-02-10 18:20:48,953 - SmartRoom - INFO - ========================================
2026-02-10 18:20:49,103 - SmartRoom - INFO - [Lamp Status] {'brightness_pwm': 0, 'brightness_percent': 0, 'mode': 'manual', 'status': 'off'}
2026-02-10 18:21:13,032 - SmartRoom - INFO - ========================================
2026-02-10 18:21:13,032 - SmartRoom - INFO - Running ML Optimization...
2026-02-10 18:21:13,032 - SmartRoom - INFO -   Occupancy: False | Persons: 0
2026-02-10 18:21:13,032 - SmartRoom - WARNING -   [AC] Sensor data stale, skipping
2026-02-10 18:21:13,032 - SmartRoom - WARNING -   [Lamp] Sensor data stale, skipping
2026-02-10 18:21:13,032 - SmartRoom - INFO - ========================================
2026-02-10 18:21:18,954 - SmartRoom - INFO - ========================================
2026-02-10 18:21:18,954 - SmartRoom - INFO - Running ML Optimization...
2026-02-10 18:21:18,954 - SmartRoom - INFO -   Occupancy: False | Persons: 0
2026-02-10 18:21:18,954 - SmartRoom - WARNING -   [AC] Sensor data stale, skipping
2026-02-10 18:21:18,954 - SmartRoom - INFO -   [Lamp] Brightness:0 On:False
2026-02-10 18:21:18,955 - SmartRoom - INFO - ========================================
2026-02-10 18:21:23,073 - SmartRoom - INFO - [Lamp Status] {'brightness_pwm': 0, 'brightness_percent': 0, 'mode': 'manual', 'status': 'off'}
2026-02-10 18:21:25,240 - SmartRoom - INFO - STATUS | AC: 25.2C 70.1% | Lamp: 2lux br=0 | Cam: 0ppl | Opts: 417
2026-02-10 18:21:33,098 - SmartRoom - INFO - STATUS | AC: 0.0C 0.0% | Lamp: 0lux br=0 | Cam: 0ppl | Opts: 46
2026-02-10 18:21:43,033 - SmartRoom - INFO - ========================================
2026-02-10 18:21:43,033 - SmartRoom - INFO - Running ML Optimization...
2026-02-10 18:21:43,033 - SmartRoom - INFO -   Occupancy: False | Persons: 0
2026-02-10 18:21:43,033 - SmartRoom - WARNING -   [AC] Sensor data stale, skipping
2026-02-10 18:21:43,033 - SmartRoom - WARNING -   [Lamp] Sensor data stale, skipping
2026-02-10 18:21:43,034 - SmartRoom - INFO - ========================================
2026-02-10 18:21:48,955 - SmartRoom - INFO - ========================================
2026-02-10 18:21:48,955 - SmartRoom - INFO - Running ML Optimization...
2026-02-10 18:21:48,955 - SmartRoom - INFO -   Occupancy: False | Persons: 0
2026-02-10 18:21:48,955 - SmartRoom - WARNING -   [AC] Sensor data stale, skipping
2026-02-10 18:21:48,956 - SmartRoom - INFO -   [Lamp] Brightness:0 On:False
2026-02-10 18:21:48,956 - SmartRoom - INFO - ========================================
2026-02-10 18:21:49,073 - SmartRoom - INFO - [Lamp Status] {'brightness_pwm': 0, 'brightness_percent': 0, 'mode': 'manual', 'status': 'off'}
2026-02-10 18:22:13,034 - SmartRoom - INFO - ========================================
2026-02-10 18:22:13,034 - SmartRoom - INFO - Running ML Optimization...
2026-02-10 18:22:13,034 - SmartRoom - INFO -   Occupancy: False | Persons: 0
2026-02-10 18:22:13,034 - SmartRoom - WARNING -   [AC] Sensor data stale, skipping
2026-02-10 18:22:13,034 - SmartRoom - WARNING -   [Lamp] Sensor data stale, skipping
2026-02-10 18:22:13,034 - SmartRoom - INFO - ========================================
2026-02-10 18:22:18,957 - SmartRoom - INFO - ========================================
2026-02-10 18:22:18,957 - SmartRoom - INFO - Running ML Optimization...
2026-02-10 18:22:18,957 - SmartRoom - INFO -   Occupancy: False | Persons: 0
2026-02-10 18:22:18,957 - SmartRoom - WARNING -   [AC] Sensor data stale, skipping
2026-02-10 18:22:18,957 - SmartRoom - INFO -   [Lamp] Brightness:0 On:False
2026-02-10 18:22:18,958 - SmartRoom - INFO - ========================================
2026-02-10 18:22:19,072 - SmartRoom - INFO - [Lamp Status] {'brightness_pwm': 0, 'brightness_percent': 0, 'mode': 'manual', 'status': 'off'}
2026-02-10 18:22:25,245 - SmartRoom - INFO - STATUS | AC: 25.2C 70.1% | Lamp: 2lux br=0 | Cam: 0ppl | Opts: 419
2026-02-10 18:22:33,102 - SmartRoom - INFO - STATUS | AC: 0.0C 0.0% | Lamp: 0lux br=0 | Cam: 0ppl | Opts: 48
2026-02-10 18:22:43,035 - SmartRoom - INFO - ========================================
2026-02-10 18:22:43,035 - SmartRoom - INFO - Running ML Optimization...
2026-02-10 18:22:43,035 - SmartRoom - INFO -   Occupancy: False | Persons: 0
2026-02-10 18:22:43,035 - SmartRoom - WARNING -   [AC] Sensor data stale, skipping
2026-02-10 18:22:43,035 - SmartRoom - WARNING -   [Lamp] Sensor data stale, skipping
2026-02-10 18:22:43,035 - SmartRoom - INFO - ========================================
2026-02-10 18:22:48,958 - SmartRoom - INFO - ========================================
2026-02-10 18:22:48,958 - SmartRoom - INFO - Running ML Optimization...
2026-02-10 18:22:48,958 - SmartRoom - INFO -   Occupancy: False | Persons: 0
2026-02-10 18:22:48,958 - SmartRoom - WARNING -   [AC] Sensor data stale, skipping
2026-02-10 18:22:48,958 - SmartRoom - INFO -   [Lamp] Brightness:0 On:False
2026-02-10 18:22:48,959 - SmartRoom - INFO - ========================================
2026-02-10 18:22:49,094 - SmartRoom - INFO - [Lamp Status] {'brightness_pwm': 0, 'brightness_percent': 0, 'mode': 'manual', 'status': 'off'}
2026-02-10 18:23:13,036 - SmartRoom - INFO - ========================================
2026-02-10 18:23:13,036 - SmartRoom - INFO - Running ML Optimization...
2026-02-10 18:23:13,036 - SmartRoom - INFO -   Occupancy: False | Persons: 0
2026-02-10 18:23:13,036 - SmartRoom - WARNING -   [AC] Sensor data stale, skipping
2026-02-10 18:23:13,036 - SmartRoom - WARNING -   [Lamp] Sensor data stale, skipping
2026-02-10 18:23:13,036 - SmartRoom - INFO - ========================================
2026-02-10 18:23:18,959 - SmartRoom - INFO - ========================================
2026-02-10 18:23:18,959 - SmartRoom - INFO - Running ML Optimization...
2026-02-10 18:23:18,959 - SmartRoom - INFO -   Occupancy: False | Persons: 0
2026-02-10 18:23:18,959 - SmartRoom - WARNING -   [AC] Sensor data stale, skipping
2026-02-10 18:23:18,960 - SmartRoom - INFO -   [Lamp] Brightness:0 On:False
2026-02-10 18:23:18,960 - SmartRoom - INFO - ========================================
2026-02-10 18:23:23,600 - SmartRoom - INFO - [Lamp Status] {'brightness_pwm': 0, 'brightness_percent': 0, 'mode': 'manual', 'status': 'off'}
2026-02-10 18:23:25,251 - SmartRoom - INFO - STATUS | AC: 25.2C 70.1% | Lamp: 2lux br=0 | Cam: 0ppl | Opts: 421
2026-02-10 18:23:33,107 - SmartRoom - INFO - STATUS | AC: 0.0C 0.0% | Lamp: 0lux br=0 | Cam: 0ppl | Opts: 50
2026-02-10 18:23:43,037 - SmartRoom - INFO - ========================================
2026-02-10 18:23:43,037 - SmartRoom - INFO - Running ML Optimization...
2026-02-10 18:23:43,037 - SmartRoom - INFO -   Occupancy: False | Persons: 0
2026-02-10 18:23:43,037 - SmartRoom - WARNING -   [AC] Sensor data stale, skipping
2026-02-10 18:23:43,037 - SmartRoom - WARNING -   [Lamp] Sensor data stale, skipping
2026-02-10 18:23:43,038 - SmartRoom - INFO - ========================================
2026-02-10 18:23:43,410 - SmartRoom - INFO - [AC Status] {'ac_state': 'off', 'ac_temp': 24, 'fan_speed': 1, 'temperature': 25.2, 'humidity': 67.9}
2026-02-10 18:23:48,961 - SmartRoom - INFO - ========================================
2026-02-10 18:23:48,961 - SmartRoom - INFO - Running ML Optimization...
2026-02-10 18:23:48,961 - SmartRoom - INFO -   Occupancy: False | Persons: 0
2026-02-10 18:23:49,077 - ACGeneticOptimizer - INFO - GA Result: {'ac_temperature': 28, 'fan_speed': 3, 'duty_cycle': 0.0, 'should_turn_on': False, 'energy_score': np.float64(0.0), 'comfort_score': 1.0}
2026-02-10 18:23:49,077 - SmartRoom - INFO -   [AC] Temp:28C On:False
2026-02-10 18:23:49,078 - SmartRoom - INFO -   [Lamp] Brightness:0 On:False
2026-02-10 18:23:49,078 - SmartRoom - INFO - ========================================
2026-02-10 18:23:49,164 - SmartRoom - INFO - [Lamp Status] {'brightness_pwm': 0, 'brightness_percent': 0, 'mode': 'manual', 'status': 'off'}
2026-02-10 18:23:49,211 - SmartRoom - INFO - [AC Status] {'ac_state': 'off', 'ac_temp': 24, 'fan_speed': 1, 'temperature': 25.2, 'humidity': 67.9}
2026-02-10 18:23:53,486 - SmartRoom - INFO - [AC Status] {'ac_state': 'off', 'ac_temp': 24, 'fan_speed': 1, 'temperature': 25.2, 'humidity': 67.8}
2026-02-10 18:24:03,554 - SmartRoom - INFO - [AC Status] {'ac_state': 'off', 'ac_temp': 24, 'fan_speed': 1, 'temperature': 25.2, 'humidity': 68.2}
2026-02-10 18:24:13,038 - SmartRoom - INFO - ========================================
2026-02-10 18:24:13,038 - SmartRoom - INFO - Running ML Optimization...
2026-02-10 18:24:13,038 - SmartRoom - INFO -   Occupancy: False | Persons: 0
2026-02-10 18:24:13,038 - SmartRoom - WARNING -   [AC] Sensor data stale, skipping
2026-02-10 18:24:13,038 - SmartRoom - WARNING -   [Lamp] Sensor data stale, skipping
2026-02-10 18:24:13,039 - SmartRoom - INFO - ========================================
2026-02-10 18:24:13,483 - SmartRoom - INFO - [AC Status] {'ac_state': 'off', 'ac_temp': 24, 'fan_speed': 1, 'temperature': 25.2, 'humidity': 68.2}
2026-02-10 18:24:19,078 - SmartRoom - INFO - ========================================
2026-02-10 18:24:19,079 - SmartRoom - INFO - Running ML Optimization...
2026-02-10 18:24:19,079 - SmartRoom - INFO -   Occupancy: False | Persons: 0
2026-02-10 18:24:19,196 - ACGeneticOptimizer - INFO - GA Result: {'ac_temperature': 16, 'fan_speed': 3, 'duty_cycle': 0.0, 'should_turn_on': False, 'energy_score': np.float64(0.0), 'comfort_score': 1.0}
2026-02-10 18:24:19,196 - SmartRoom - INFO -   [AC] Temp:16C On:False
2026-02-10 18:24:19,197 - SmartRoom - INFO -   [Lamp] Brightness:0 On:False
2026-02-10 18:24:19,197 - SmartRoom - INFO - ========================================
2026-02-10 18:24:19,240 - SmartRoom - INFO - [AC Status] {'ac_state': 'off', 'ac_temp': 24, 'fan_speed': 1, 'temperature': 25.2, 'humidity': 68.3}
2026-02-10 18:24:19,463 - SmartRoom - INFO - [Lamp Status] {'brightness_pwm': 0, 'brightness_percent': 0, 'mode': 'manual', 'status': 'off'}
2026-02-10 18:24:23,447 - SmartRoom - INFO - [AC Status] {'ac_state': 'off', 'ac_temp': 24, 'fan_speed': 1, 'temperature': 25.3, 'humidity': 68.5}
2026-02-10 18:24:25,256 - SmartRoom - INFO - STATUS | AC: 25.3C 68.5% | Lamp: 2lux br=0 | Cam: 0ppl | Opts: 423
2026-02-10 18:24:33,112 - SmartRoom - INFO - STATUS | AC: 0.0C 0.0% | Lamp: 0lux br=0 | Cam: 0ppl | Opts: 52
2026-02-10 18:24:33,414 - SmartRoom - INFO - [AC Status] {'ac_state': 'off', 'ac_temp': 24, 'fan_speed': 1, 'temperature': 25.3, 'humidity': 68.4}
2026-02-10 18:24:43,039 - SmartRoom - INFO - ========================================
2026-02-10 18:24:43,039 - SmartRoom - INFO - Running ML Optimization...
2026-02-10 18:24:43,039 - SmartRoom - INFO -   Occupancy: False | Persons: 0
2026-02-10 18:24:43,039 - SmartRoom - WARNING -   [AC] Sensor data stale, skipping
2026-02-10 18:24:43,039 - SmartRoom - WARNING -   [Lamp] Sensor data stale, skipping
2026-02-10 18:24:43,040 - SmartRoom - INFO - ========================================
2026-02-10 18:24:43,466 - SmartRoom - INFO - [AC Status] {'ac_state': 'off', 'ac_temp': 24, 'fan_speed': 1, 'temperature': 25.3, 'humidity': 68.3}
2026-02-10 18:24:49,197 - SmartRoom - INFO - ========================================
2026-02-10 18:24:49,197 - SmartRoom - INFO - Running ML Optimization...
2026-02-10 18:24:49,198 - SmartRoom - INFO -   Occupancy: False | Persons: 0
2026-02-10 18:24:49,316 - ACGeneticOptimizer - INFO - GA Result: {'ac_temperature': 20, 'fan_speed': 2, 'duty_cycle': 0.0, 'should_turn_on': False, 'energy_score': np.float64(0.0), 'comfort_score': 1.0}
2026-02-10 18:24:49,317 - SmartRoom - INFO -   [AC] Temp:20C On:False
2026-02-10 18:24:49,317 - SmartRoom - INFO -   [Lamp] Brightness:0 On:False
2026-02-10 18:24:49,317 - SmartRoom - INFO - ========================================
2026-02-10 18:24:49,882 - SmartRoom - INFO - [AC Status] {'ac_state': 'off', 'ac_temp': 24, 'fan_speed': 1, 'temperature': 25.3, 'humidity': 68}
2026-02-10 18:24:55,011 - SmartRoom - INFO - [AC Status] {'ac_state': 'off', 'ac_temp': 24, 'fan_speed': 1, 'temperature': 25.3, 'humidity': 67.9}
2026-02-10 18:25:03,472 - SmartRoom - INFO - [AC Status] {'ac_state': 'off', 'ac_temp': 24, 'fan_speed': 1, 'temperature': 25.3, 'humidity': 67.5}
2026-02-10 18:25:06,246 - SmartRoom - INFO - [Lamp Status] {'brightness_pwm': 0, 'brightness_percent': 0, 'mode': 'manual', 'status': 'off'}
2026-02-10 18:25:13,040 - SmartRoom - INFO - ========================================
2026-02-10 18:25:13,040 - SmartRoom - INFO - Running ML Optimization...
2026-02-10 18:25:13,041 - SmartRoom - INFO -   Occupancy: False | Persons: 0
2026-02-10 18:25:13,041 - SmartRoom - WARNING -   [AC] Sensor data stale, skipping
2026-02-10 18:25:13,041 - SmartRoom - WARNING -   [Lamp] Sensor data stale, skipping
2026-02-10 18:25:13,042 - SmartRoom - INFO - ========================================
2026-02-10 18:25:13,494 - SmartRoom - INFO - [AC Status] {'ac_state': 'off', 'ac_temp': 24, 'fan_speed': 1, 'temperature': 25.2, 'humidity': 67.3}
2026-02-10 18:25:18,224 - SmartRoom - INFO - Shutting down...
2026-02-10 18:25:18,224 - MQTTHandler - INFO - MQTT stopped
2026-02-10 18:25:18,225 - SmartRoom - INFO - Goodbye!
2026-02-10 18:25:19,318 - SmartRoom - INFO - ========================================
2026-02-10 18:25:19,318 - SmartRoom - INFO - Running ML Optimization...
2026-02-10 18:25:19,318 - SmartRoom - INFO -   Occupancy: False | Persons: 0
2026-02-10 18:25:19,403 - ACGeneticOptimizer - INFO - GA Result: {'ac_temperature': 26, 'fan_speed': 3, 'duty_cycle': 0.0, 'should_turn_on': False, 'energy_score': np.float64(0.0), 'comfort_score': 1.0}
2026-02-10 18:25:19,403 - SmartRoom - INFO -   [AC] Temp:26C On:False
2026-02-10 18:25:19,403 - SmartRoom - INFO -   [Lamp] Brightness:0 On:False
2026-02-10 18:25:19,404 - SmartRoom - INFO - ========================================
2026-02-10 18:25:19,704 - SmartRoom - INFO - [AC Status] {'ac_state': 'off', 'ac_temp': 24, 'fan_speed': 1, 'temperature': 25.3, 'humidity': 67.3}
2026-02-10 18:25:19,704 - SmartRoom - INFO - [Lamp Status] {'brightness_pwm': 0, 'brightness_percent': 0, 'mode': 'manual', 'status': 'off'}
2026-02-10 18:25:23,405 - SmartRoom - INFO - Initializing Smart Room Controller...
2026-02-10 18:25:23,406 - SmartRoom - INFO - Smart Room Controller initialized!
2026-02-10 18:25:23,406 - SmartRoom - INFO - [1/5] Starting MQTT Handler...
2026-02-10 18:25:23,406 - SmartRoom - INFO - MQTT callbacks registered
2026-02-10 18:25:23,406 - MQTTHandler - INFO - Connecting to MQTT broker localhost:1883...
2026-02-10 18:25:23,409 - MQTTHandler - INFO - MQTT loop started
2026-02-10 18:25:23,409 - MQTTHandler - INFO - Connected to MQTT broker!
2026-02-10 18:25:23,472 - SmartRoom - INFO - [AC Status] {'ac_state': 'off', 'ac_temp': 24, 'fan_speed': 1, 'temperature': 25.3, 'humidity': 67.4}
2026-02-10 18:25:24,409 - SmartRoom - INFO - [2/5] Starting Data Collector...
2026-02-10 18:25:24,410 - DataCollector - INFO - DataCollector started
2026-02-10 18:25:24,411 - DataCollector - INFO - DataCollector connected (rc=0)
2026-02-10 18:25:24,411 - SmartRoom - INFO - [3/5] Camera disabled
2026-02-10 18:25:24,411 - SmartRoom - INFO - [4/5] Starting Optimization Loop...
2026-02-10 18:25:24,411 - SmartRoom - INFO - Optimization loop started (interval=30s)
2026-02-10 18:25:24,411 - SmartRoom - INFO - [5/5] System ready!
2026-02-10 18:25:24,412 - SmartRoom - INFO - All services started. Press Ctrl+C to stop.
2026-02-10 18:25:25,267 - SmartRoom - INFO - STATUS | AC: 25.3C 67.4% | Lamp: 2lux br=0 | Cam: 0ppl | Opts: 425
2026-02-10 18:25:33,440 - SmartRoom - INFO - [AC Status] {'ac_state': 'off', 'ac_temp': 24, 'fan_speed': 1, 'temperature': 25.2, 'humidity': 67.5}
2026-02-10 18:25:34,412 - SmartRoom - INFO - ========================================
2026-02-10 18:25:34,412 - SmartRoom - INFO - Running ML Optimization...
2026-02-10 18:25:34,412 - SmartRoom - INFO -   Occupancy: False | Persons: 0
2026-02-10 18:25:34,412 - SmartRoom - WARNING -   [AC] Sensor data stale, skipping
2026-02-10 18:25:34,412 - SmartRoom - WARNING -   [Lamp] Sensor data stale, skipping
2026-02-10 18:25:34,413 - SmartRoom - INFO - ========================================
2026-02-10 18:25:43,509 - SmartRoom - INFO - [AC Status] {'ac_state': 'off', 'ac_temp': 24, 'fan_speed': 1, 'temperature': 25.2, 'humidity': 67.5}
2026-02-10 18:25:49,404 - SmartRoom - INFO - ========================================
2026-02-10 18:25:49,404 - SmartRoom - INFO - Running ML Optimization...
2026-02-10 18:25:49,404 - SmartRoom - INFO -   Occupancy: False | Persons: 0
2026-02-10 18:25:49,523 - ACGeneticOptimizer - INFO - GA Result: {'ac_temperature': 23, 'fan_speed': 3, 'duty_cycle': 0.0, 'should_turn_on': False, 'energy_score': np.float64(0.0), 'comfort_score': 1.0}
2026-02-10 18:25:49,523 - SmartRoom - INFO -   [AC] Temp:23C On:False
2026-02-10 18:25:49,523 - SmartRoom - INFO -   [Lamp] Brightness:0 On:False
2026-02-10 18:25:49,524 - SmartRoom - INFO - ========================================
2026-02-10 18:25:49,568 - SmartRoom - INFO - [AC Status] {'ac_state': 'off', 'ac_temp': 24, 'fan_speed': 1, 'temperature': 25.2, 'humidity': 67.6}
2026-02-10 18:25:49,585 - SmartRoom - INFO - [Lamp Status] {'brightness_pwm': 0, 'brightness_percent': 0, 'mode': 'manual', 'status': 'off'}
2026-02-10 18:25:53,483 - SmartRoom - INFO - [AC Status] {'ac_state': 'off', 'ac_temp': 24, 'fan_speed': 1, 'temperature': 25.3, 'humidity': 67.5}
2026-02-10 18:26:03,616 - SmartRoom - INFO - [AC Status] {'ac_state': 'off', 'ac_temp': 24, 'fan_speed': 1, 'temperature': 25.2, 'humidity': 67.6}
2026-02-10 18:26:04,413 - SmartRoom - INFO - ========================================
2026-02-10 18:26:04,413 - SmartRoom - INFO - Running ML Optimization...
2026-02-10 18:26:04,413 - SmartRoom - INFO -   Occupancy: False | Persons: 0
2026-02-10 18:26:04,413 - SmartRoom - WARNING -   [AC] Sensor data stale, skipping
2026-02-10 18:26:04,413 - SmartRoom - WARNING -   [Lamp] Sensor data stale, skipping
2026-02-10 18:26:04,414 - SmartRoom - INFO - ========================================
2026-02-10 18:26:13,478 - SmartRoom - INFO - [AC Status] {'ac_state': 'off', 'ac_temp': 24, 'fan_speed': 1, 'temperature': 25.2, 'humidity': 67.4}
2026-02-10 18:26:19,524 - SmartRoom - INFO - ========================================
2026-02-10 18:26:19,524 - SmartRoom - INFO - Running ML Optimization...
2026-02-10 18:26:19,524 - SmartRoom - INFO -   Occupancy: False | Persons: 0
2026-02-10 18:26:19,640 - ACGeneticOptimizer - INFO - GA Result: {'ac_temperature': 19, 'fan_speed': 2, 'duty_cycle': 0.0, 'should_turn_on': False, 'energy_score': np.float64(0.0), 'comfort_score': 1.0}
2026-02-10 18:26:19,640 - SmartRoom - INFO -   [AC] Temp:19C On:False
2026-02-10 18:26:19,641 - SmartRoom - INFO -   [Lamp] Brightness:0 On:False
2026-02-10 18:26:19,641 - SmartRoom - INFO - ========================================
2026-02-10 18:26:24,417 - SmartRoom - INFO - STATUS | AC: 0.0C 0.0% | Lamp: 0lux br=0 | Cam: 0ppl | Opts: 2
2026-02-10 18:26:25,274 - SmartRoom - INFO - STATUS | AC: 25.2C 67.3% | Lamp: 0lux br=0 | Cam: 0ppl | Opts: 427
2026-02-10 18:26:34,414 - SmartRoom - INFO - ========================================
2026-02-10 18:26:34,414 - SmartRoom - INFO - Running ML Optimization...
2026-02-10 18:26:34,414 - SmartRoom - INFO -   Occupancy: False | Persons: 0
2026-02-10 18:26:34,414 - SmartRoom - WARNING -   [AC] Sensor data stale, skipping
2026-02-10 18:26:34,414 - SmartRoom - WARNING -   [Lamp] Sensor data stale, skipping
2026-02-10 18:26:34,415 - SmartRoom - INFO - ========================================
2026-02-10 18:26:49,641 - SmartRoom - INFO - ========================================
2026-02-10 18:26:49,642 - SmartRoom - INFO - Running ML Optimization...
2026-02-10 18:26:49,642 - SmartRoom - INFO -   Occupancy: False | Persons: 0
2026-02-10 18:26:49,751 - ACGeneticOptimizer - INFO - GA Result: {'ac_temperature': 30, 'fan_speed': 3, 'duty_cycle': 0.0, 'should_turn_on': False, 'energy_score': np.float64(0.0), 'comfort_score': 1.0}
2026-02-10 18:26:49,751 - SmartRoom - INFO -   [AC] Temp:30C On:False
2026-02-10 18:26:49,751 - SmartRoom - INFO -   [Lamp] Brightness:0 On:False
2026-02-10 18:26:49,751 - SmartRoom - INFO - ========================================
2026-02-10 18:27:04,415 - SmartRoom - INFO - ========================================
2026-02-10 18:27:04,415 - SmartRoom - INFO - Running ML Optimization...
2026-02-10 18:27:04,415 - SmartRoom - INFO -   Occupancy: False | Persons: 0
2026-02-10 18:27:04,415 - SmartRoom - WARNING -   [AC] Sensor data stale, skipping
2026-02-10 18:27:04,416 - SmartRoom - WARNING -   [Lamp] Sensor data stale, skipping
2026-02-10 18:27:04,416 - SmartRoom - INFO - ========================================
2026-02-10 18:27:19,752 - SmartRoom - INFO - ========================================
2026-02-10 18:27:19,752 - SmartRoom - INFO - Running ML Optimization...
2026-02-10 18:27:19,752 - SmartRoom - INFO -   Occupancy: False | Persons: 0
2026-02-10 18:27:19,752 - SmartRoom - WARNING -   [AC] Sensor data stale, skipping
2026-02-10 18:27:19,752 - SmartRoom - WARNING -   [Lamp] Sensor data stale, skipping
2026-02-10 18:27:19,752 - SmartRoom - INFO - ========================================
2026-02-10 18:27:24,422 - SmartRoom - INFO - STATUS | AC: 0.0C 0.0% | Lamp: 0lux br=0 | Cam: 0ppl | Opts: 4
2026-02-10 18:27:25,279 - SmartRoom - INFO - STATUS | AC: 25.2C 67.3% | Lamp: 0lux br=0 | Cam: 0ppl | Opts: 429
2026-02-11 15:44:48,810 - SmartRoom - INFO - Initializing Smart Room Controller...
2026-02-11 15:44:48,813 - SmartRoom - INFO - Smart Room Controller initialized!
2026-02-11 15:44:48,814 - SmartRoom - INFO - [1/5] Starting MQTT Handler...
2026-02-11 15:44:48,814 - SmartRoom - INFO - MQTT callbacks registered
2026-02-11 15:44:48,814 - MQTTHandler - INFO - Connecting to MQTT broker localhost:1883...
2026-02-11 15:44:48,818 - MQTTHandler - INFO - Connected to MQTT broker!
2026-02-11 15:44:48,822 - MQTTHandler - INFO - MQTT loop started
2026-02-11 15:44:49,822 - SmartRoom - INFO - [2/5] Starting Data Collector...
2026-02-11 15:44:49,825 - DataCollector - INFO - DataCollector connected (rc=0)
2026-02-11 15:44:49,829 - DataCollector - INFO - DataCollector started
2026-02-11 15:44:49,830 - SmartRoom - INFO - [3/5] Camera disabled
2026-02-11 15:44:49,835 - SmartRoom - INFO - [4/5] Starting Optimization Loop...
2026-02-11 15:44:49,835 - SmartRoom - INFO - Optimization loop started (interval=30s)
2026-02-11 15:44:49,835 - SmartRoom - INFO - [5/5] System ready!
2026-02-11 15:44:49,836 - SmartRoom - INFO - All services started. Press Ctrl+C to stop.
2026-02-11 15:44:53,348 - SmartRoom - INFO - [AC Status] {'ac_state': 'off', 'ac_temp': 24, 'fan_speed': 1, 'temperature': 24.3, 'humidity': 65.9}
2026-02-11 15:44:59,836 - SmartRoom - INFO - ========================================
2026-02-11 15:44:59,836 - SmartRoom - INFO - Running ML Optimization...
2026-02-11 15:44:59,837 - SmartRoom - INFO -   Occupancy: False | Persons: 0
2026-02-11 15:44:59,937 - ACGeneticOptimizer - INFO - GA Result: {'ac_temperature': 30, 'fan_speed': 1, 'duty_cycle': 0.0, 'should_turn_on': False, 'energy_score': np.float64(0.0), 'comfort_score': 1.0}
2026-02-11 15:44:59,937 - SmartRoom - INFO -   [AC] Temp:30C On:False
2026-02-11 15:44:59,938 - SmartRoom - INFO -   [Lamp] Brightness:0 On:False
2026-02-11 15:44:59,938 - SmartRoom - INFO - ========================================
2026-02-11 15:45:00,020 - SmartRoom - INFO - [AC Status] {'ac_state': 'off', 'ac_temp': 24, 'fan_speed': 1, 'temperature': 24.3, 'humidity': 66}
2026-02-11 15:45:00,063 - SmartRoom - INFO - [Lamp Status] {'brightness_pwm': 0, 'brightness_percent': 0, 'mode': 'manual', 'status': 'off'}
2026-02-11 15:45:03,356 - SmartRoom - INFO - [AC Status] {'ac_state': 'off', 'ac_temp': 24, 'fan_speed': 1, 'temperature': 24.3, 'humidity': 66.1}
2026-02-11 15:45:13,340 - SmartRoom - INFO - [AC Status] {'ac_state': 'off', 'ac_temp': 24, 'fan_speed': 1, 'temperature': 24.3, 'humidity': 66.5}
2026-02-11 15:45:23,591 - SmartRoom - INFO - [AC Status] {'ac_state': 'off', 'ac_temp': 24, 'fan_speed': 1, 'temperature': 24.3, 'humidity': 67.6}
2026-02-11 15:45:29,940 - SmartRoom - INFO - ========================================
2026-02-11 15:45:29,943 - SmartRoom - INFO - Running ML Optimization...
2026-02-11 15:45:29,943 - SmartRoom - INFO -   Occupancy: False | Persons: 0
2026-02-11 15:45:30,096 - ACGeneticOptimizer - INFO - GA Result: {'ac_temperature': 21, 'fan_speed': 1, 'duty_cycle': 0.0, 'should_turn_on': False, 'energy_score': np.float64(0.0), 'comfort_score': 1.0}
2026-02-11 15:45:30,097 - SmartRoom - INFO -   [AC] Temp:21C On:False
2026-02-11 15:45:30,098 - SmartRoom - INFO -   [Lamp] Brightness:0 On:False
2026-02-11 15:45:30,098 - SmartRoom - INFO - ========================================
2026-02-11 15:45:30,143 - SmartRoom - INFO - [AC Status] {'ac_state': 'off', 'ac_temp': 24, 'fan_speed': 1, 'temperature': 24.3, 'humidity': 67.6}
2026-02-11 15:45:30,314 - SmartRoom - INFO - [Lamp Status] {'brightness_pwm': 0, 'brightness_percent': 0, 'mode': 'manual', 'status': 'off'}
2026-02-11 15:45:33,371 - SmartRoom - INFO - [AC Status] {'ac_state': 'off', 'ac_temp': 24, 'fan_speed': 1, 'temperature': 24.3, 'humidity': 67.5}
2026-02-11 15:45:43,332 - SmartRoom - INFO - [AC Status] {'ac_state': 'off', 'ac_temp': 24, 'fan_speed': 1, 'temperature': 24.3, 'humidity': 67.4}
2026-02-11 15:45:49,853 - SmartRoom - INFO - STATUS | AC: 24.3C 67.2% | Lamp: 8lux br=0 | Cam: 0ppl | Opts: 2
2026-02-11 15:45:53,471 - SmartRoom - INFO - [AC Status] {'ac_state': 'off', 'ac_temp': 24, 'fan_speed': 1, 'temperature': 24.3, 'humidity': 67.2}
2026-02-11 15:46:00,100 - SmartRoom - INFO - ========================================
2026-02-11 15:46:00,101 - SmartRoom - INFO - Running ML Optimization...
2026-02-11 15:46:00,101 - SmartRoom - INFO -   Occupancy: False | Persons: 0
2026-02-11 15:46:00,241 - ACGeneticOptimizer - INFO - GA Result: {'ac_temperature': 24, 'fan_speed': 2, 'duty_cycle': 0.0, 'should_turn_on': False, 'energy_score': np.float64(0.0), 'comfort_score': 1.0}
2026-02-11 15:46:00,242 - SmartRoom - INFO -   [AC] Temp:24C On:False
2026-02-11 15:46:00,244 - SmartRoom - INFO -   [Lamp] Brightness:0 On:False
2026-02-11 15:46:00,245 - SmartRoom - INFO - ========================================
2026-02-11 15:46:00,310 - SmartRoom - INFO - [AC Status] {'ac_state': 'off', 'ac_temp': 24, 'fan_speed': 1, 'temperature': 24.3, 'humidity': 67.4}
2026-02-11 15:46:00,414 - SmartRoom - INFO - [Lamp Status] {'brightness_pwm': 0, 'brightness_percent': 0, 'mode': 'manual', 'status': 'off'}
2026-02-11 15:46:03,454 - SmartRoom - INFO - [AC Status] {'ac_state': 'off', 'ac_temp': 24, 'fan_speed': 1, 'temperature': 24.3, 'humidity': 67.5}
2026-02-11 15:46:13,378 - SmartRoom - INFO - [AC Status] {'ac_state': 'off', 'ac_temp': 24, 'fan_speed': 1, 'temperature': 24.4, 'humidity': 67.6}
2026-02-11 15:46:23,483 - SmartRoom - INFO - [AC Status] {'ac_state': 'off', 'ac_temp': 24, 'fan_speed': 1, 'temperature': 24.4, 'humidity': 67.5}
2026-02-11 15:46:30,245 - SmartRoom - INFO - ========================================
2026-02-11 15:46:30,246 - SmartRoom - INFO - Running ML Optimization...
2026-02-11 15:46:30,247 - SmartRoom - INFO -   Occupancy: False | Persons: 0
2026-02-11 15:46:30,464 - ACGeneticOptimizer - INFO - GA Result: {'ac_temperature': 20, 'fan_speed': 1, 'duty_cycle': 0.0, 'should_turn_on': False, 'energy_score': np.float64(0.0), 'comfort_score': 1.0}
2026-02-11 15:46:30,468 - SmartRoom - INFO -   [AC] Temp:20C On:False
2026-02-11 15:46:30,468 - SmartRoom - INFO -   [Lamp] Brightness:0 On:False
2026-02-11 15:46:30,468 - SmartRoom - INFO - ========================================
2026-02-11 15:46:30,510 - SmartRoom - INFO - [Lamp Status] {'brightness_pwm': 0, 'brightness_percent': 0, 'mode': 'manual', 'status': 'off'}
2026-02-11 15:46:30,524 - SmartRoom - INFO - [AC Status] {'ac_state': 'off', 'ac_temp': 24, 'fan_speed': 1, 'temperature': 24.4, 'humidity': 67.4}
2026-02-11 15:46:33,351 - SmartRoom - INFO - [AC Status] {'ac_state': 'off', 'ac_temp': 24, 'fan_speed': 1, 'temperature': 24.4, 'humidity': 67.5}
2026-02-11 15:46:43,338 - SmartRoom - INFO - [AC Status] {'ac_state': 'off', 'ac_temp': 24, 'fan_speed': 1, 'temperature': 24.4, 'humidity': 67.5}
2026-02-11 15:46:49,878 - SmartRoom - INFO - STATUS | AC: 24.4C 67.3% | Lamp: 8lux br=0 | Cam: 0ppl | Opts: 4
2026-02-11 15:46:53,317 - SmartRoom - INFO - [AC Status] {'ac_state': 'off', 'ac_temp': 24, 'fan_speed': 1, 'temperature': 24.4, 'humidity': 67.2}
2026-02-11 15:47:00,469 - SmartRoom - INFO - ========================================
2026-02-11 15:47:00,469 - SmartRoom - INFO - Running ML Optimization...
2026-02-11 15:47:00,469 - SmartRoom - INFO -   Occupancy: False | Persons: 0
2026-02-11 15:47:00,557 - ACGeneticOptimizer - INFO - GA Result: {'ac_temperature': 23, 'fan_speed': 3, 'duty_cycle': 0.0, 'should_turn_on': False, 'energy_score': np.float64(0.0), 'comfort_score': 1.0}
2026-02-11 15:47:00,557 - SmartRoom - INFO -   [AC] Temp:23C On:False
2026-02-11 15:47:00,558 - SmartRoom - INFO -   [Lamp] Brightness:0 On:False
2026-02-11 15:47:00,558 - SmartRoom - INFO - ========================================
2026-02-11 15:47:00,751 - SmartRoom - INFO - [AC Status] {'ac_state': 'off', 'ac_temp': 24, 'fan_speed': 1, 'temperature': 24.4, 'humidity': 67.1}
2026-02-11 15:47:00,843 - SmartRoom - INFO - [Lamp Status] {'brightness_pwm': 0, 'brightness_percent': 0, 'mode': 'manual', 'status': 'off'}
2026-02-11 15:47:03,346 - SmartRoom - INFO - [AC Status] {'ac_state': 'off', 'ac_temp': 24, 'fan_speed': 1, 'temperature': 24.4, 'humidity': 67.1}
2026-02-11 15:47:13,371 - SmartRoom - INFO - [AC Status] {'ac_state': 'off', 'ac_temp': 24, 'fan_speed': 1, 'temperature': 24.4, 'humidity': 67.2}
2026-02-11 15:47:23,356 - SmartRoom - INFO - [AC Status] {'ac_state': 'off', 'ac_temp': 24, 'fan_speed': 1, 'temperature': 24.4, 'humidity': 67.1}
2026-02-11 15:47:30,558 - SmartRoom - INFO - ========================================
2026-02-11 15:47:30,558 - SmartRoom - INFO - Running ML Optimization...
2026-02-11 15:47:30,558 - SmartRoom - INFO -   Occupancy: False | Persons: 0
2026-02-11 15:47:30,640 - ACGeneticOptimizer - INFO - GA Result: {'ac_temperature': 25, 'fan_speed': 1, 'duty_cycle': 0.0, 'should_turn_on': False, 'energy_score': np.float64(0.0), 'comfort_score': 1.0}
2026-02-11 15:47:30,642 - SmartRoom - INFO -   [AC] Temp:25C On:False
2026-02-11 15:47:30,643 - SmartRoom - INFO -   [Lamp] Brightness:0 On:False
2026-02-11 15:47:30,643 - SmartRoom - INFO - ========================================
2026-02-11 15:47:30,770 - SmartRoom - INFO - [AC Status] {'ac_state': 'off', 'ac_temp': 24, 'fan_speed': 1, 'temperature': 24.4, 'humidity': 67.1}
2026-02-11 15:47:33,377 - SmartRoom - INFO - [AC Status] {'ac_state': 'off', 'ac_temp': 24, 'fan_speed': 1, 'temperature': 24.4, 'humidity': 67.1}
2026-02-11 15:47:36,226 - SmartRoom - INFO - [Lamp Status] {'brightness_pwm': 0, 'brightness_percent': 0, 'mode': 'manual', 'status': 'off'}
2026-02-11 15:47:43,355 - SmartRoom - INFO - [AC Status] {'ac_state': 'off', 'ac_temp': 24, 'fan_speed': 1, 'temperature': 24.4, 'humidity': 67.2}
2026-02-11 15:47:49,892 - SmartRoom - INFO - STATUS | AC: 24.4C 67.3% | Lamp: 8lux br=0 | Cam: 0ppl | Opts: 6
2026-02-11 15:47:53,416 - SmartRoom - INFO - [AC Status] {'ac_state': 'off', 'ac_temp': 24, 'fan_speed': 1, 'temperature': 24.4, 'humidity': 67.3}
2026-02-11 15:48:00,643 - SmartRoom - INFO - ========================================
2026-02-11 15:48:00,644 - SmartRoom - INFO - Running ML Optimization...
2026-02-11 15:48:00,644 - SmartRoom - INFO -   Occupancy: False | Persons: 0
2026-02-11 15:48:00,749 - ACGeneticOptimizer - INFO - GA Result: {'ac_temperature': 19, 'fan_speed': 1, 'duty_cycle': 0.0, 'should_turn_on': False, 'energy_score': np.float64(0.0), 'comfort_score': 1.0}
2026-02-11 15:48:00,749 - SmartRoom - INFO -   [AC] Temp:19C On:False
2026-02-11 15:48:00,749 - SmartRoom - INFO -   [Lamp] Brightness:0 On:False
2026-02-11 15:48:00,750 - SmartRoom - INFO - ========================================
2026-02-11 15:48:00,790 - SmartRoom - INFO - [AC Status] {'ac_state': 'off', 'ac_temp': 24, 'fan_speed': 1, 'temperature': 24.4, 'humidity': 67.2}
2026-02-11 15:48:00,881 - SmartRoom - INFO - [Lamp Status] {'brightness_pwm': 0, 'brightness_percent': 0, 'mode': 'manual', 'status': 'off'}
2026-02-11 15:48:03,544 - SmartRoom - INFO - [AC Status] {'ac_state': 'off', 'ac_temp': 24, 'fan_speed': 1, 'temperature': 24.4, 'humidity': 67.2}
2026-02-11 15:48:13,373 - SmartRoom - INFO - [AC Status] {'ac_state': 'off', 'ac_temp': 24, 'fan_speed': 1, 'temperature': 24.4, 'humidity': 67.2}
2026-02-11 15:48:23,379 - SmartRoom - INFO - [AC Status] {'ac_state': 'off', 'ac_temp': 24, 'fan_speed': 1, 'temperature': 24.4, 'humidity': 67.2}
2026-02-11 15:48:30,750 - SmartRoom - INFO - ========================================
2026-02-11 15:48:30,752 - SmartRoom - INFO - Running ML Optimization...
2026-02-11 15:48:30,754 - SmartRoom - INFO -   Occupancy: False | Persons: 0
2026-02-11 15:48:30,969 - ACGeneticOptimizer - INFO - GA Result: {'ac_temperature': 19, 'fan_speed': 1, 'duty_cycle': 0.0, 'should_turn_on': False, 'energy_score': np.float64(0.0), 'comfort_score': 1.0}
2026-02-11 15:48:30,970 - SmartRoom - INFO -   [AC] Temp:19C On:False
2026-02-11 15:48:30,970 - SmartRoom - INFO -   [Lamp] Brightness:0 On:False
2026-02-11 15:48:30,971 - SmartRoom - INFO - ========================================
2026-02-11 15:48:31,021 - SmartRoom - INFO - [AC Status] {'ac_state': 'off', 'ac_temp': 24, 'fan_speed': 1, 'temperature': 24.4, 'humidity': 67.3}
2026-02-11 15:48:31,043 - SmartRoom - INFO - [Lamp Status] {'brightness_pwm': 0, 'brightness_percent': 0, 'mode': 'manual', 'status': 'off'}
2026-02-11 15:48:33,355 - SmartRoom - INFO - [AC Status] {'ac_state': 'off', 'ac_temp': 24, 'fan_speed': 1, 'temperature': 24.4, 'humidity': 67.3}
2026-02-11 15:48:43,359 - SmartRoom - INFO - [AC Status] {'ac_state': 'off', 'ac_temp': 24, 'fan_speed': 1, 'temperature': 24.4, 'humidity': 67.2}
2026-02-11 15:48:49,927 - SmartRoom - INFO - STATUS | AC: 24.4C 67.2% | Lamp: 8lux br=0 | Cam: 0ppl | Opts: 8
2026-02-11 15:48:53,330 - SmartRoom - INFO - [AC Status] {'ac_state': 'off', 'ac_temp': 24, 'fan_speed': 1, 'temperature': 24.4, 'humidity': 67.2}
2026-02-11 15:49:00,973 - SmartRoom - INFO - ========================================
2026-02-11 15:49:00,975 - SmartRoom - INFO - Running ML Optimization...
2026-02-11 15:49:00,975 - SmartRoom - INFO -   Occupancy: False | Persons: 0
2026-02-11 15:49:01,111 - ACGeneticOptimizer - INFO - GA Result: {'ac_temperature': 19, 'fan_speed': 1, 'duty_cycle': 0.0, 'should_turn_on': False, 'energy_score': np.float64(0.0), 'comfort_score': 1.0}
2026-02-11 15:49:01,112 - SmartRoom - INFO -   [AC] Temp:19C On:False
2026-02-11 15:49:01,112 - SmartRoom - INFO -   [Lamp] Brightness:0 On:False
2026-02-11 15:49:01,114 - SmartRoom - INFO - ========================================
2026-02-11 15:49:01,178 - SmartRoom - INFO - [Lamp Status] {'brightness_pwm': 0, 'brightness_percent': 0, 'mode': 'manual', 'status': 'off'}
2026-02-11 15:49:01,278 - SmartRoom - INFO - [AC Status] {'ac_state': 'off', 'ac_temp': 24, 'fan_speed': 1, 'temperature': 24.4, 'humidity': 67.2}
2026-02-11 15:49:03,356 - SmartRoom - INFO - [AC Status] {'ac_state': 'off', 'ac_temp': 24, 'fan_speed': 1, 'temperature': 24.4, 'humidity': 67.2}
2026-02-11 15:49:13,323 - SmartRoom - INFO - [AC Status] {'ac_state': 'off', 'ac_temp': 24, 'fan_speed': 1, 'temperature': 24.4, 'humidity': 67.2}
2026-02-11 15:49:23,351 - SmartRoom - INFO - [AC Status] {'ac_state': 'off', 'ac_temp': 24, 'fan_speed': 1, 'temperature': 24.4, 'humidity': 67.4}
2026-02-11 15:49:31,114 - SmartRoom - INFO - ========================================
2026-02-11 15:49:31,115 - SmartRoom - INFO - Running ML Optimization...
2026-02-11 15:49:31,115 - SmartRoom - INFO -   Occupancy: False | Persons: 0
2026-02-11 15:49:31,199 - ACGeneticOptimizer - INFO - GA Result: {'ac_temperature': 16, 'fan_speed': 2, 'duty_cycle': 0.0, 'should_turn_on': False, 'energy_score': np.float64(0.0), 'comfort_score': 1.0}
2026-02-11 15:49:31,200 - SmartRoom - INFO -   [AC] Temp:16C On:False
2026-02-11 15:49:31,200 - SmartRoom - INFO -   [Lamp] Brightness:0 On:False
2026-02-11 15:49:31,200 - SmartRoom - INFO - ========================================
2026-02-11 15:49:31,255 - SmartRoom - INFO - [Lamp Status] {'brightness_pwm': 0, 'brightness_percent': 0, 'mode': 'manual', 'status': 'off'}
2026-02-11 15:49:31,306 - SmartRoom - INFO - [AC Status] {'ac_state': 'off', 'ac_temp': 24, 'fan_speed': 1, 'temperature': 24.4, 'humidity': 67.4}
2026-02-11 15:49:33,387 - SmartRoom - INFO - [AC Status] {'ac_state': 'off', 'ac_temp': 24, 'fan_speed': 1, 'temperature': 24.4, 'humidity': 67.4}
2026-02-11 15:49:43,323 - SmartRoom - INFO - [AC Status] {'ac_state': 'off', 'ac_temp': 24, 'fan_speed': 1, 'temperature': 24.4, 'humidity': 67.3}
2026-02-11 15:49:49,939 - SmartRoom - INFO - STATUS | AC: 24.4C 67.3% | Lamp: 8lux br=0 | Cam: 0ppl | Opts: 10
2026-02-11 15:49:53,332 - SmartRoom - INFO - [AC Status] {'ac_state': 'off', 'ac_temp': 24, 'fan_speed': 1, 'temperature': 24.4, 'humidity': 67.3}
2026-02-11 15:50:01,201 - SmartRoom - INFO - ========================================
2026-02-11 15:50:01,201 - SmartRoom - INFO - Running ML Optimization...
2026-02-11 15:50:01,201 - SmartRoom - INFO -   Occupancy: False | Persons: 0
2026-02-11 15:50:01,306 - ACGeneticOptimizer - INFO - GA Result: {'ac_temperature': 21, 'fan_speed': 2, 'duty_cycle': 0.0, 'should_turn_on': False, 'energy_score': np.float64(0.0), 'comfort_score': 1.0}
2026-02-11 15:50:01,306 - SmartRoom - INFO -   [AC] Temp:21C On:False
2026-02-11 15:50:01,307 - SmartRoom - INFO -   [Lamp] Brightness:0 On:False
2026-02-11 15:50:01,308 - SmartRoom - INFO - ========================================
2026-02-11 15:50:01,514 - SmartRoom - INFO - [Lamp Status] {'brightness_pwm': 0, 'brightness_percent': 0, 'mode': 'manual', 'status': 'off'}
2026-02-11 15:50:02,773 - SmartRoom - INFO - [AC Status] {'ac_state': 'off', 'ac_temp': 24, 'fan_speed': 1, 'temperature': 24.4, 'humidity': 67.3}
2026-02-11 15:50:03,517 - SmartRoom - INFO - [AC Status] {'ac_state': 'off', 'ac_temp': 24, 'fan_speed': 1, 'temperature': 24.4, 'humidity': 67.3}
2026-02-11 15:50:13,389 - SmartRoom - INFO - [AC Status] {'ac_state': 'off', 'ac_temp': 24, 'fan_speed': 1, 'temperature': 24.4, 'humidity': 67.6}
2026-02-11 15:50:23,329 - SmartRoom - INFO - [AC Status] {'ac_state': 'off', 'ac_temp': 24, 'fan_speed': 1, 'temperature': 24.4, 'humidity': 67.8}
2026-02-11 15:50:31,308 - SmartRoom - INFO - ========================================
2026-02-11 15:50:31,309 - SmartRoom - INFO - Running ML Optimization...
2026-02-11 15:50:31,309 - SmartRoom - INFO -   Occupancy: False | Persons: 0
2026-02-11 15:50:31,397 - ACGeneticOptimizer - INFO - GA Result: {'ac_temperature': 18, 'fan_speed': 1, 'duty_cycle': 0.0, 'should_turn_on': False, 'energy_score': np.float64(0.0), 'comfort_score': 1.0}
2026-02-11 15:50:31,398 - SmartRoom - INFO -   [AC] Temp:18C On:False
2026-02-11 15:50:31,398 - SmartRoom - INFO -   [Lamp] Brightness:0 On:False
2026-02-11 15:50:31,399 - SmartRoom - INFO - ========================================
2026-02-11 15:50:31,533 - SmartRoom - INFO - [AC Status] {'ac_state': 'off', 'ac_temp': 24, 'fan_speed': 1, 'temperature': 24.4, 'humidity': 68}
2026-02-11 15:50:31,533 - SmartRoom - INFO - [Lamp Status] {'brightness_pwm': 0, 'brightness_percent': 0, 'mode': 'manual', 'status': 'off'}
2026-02-11 15:50:33,403 - SmartRoom - INFO - [AC Status] {'ac_state': 'off', 'ac_temp': 24, 'fan_speed': 1, 'temperature': 24.4, 'humidity': 67.9}
2026-02-11 15:50:43,342 - SmartRoom - INFO - [AC Status] {'ac_state': 'off', 'ac_temp': 24, 'fan_speed': 1, 'temperature': 24.4, 'humidity': 67.9}
2026-02-11 15:50:49,954 - SmartRoom - INFO - STATUS | AC: 24.4C 67.8% | Lamp: 8lux br=0 | Cam: 0ppl | Opts: 12
2026-02-11 15:50:53,334 - SmartRoom - INFO - [AC Status] {'ac_state': 'off', 'ac_temp': 24, 'fan_speed': 1, 'temperature': 24.4, 'humidity': 68}
2026-02-11 15:51:01,399 - SmartRoom - INFO - ========================================
2026-02-11 15:51:01,399 - SmartRoom - INFO - Running ML Optimization...
2026-02-11 15:51:01,399 - SmartRoom - INFO -   Occupancy: False | Persons: 0
2026-02-11 15:51:01,483 - ACGeneticOptimizer - INFO - GA Result: {'ac_temperature': 29, 'fan_speed': 2, 'duty_cycle': 0.0, 'should_turn_on': False, 'energy_score': np.float64(0.0), 'comfort_score': 1.0}
2026-02-11 15:51:01,483 - SmartRoom - INFO -   [AC] Temp:29C On:False
2026-02-11 15:51:01,483 - SmartRoom - INFO -   [Lamp] Brightness:0 On:False
2026-02-11 15:51:01,484 - SmartRoom - INFO - ========================================
2026-02-11 15:51:01,528 - SmartRoom - INFO - [AC Status] {'ac_state': 'off', 'ac_temp': 24, 'fan_speed': 1, 'temperature': 24.4, 'humidity': 68.1}
2026-02-11 15:51:01,537 - SmartRoom - INFO - [Lamp Status] {'brightness_pwm': 0, 'brightness_percent': 0, 'mode': 'manual', 'status': 'off'}
2026-02-11 15:51:03,380 - SmartRoom - INFO - [AC Status] {'ac_state': 'off', 'ac_temp': 24, 'fan_speed': 1, 'temperature': 24.4, 'humidity': 68.1}
2026-02-11 15:51:13,379 - SmartRoom - INFO - [AC Status] {'ac_state': 'off', 'ac_temp': 24, 'fan_speed': 1, 'temperature': 24.4, 'humidity': 67.7}
2026-02-11 15:51:23,336 - SmartRoom - INFO - [AC Status] {'ac_state': 'off', 'ac_temp': 24, 'fan_speed': 1, 'temperature': 24.4, 'humidity': 67.4}
