timestamp,temperature,humidity,occupancy,ac_temp_setting,ac_state
2026-02-10T14:52:26.959562,25.5,71.8,False,24,off
2026-02-10T14:52:32.033824,25.5,71.9,False,24,off
2026-02-10T14:52:37.131770,25.5,71.9,False,24,off
2026-02-10T14:52:42.287588,25.5,71.9,False,24,off
2026-02-10T14:52:46.989477,25.5,72,False,24,off
2026-02-10T14:52:52.009995,25.5,72,False,24,off
2026-02-10T14:52:56.998849,25.5,72.1,False,24,off
2026-02-10T14:53:02.026367,25.5,72.1,False,24,off
2026-02-10T14:53:07.033141,25.5,72.1,False,24,off
2026-02-10T14:53:12.036710,25.5,72.1,False,24,off
2026-02-10T14:53:17.038361,25.5,72.2,False,24,off
2026-02-10T14:53:22.060284,25.5,72.2,False,24,off
2026-02-10T14:53:27.043773,25.5,72.3,False,24,off
2026-02-10T14:53:32.052190,25.6,72.4,False,24,off
2026-02-10T14:53:41.583128,25.6,72.4,False,24,off
2026-02-10T14:53:42.239079,25.5,72.4,False,24,off
2026-02-10T14:53:47.155497,25.6,72.4,False,24,off
2026-02-10T14:53:52.297927,25.6,72.9,False,24,off
2026-02-10T14:53:57.114020,25.6,72.7,False,24,off
2026-02-10T14:54:02.185625,25.6,72.6,False,24,off
2026-02-10T14:54:07.152093,25.6,72.5,False,24,off
2026-02-10T14:54:12.128326,25.6,72.6,False,24,off
2026-02-10T14:54:17.164449,25.6,72.6,False,24,off
2026-02-10T14:54:22.202239,25.6,72.6,False,24,off
2026-02-10T14:54:27.174268,25.6,72.7,False,24,off
2026-02-10T14:54:32.182470,25.6,72.7,False,24,off
2026-02-10T14:54:37.190591,25.6,72.6,False,24,off
2026-02-10T14:54:42.201600,25.6,72.6,False,24,off
2026-02-10T14:54:47.221107,25.6,72.7,False,24,off
2026-02-10T14:54:52.204700,25.6,72.7,False,24,off
2026-02-10T14:54:57.209935,25.6,72.9,False,24,off
2026-02-10T14:55:02.250448,25.6,72.9,False,24,off
2026-02-10T14:55:07.252046,25.6,72.9,False,24,off
2026-02-10T14:55:12.256990,25.6,72.9,False,24,off
2026-02-10T14:55:17.272536,25.6,72.9,False,24,off
2026-02-10T14:55:22.255508,25.6,72.9,False,24,off
2026-02-10T14:55:27.279784,25.6,72.9,False,24,off
2026-02-10T14:55:32.298190,25.6,72.8,False,24,off
2026-02-10T14:55:37.335329,25.6,72.9,False,24,off
2026-02-10T14:55:42.292610,25.6,72.9,False,24,off
2026-02-10T14:55:47.365220,25.6,73,False,24,off
2026-02-10T14:55:52.308795,25.6,73.1,False,24,off
2026-02-10T14:55:57.315672,25.6,73.1,False,24,off
2026-02-10T14:56:02.325145,25.6,73.1,False,24,off
2026-02-10T14:56:08.934491,25.6,73.1,False,24,off
2026-02-10T14:56:12.378834,25.6,73.2,False,24,off
2026-02-10T14:56:17.363917,25.6,73.2,False,24,off
2026-02-10T14:56:23.751367,25.6,73.3,False,24,off
2026-02-10T14:56:27.396314,25.6,73.3,False,24,off
2026-02-10T14:56:32.384575,25.6,73.4,False,24,off
2026-02-10T14:56:37.392722,25.6,73.4,False,24,off
2026-02-10T14:56:42.400493,25.6,73.4,False,24,off
2026-02-10T14:56:47.410333,25.6,73.4,False,24,off
2026-02-10T14:56:52.448556,25.6,73.5,False,24,off
2026-02-10T14:56:57.433888,25.6,73.5,False,24,off
2026-02-10T14:57:02.439270,25.6,73.5,False,24,off
2026-02-10T14:57:07.466554,25.6,73.5,False,24,off
2026-02-10T14:57:12.489956,25.6,73.6,False,24,off
2026-02-10T14:57:18.788203,25.6,73.6,False,24,off
2026-02-10T14:57:23.773698,25.6,73.6,False,24,off
2026-02-10T14:57:27.624695,25.6,73.7,False,24,off
2026-02-10T14:57:32.493052,25.6,73.7,False,24,off
2026-02-10T14:57:37.502170,25.6,73.7,False,24,off
2026-02-10T14:57:42.531812,25.6,73.9,False,24,off
2026-02-10T14:57:47.550472,25.6,73.9,False,24,off
2026-02-10T14:57:52.553410,25.6,74,False,24,off
2026-02-10T14:57:57.556251,25.6,73.9,False,24,off
2026-02-10T14:58:02.757337,25.6,73.9,False,24,off
2026-02-10T14:58:07.594683,25.6,73.8,False,24,off
2026-02-10T14:58:12.571373,25.6,73.8,False,24,off
2026-02-10T14:58:17.599983,25.6,73.8,False,24,off
2026-02-10T14:58:22.628425,25.6,73.8,False,24,off
2026-02-10T14:58:28.783253,25.6,73.7,False,24,off
2026-02-10T14:58:32.608304,25.6,73.8,False,24,off
2026-02-10T14:58:37.626416,25.7,73.8,False,24,off
2026-02-10T14:58:42.654307,25.7,73.8,False,24,off
2026-02-10T14:58:47.633510,25.7,73.9,False,24,off
2026-02-10T14:58:52.642876,25.7,73.8,False,24,off
2026-02-10T14:58:57.651189,25.7,73.8,False,24,off
2026-02-10T14:59:02.670447,25.6,73.8,False,24,off
2026-02-10T14:59:07.679911,25.6,73.7,False,24,off
2026-02-10T14:59:12.681557,25.6,73.8,False,24,off
2026-02-10T14:59:17.696443,25.7,73.8,False,24,off
2026-02-10T14:59:22.707855,25.7,73.8,False,24,off
2026-02-10T14:59:27.735797,25.7,73.9,False,24,off
2026-02-10T14:59:32.716691,25.7,73.9,False,24,off
2026-02-10T14:59:37.725313,25.7,74,False,24,off
2026-02-10T14:59:42.762717,25.7,74,False,24,off
2026-02-10T14:59:47.745406,25.7,73.9,False,24,off
2026-02-10T14:59:52.754758,25.7,73.9,False,24,off
2026-02-10T14:59:57.783418,25.7,73.8,False,24,off
2026-02-10T15:00:02.790825,25.7,73.8,False,24,off
2026-02-10T15:00:07.783388,25.7,73.8,False,24,off
2026-02-10T15:00:12.787603,25.7,73.7,False,24,off
2026-02-10T15:00:17.800370,25.7,73.7,False,24,off
2026-02-10T15:00:22.835147,25.7,73.7,False,24,off
2026-02-10T15:00:27.817313,25.8,73.7,False,24,off
2026-02-10T15:00:32.840964,25.8,73.7,False,24,off
2026-02-10T15:00:37.850595,25.8,73.7,False,24,off
2026-02-10T15:00:42.874075,25.8,73.7,False,24,off
2026-02-10T15:00:47.912233,25.8,73.7,False,24,off
2026-02-10T15:00:54.289383,25.8,73.7,False,24,off
2026-02-10T15:00:57.876788,25.8,73.7,False,24,off
2026-02-10T15:01:02.883758,25.8,73.7,False,24,off
2026-02-10T15:01:07.899068,25.8,73.8,False,24,off
2026-02-10T15:01:12.902905,25.8,73.7,False,24,off
2026-02-10T15:01:17.913534,25.8,73.8,False,24,off
2026-02-10T15:01:22.932167,25.8,73.8,False,24,off
2026-02-10T15:01:27.949834,25.8,73.9,False,24,off
2026-02-10T15:01:34.296463,25.8,74,False,24,off
2026-02-10T15:01:38.090150,25.8,74.1,False,24,off
2026-02-10T15:01:43.000761,25.8,74.1,False,24,off
2026-02-10T15:01:48.072966,25.8,74.1,False,24,off
2026-02-10T15:02:09.356125,25.9,73.9,False,24,off
2026-02-10T15:02:15.223245,25.9,73.9,False,24,off
2026-02-10T15:02:23.788242,25.8,73.8,False,24,off
2026-02-10T15:02:23.879560,25.9,73.8,False,24,off
2026-02-10T15:02:29.272144,25.8,73.8,False,24,off
2026-02-10T15:02:33.155510,25.8,73.9,False,24,off
2026-02-10T15:02:42.830912,25.8,73.9,False,24,off
2026-02-10T15:02:43.114417,25.8,73.9,False,24,off
2026-02-10T15:02:48.083097,25.8,74,False,24,off
2026-02-10T15:02:53.115148,25.8,74,False,24,off
2026-02-10T15:02:58.115932,25.8,74.1,False,24,off
2026-02-10T15:03:03.107215,25.8,74.1,False,24,off
2026-02-10T15:03:09.277352,25.8,74.1,False,24,off
2026-02-10T15:03:14.376058,25.8,74.2,False,24,off
2026-02-10T15:03:45.281881,25.8,74.3,False,24,off
2026-02-10T15:03:48.221116,25.8,74.4,False,24,off
2026-02-10T15:03:53.227938,25.8,74.4,False,24,off
2026-02-10T15:03:58.236936,25.8,74.4,False,24,off
2026-02-10T15:04:03.305447,25.8,74.4,False,24,off
2026-02-10T15:04:08.244392,25.8,74.5,False,24,off
2026-02-10T15:04:14.319204,25.8,74.5,False,24,off
2026-02-10T15:04:18.278436,25.8,74.6,False,24,off
2026-02-10T15:04:23.292177,25.8,74.7,False,24,off
2026-02-10T15:04:28.306781,25.8,74.7,False,24,off
2026-02-10T15:04:33.297495,25.8,74.6,False,24,off
2026-02-10T15:04:38.307749,25.8,74.6,False,24,off
2026-02-10T15:04:43.298372,25.8,74.6,False,24,off
2026-02-10T15:04:48.331247,25.8,74.6,False,24,off
2026-02-10T15:04:54.337095,25.8,74.6,False,24,off
2026-02-10T15:04:59.792486,25.8,74.6,False,24,off
2026-02-10T15:05:03.339611,25.8,74.6,False,24,off
2026-02-10T15:05:08.640620,25.8,74.6,False,24,off
2026-02-10T15:05:13.394295,25.8,74.6,False,24,off
2026-02-10T15:05:18.440040,25.8,74.6,False,24,off
2026-02-10T15:05:25.928935,25.8,74.7,False,24,off
2026-02-10T15:05:28.394671,25.8,74.6,False,24,off
2026-02-10T15:05:33.414227,25.8,74.6,False,24,off
2026-02-10T15:05:38.673049,25.8,74.6,False,24,off
2026-02-10T15:05:45.869539,25.8,74.6,False,24,off
2026-02-10T15:05:48.447020,25.8,74.6,False,24,off
2026-02-10T15:05:53.757843,25.7,74.7,False,24,off
2026-02-10T15:06:04.413372,25.8,74.7,False,24,off
2026-02-10T15:06:04.644470,25.8,74.7,False,24,off
2026-02-10T15:06:18.805750,25.7,74.7,False,24,off
2026-02-10T15:06:18.913400,25.7,74.7,False,24,off
2026-02-10T15:06:18.913616,25.8,74.7,False,24,off
2026-02-10T15:06:23.500288,25.8,74.7,False,24,off
2026-02-10T15:06:30.220060,25.8,74.7,False,24,off
2026-02-10T15:06:33.553161,25.8,74.8,False,24,off
2026-02-10T15:06:38.827634,25.8,74.8,False,24,off
2026-02-10T15:07:05.234491,25.8,74.9,False,24,off
2026-02-10T15:07:17.255508,25.8,74.9,False,24,off
2026-02-10T15:07:17.255905,25.8,74.9,False,24,off
2026-02-10T15:07:42.439431,25.8,74.8,False,24,off
2026-02-10T15:07:43.691845,25.8,74.7,False,24,off
2026-02-10T15:07:51.204259,25.8,74.9,False,24,off
2026-02-10T15:07:55.750253,25.8,75,False,24,off
2026-02-10T15:07:58.668200,25.8,75,False,24,off
2026-02-10T15:08:09.204117,25.9,74.9,False,24,off
2026-02-10T15:08:10.737257,25.9,74.8,False,24,off
2026-02-10T15:08:13.721108,25.9,74.7,False,24,off
2026-02-10T15:08:18.702401,25.9,74.6,False,24,off
2026-02-10T15:08:23.714526,25.9,74.6,False,24,off
2026-02-10T15:08:28.724433,25.9,74.5,False,24,off
2026-02-10T15:08:33.811671,25.9,74.5,False,24,off
2026-02-10T15:08:38.803576,25.9,74.5,False,24,off
2026-02-10T15:08:43.767594,25.9,74.5,False,24,off
2026-02-10T15:08:48.755188,25.9,74.4,False,24,off
2026-02-10T15:08:53.784328,25.9,74.4,False,24,off
2026-02-10T15:08:58.776943,25.9,74.5,False,24,off
2026-02-10T15:09:03.785832,25.9,74.5,False,24,off
2026-02-10T15:09:08.802344,25.9,74.5,False,24,off
2026-02-10T15:09:13.804254,25.9,74.5,False,24,off
2026-02-10T15:09:20.208153,25.9,74.5,False,24,off
2026-02-10T15:09:26.743296,25.9,74.5,False,24,off
2026-02-10T15:09:51.822582,25.9,74.5,False,24,off
2026-02-10T15:09:56.834767,25.9,74.4,False,24,off
2026-02-10T15:10:01.847541,25.9,74.5,False,24,off
2026-02-10T15:10:08.252408,25.9,74.5,False,24,off
2026-02-10T15:10:13.285359,25.9,74.5,False,24,off
2026-02-10T15:10:16.868319,25.9,74.6,False,24,off
2026-02-10T15:10:21.904160,26,74.8,False,24,off
2026-02-10T15:10:28.141721,26,74.9,False,24,off
2026-02-10T15:10:36.157578,26,74.7,False,24,off
2026-02-10T15:10:36.914329,26,74.7,False,24,off
2026-02-10T15:10:41.942513,26,74.6,False,24,off
2026-02-10T15:10:46.914092,26,74.6,False,24,off
2026-02-10T15:10:51.922695,26.1,74.8,False,24,off
2026-02-10T15:10:56.970970,26.1,74.9,False,24,off
2026-02-10T15:11:02.372271,26.1,74.9,False,24,off
2026-02-10T15:11:06.974711,26.1,74.7,False,24,off
2026-02-10T15:11:12.027417,26.1,74.6,False,24,off
2026-02-10T15:11:16.964997,26.1,74.6,False,24,off
2026-02-10T15:11:21.972862,26.1,74.5,False,24,off
2026-02-10T15:11:26.987503,26.1,74.4,False,24,off
2026-02-10T15:11:32.001981,26.2,74.3,False,24,off
2026-02-10T15:11:37.023211,26.2,74.2,False,24,off
2026-02-10T15:11:42.009663,26.2,74.3,False,24,off
2026-02-10T15:11:47.022290,26.2,74.2,False,24,off
2026-02-10T15:11:52.032271,26.2,74.2,False,24,off
2026-02-10T15:11:57.038308,26.2,74.1,False,24,off
2026-02-10T15:12:02.050558,26.2,74.1,False,24,off
2026-02-10T15:12:07.054282,26.2,74.1,False,24,off
2026-02-10T15:12:12.070261,26.2,74,False,24,off
2026-02-10T15:12:17.126215,26.2,74,False,24,off
2026-02-10T15:12:22.121533,26.2,74.1,False,24,off
2026-02-10T15:12:27.096153,26.2,74,False,24,off
2026-02-10T15:12:32.115276,26.2,74,False,24,off
2026-02-10T15:12:37.116015,26.2,74,False,24,off
2026-02-10T15:12:42.117880,26.3,73.9,False,24,off
2026-02-10T15:12:47.133687,26.3,74,False,24,off
2026-02-10T15:12:52.137725,26.2,74,False,24,off
2026-02-10T15:12:57.172633,26.2,74,False,24,off
2026-02-10T15:13:02.156815,26.3,74.1,False,24,off
2026-02-10T15:13:07.440945,26.3,74.2,False,24,off
2026-02-10T15:13:12.181846,26.3,74.1,False,24,off
2026-02-10T15:13:17.190030,26.3,73.9,False,24,off
2026-02-10T15:13:22.197771,26.3,73.9,False,24,off
2026-02-10T15:13:27.199191,26.3,73.9,False,24,off
2026-02-10T15:13:32.228442,26.3,73.9,False,24,off
2026-02-10T15:13:37.238424,26.3,73.8,False,24,off
2026-02-10T15:13:42.234616,26.3,73.7,False,24,off
2026-02-10T15:13:47.248476,26.3,73.7,False,24,off
2026-02-10T15:13:52.251374,26.4,73.7,False,24,off
2026-02-10T15:13:57.259784,26.4,73.6,False,24,off
2026-02-10T15:14:02.268195,26.4,73.7,False,24,off
2026-02-10T15:14:07.301339,26.4,73.7,False,24,off
2026-02-10T15:14:12.306075,26.4,73.6,False,24,off
2026-02-10T15:14:17.359262,26.4,73.6,False,24,off
2026-02-10T15:14:22.305098,26.4,73.5,False,24,off
2026-02-10T15:14:27.318187,26.4,73.5,False,24,off
2026-02-10T15:14:32.322955,26.4,73.4,False,24,off
2026-02-10T15:14:37.348439,26.4,73.4,False,24,off
2026-02-10T15:14:42.439407,26.4,73.5,False,24,off
2026-02-10T15:14:47.351066,26.4,73.5,False,24,off
2026-02-10T15:14:52.374474,26.4,73.5,False,24,off
2026-02-10T15:14:57.570371,26.5,73.5,False,24,off
2026-02-10T15:15:02.389090,26.5,73.5,False,24,off
2026-02-10T15:15:07.385071,26.5,73.5,False,24,off
2026-02-10T15:15:12.397930,26.5,73.5,False,24,off
2026-02-10T15:15:17.406342,26.5,73.5,False,24,off
2026-02-10T15:15:22.436472,26.4,73.5,False,24,off
2026-02-10T15:15:27.453476,26.5,73.5,False,24,off
2026-02-10T15:15:57.501879,26.5,73.3,False,24,off
2026-02-10T15:16:02.489056,26.5,73.3,False,24,off
2026-02-10T15:16:07.520864,26.5,73.4,False,24,off
2026-02-10T15:16:12.516356,26.5,73.3,False,24,off
2026-02-10T15:16:18.140964,26.5,73.4,False,24,off
2026-02-10T15:16:22.533186,26.5,73.3,False,24,off
2026-02-10T15:16:27.551816,26.5,73.4,False,24,off
2026-02-10T15:16:32.637659,26.5,73.4,False,24,off
2026-02-10T15:16:37.585983,26.5,73.5,False,24,off
2026-02-10T15:16:42.621749,26.5,73.6,False,24,off
2026-02-10T15:16:47.574303,26.5,73.6,False,24,off
2026-02-10T15:16:52.584867,26.5,73.7,False,24,off
2026-02-10T15:16:57.587735,26.5,73.6,False,24,off
2026-02-10T15:17:02.637123,26.5,73.6,False,24,off
2026-02-10T15:17:07.639929,26.5,73.5,False,24,off
2026-02-10T15:17:13.087181,26.5,73.5,False,24,off
2026-02-10T15:17:17.690831,26.5,73.6,False,24,off
2026-02-10T15:17:22.688623,26.5,73.5,False,24,off
2026-02-10T15:17:27.661126,26.5,73.6,False,24,off
2026-02-10T15:17:32.670363,26.5,73.6,False,24,off
2026-02-10T15:17:37.700470,26.5,73.5,False,24,off
2026-02-10T15:17:42.697940,26.5,73.6,False,24,off
2026-02-10T15:17:47.713756,26.5,73.5,False,24,off
2026-02-10T15:17:52.701231,26.5,73.6,False,24,off
2026-02-10T15:17:57.716619,26.5,73.7,False,24,off
2026-02-10T15:18:02.728874,26.5,73.7,False,24,off
2026-02-10T15:18:07.745161,26.5,73.6,False,24,off
2026-02-10T15:18:12.759737,26.5,73.5,False,24,off
2026-02-10T15:18:17.747869,26.5,73.5,False,24,off
2026-02-10T15:18:22.775727,26.5,73.5,False,24,off
2026-02-10T15:18:27.787345,26.5,73.6,False,24,off
2026-02-10T15:18:32.786839,26.5,73.5,False,24,off
2026-02-10T15:18:44.136352,26.5,73.6,False,24,off
2026-02-10T15:18:49.133994,26.5,73.5,False,24,off
2026-02-10T15:18:54.168904,26.5,73.5,False,24,off
2026-02-10T15:18:59.185312,26.5,73.4,False,24,off
2026-02-10T15:19:04.174528,26.5,73.5,False,24,off
2026-02-10T15:19:09.194075,26.5,73.5,False,24,off
2026-02-10T15:19:14.176624,26.5,73.6,False,24,off
2026-02-10T15:19:19.203110,26.5,73.6,False,24,off
2026-02-10T15:19:24.213376,26.5,73.6,False,24,off
2026-02-10T15:19:29.203846,26.5,73.6,False,24,off
2026-02-10T15:19:34.236926,26.5,73.7,False,24,off
2026-02-10T15:19:39.249162,26.5,73.7,False,24,off
2026-02-10T15:19:44.463971,26.5,73.7,False,24,off
2026-02-10T15:19:49.396080,26.5,73.6,False,24,off
2026-02-10T15:19:54.259692,26.5,73.6,False,24,off
2026-02-10T15:19:59.571231,26.5,73.5,False,24,off
2026-02-10T15:20:04.272264,26.5,73.6,False,24,off
2026-02-10T15:20:09.282006,26.5,73.6,False,24,off
2026-02-10T15:20:14.313901,26.5,73.6,False,24,off
2026-02-10T15:20:19.301214,26.5,73.7,False,24,off
2026-02-10T15:20:24.310560,26.5,73.7,False,24,off
2026-02-10T15:20:29.317169,26.5,73.6,False,24,off
2026-02-10T15:20:34.330972,26.5,73.7,False,24,off
2026-02-10T15:20:39.334805,26.6,73.6,False,24,off
2026-02-10T15:20:44.352286,26.6,73.6,False,24,off
2026-02-10T15:20:49.358318,26.6,73.5,False,24,off
2026-02-10T15:20:54.372595,26.6,73.6,False,24,off
2026-02-10T15:20:59.377319,26.6,73.7,False,24,off
2026-02-10T15:21:04.386614,26.6,73.7,False,24,off
2026-02-10T15:21:09.412582,26.6,73.6,False,24,off
2026-02-10T15:21:14.400238,26.6,73.6,False,24,off
2026-02-10T15:21:19.414155,26.6,73.5,False,24,off
2026-02-10T15:21:24.424504,26.6,73.5,False,24,off
2026-02-10T15:21:29.431192,26.6,73.6,False,24,off
2026-02-10T15:21:34.437629,26.6,73.7,False,24,off
2026-02-10T15:21:39.449592,26.6,73.7,False,24,off
2026-02-10T15:21:44.464969,26.6,73.8,False,24,off
2026-02-10T15:21:49.465350,26.6,73.8,False,24,off
2026-02-10T15:21:54.478722,26.6,73.8,False,24,off
2026-02-10T15:21:59.486586,26.6,73.7,False,24,off
2026-02-10T15:22:04.500019,26.6,73.5,False,24,off
2026-02-10T15:22:09.502881,26.6,73.5,False,24,off
2026-02-10T15:22:14.514111,26.6,73.4,False,24,off
2026-02-10T15:22:19.553027,26.6,73.4,False,24,off
2026-02-10T15:22:24.533044,26.6,73.5,False,24,off
2026-02-10T15:22:29.543647,26.6,73.5,False,24,off
2026-02-10T15:22:34.557229,26.5,73.5,False,24,off
2026-02-10T15:22:39.586696,26.5,73.5,False,24,off
2026-02-10T15:22:44.574012,26.5,73.5,False,24,off
2026-02-10T15:22:49.579338,26.5,73.6,False,24,off
2026-02-10T15:22:54.591569,26.5,73.6,False,24,off
2026-02-10T15:22:59.598450,26.5,73.7,False,24,off
2026-02-10T15:23:04.607315,26.5,73.7,False,24,off
2026-02-10T15:23:09.633831,26.5,73.8,False,24,off
2026-02-10T15:23:14.643163,26.5,73.8,False,24,off
2026-02-10T15:23:19.639498,26.4,73.8,False,24,off
2026-02-10T15:23:24.644321,26.4,73.9,False,24,off
2026-02-10T15:23:29.653562,26.4,73.9,False,24,off
2026-02-10T15:23:34.662998,26.4,74,False,24,off
2026-02-10T15:23:39.672610,26.4,74.1,False,24,off
2026-02-10T15:23:44.997362,26.4,74.2,False,24,off
2026-02-10T15:23:49.705980,26.4,74.3,False,24,off
2026-02-10T15:23:54.718844,26.4,74.2,False,24,off
2026-02-10T15:23:59.709847,26.5,74.2,False,24,off
2026-02-10T15:24:04.718591,26.5,74.1,False,24,off
2026-02-10T15:24:09.729728,26.5,74.1,False,24,off
2026-02-10T15:24:14.738007,26.5,74.1,False,24,off
2026-02-10T15:24:19.750695,26.5,74.1,False,24,off
2026-02-10T15:24:24.761974,26.5,74.1,False,24,off
2026-02-10T15:24:29.766483,26.5,74,False,24,off
2026-02-10T15:24:34.774606,26.5,74,False,24,off
2026-02-10T15:24:39.812491,26.5,74.1,False,24,off
2026-02-10T15:24:44.799348,26.5,74,False,24,off
2026-02-10T15:24:49.802257,26.5,74,False,24,off
2026-02-10T15:24:54.811792,26.5,73.9,False,24,off
2026-02-10T15:24:59.820884,26.5,73.9,False,24,off
2026-02-10T15:25:04.833130,26.5,73.9,False,24,off
2026-02-10T15:25:09.848251,26.5,73.9,False,24,off
2026-02-10T15:25:14.848639,26.5,74,False,24,off
2026-02-10T15:25:19.858014,26.5,74,False,24,off
2026-02-10T15:25:24.867699,26.5,74,False,24,off
2026-02-10T15:25:29.873993,26.5,74,False,24,off
2026-02-10T15:25:34.920345,26.5,74,False,24,off
2026-02-10T15:25:39.901824,26.5,74,False,24,off
2026-02-10T15:25:44.908146,26.5,74,False,24,off
2026-02-10T15:25:49.922950,26.5,74,False,24,off
2026-02-10T15:25:54.923040,26.5,74,False,24,off
2026-02-10T15:25:59.934720,26.5,74.1,False,24,off
2026-02-10T15:26:04.946486,26.5,74,False,24,off
2026-02-10T15:26:09.955162,26.5,74,False,24,off
2026-02-10T15:26:14.960136,26.5,74,False,24,off
2026-02-10T15:26:19.969239,26.5,74,False,24,off
2026-02-10T15:26:24.979193,26.5,73.9,False,24,off
2026-02-10T15:26:29.988271,26.5,73.9,False,24,off
2026-02-10T15:26:34.999402,26.5,73.9,False,24,off
2026-02-10T15:26:40.031202,26.5,74,False,24,off
2026-02-10T15:26:45.018933,26.5,74,False,24,off
2026-02-10T15:26:50.032857,26.5,74.1,False,24,off
2026-02-10T15:26:55.034943,26.5,74,False,24,off
2026-02-10T15:27:00.044021,26.5,74,False,24,off
2026-02-10T15:27:05.053562,26.5,74,False,24,off
2026-02-10T15:27:10.062265,26.5,74,False,24,off
2026-02-10T15:27:15.375367,26.5,74.1,False,24,off
2026-02-10T15:27:20.128217,26.5,74.1,False,24,off
2026-02-10T15:27:25.090941,26.5,74.1,False,24,off
2026-02-10T15:27:30.104197,26.5,74.2,False,24,off
2026-02-10T15:27:35.117768,26.5,74.2,False,24,off
2026-02-10T15:27:40.122879,26.5,74.3,False,24,off
2026-02-10T15:27:45.134022,26.5,74.3,False,24,off
2026-02-10T15:27:50.147862,26.5,74.4,False,24,off
2026-02-10T15:27:55.485676,26.5,74.5,False,24,off
2026-02-10T15:28:00.176018,26.5,74.6,False,24,off
2026-02-10T15:28:05.162053,26.5,74.5,False,24,off
2026-02-10T15:28:10.197029,26.5,74.4,False,24,off
2026-02-10T15:28:15.195381,26.6,74.3,False,24,off
2026-02-10T15:28:20.192333,26.5,74.3,False,24,off
2026-02-10T15:28:25.203338,26.6,74.3,False,24,off
2026-02-10T15:28:30.212354,26.5,74.3,False,24,off
2026-02-10T15:28:35.226268,26.6,74.3,False,24,off
2026-02-10T15:28:40.233836,26.5,74.3,False,24,off
2026-02-10T15:28:45.432763,26.6,74.3,False,24,off
2026-02-10T15:28:50.260696,26.5,74.4,False,24,off
2026-02-10T15:28:55.257473,26.6,74.4,False,24,off
2026-02-10T15:29:00.396330,26.6,74.3,False,24,off
2026-02-10T15:29:05.279936,26.6,74.2,False,24,off
2026-02-10T15:29:10.310849,26.6,74.1,False,24,off
2026-02-10T15:29:15.299895,26.6,74.1,False,24,off
2026-02-10T15:29:20.304318,26.6,74.1,False,24,off
2026-02-10T15:29:25.318179,26.5,74.1,False,24,off
2026-02-10T15:29:30.628228,26.5,74.2,False,24,off
2026-02-10T15:29:35.333557,26.5,74.2,False,24,off
2026-02-10T15:29:40.374502,26.5,74.1,False,24,off
2026-02-10T15:29:45.363357,26.5,74.1,False,24,off
2026-02-10T15:29:50.379015,26.5,74.1,False,24,off
2026-02-10T15:29:55.370833,26.5,74.2,False,24,off
2026-02-10T15:30:00.384909,26.5,74.3,False,24,off
2026-02-10T15:30:05.392292,26.5,74.2,False,24,off
2026-02-10T15:30:10.426448,26.5,74.2,False,24,off
2026-02-10T15:30:15.414082,26.5,74.3,False,24,off
2026-02-10T15:30:20.438224,26.5,74.3,False,24,off
2026-02-10T15:30:25.440695,26.5,74.3,False,24,off
2026-02-10T15:30:30.552304,26.4,74.4,False,24,off
2026-02-10T15:30:35.456352,26.4,74.4,False,24,off
2026-02-10T15:30:40.454924,26.4,74.4,False,24,off
2026-02-10T15:30:45.463463,26.4,74.5,False,24,off
2026-02-10T15:30:50.476820,26.4,74.5,False,24,off
2026-02-10T15:30:55.577601,26.4,74.7,False,24,off
2026-02-10T15:31:00.523578,26.4,74.7,False,24,off
2026-02-10T15:31:05.505451,26.4,74.7,False,24,off
2026-02-10T15:31:10.511912,26.4,74.6,False,24,off
2026-02-10T15:31:15.520263,26.4,74.6,False,24,off
2026-02-10T15:31:20.530545,26.4,74.6,False,24,off
2026-02-10T15:31:26.592368,26.4,74.6,False,24,off
2026-02-10T15:31:30.547625,26.4,74.6,False,24,off
2026-02-10T15:31:35.561544,26.3,74.6,False,24,off
2026-02-10T15:31:40.574282,26.4,74.6,False,24,off
2026-02-10T15:31:45.575951,26.3,74.6,False,24,off
2026-02-10T15:31:50.589369,26.4,74.7,False,24,off
2026-02-10T15:31:55.608252,26.4,74.8,False,24,off
2026-02-10T15:32:00.627417,26.3,74.8,False,24,off
2026-02-10T15:32:05.615766,26.3,74.8,False,24,off
2026-02-10T15:32:10.626467,26.3,74.8,False,24,off
2026-02-10T15:32:15.643222,26.3,74.9,False,24,off
2026-02-10T15:32:20.643966,26.3,74.9,False,24,off
2026-02-10T15:32:25.651823,26.3,74.8,False,24,off
2026-02-10T15:32:30.661202,26.3,74.8,False,24,off
2026-02-10T15:32:35.669870,26.3,74.7,False,24,off
2026-02-10T15:32:40.700820,26.3,74.7,False,24,off
2026-02-10T15:32:45.689448,26.3,74.7,False,24,off
2026-02-10T15:32:50.748136,26.3,74.7,False,24,off
2026-02-10T15:32:55.800559,26.3,74.7,False,24,off
2026-02-10T15:33:00.717139,26.3,74.7,False,24,off
2026-02-10T15:33:05.729965,26.3,74.7,False,24,off
2026-02-10T15:33:10.762990,26.3,74.7,False,24,off
2026-02-10T15:33:15.789052,26.3,74.7,False,24,off
2026-02-10T15:33:20.797931,26.3,74.7,False,24,off
2026-02-10T15:33:25.945791,26.3,74.7,False,24,off
2026-02-10T15:33:30.774229,26.3,74.7,False,24,off
2026-02-10T15:33:35.787703,26.3,74.8,False,24,off
2026-02-10T15:33:40.807464,26.3,74.8,False,24,off
2026-02-10T15:33:45.800642,26.3,74.8,False,24,off
2026-02-10T15:33:50.809998,26.3,74.8,False,24,off
2026-02-10T15:33:55.821533,26.3,74.8,False,24,off
2026-02-10T15:34:00.829660,26.3,74.7,False,24,off
2026-02-10T15:34:06.142311,26.4,74.7,False,24,off
2026-02-10T15:34:10.847262,26.4,74.7,False,24,off
2026-02-10T15:34:15.856672,26.4,74.9,False,24,off
2026-02-10T15:34:20.866209,26.4,74.8,False,24,off
2026-02-10T15:34:25.876727,26.4,74.8,False,24,off
2026-02-10T15:34:30.884293,26.4,74.7,False,24,off
2026-02-10T15:34:35.897213,26.4,74.7,False,24,off
2026-02-10T15:34:40.916908,26.4,74.7,False,24,off
2026-02-10T15:34:45.912613,26.4,74.7,False,24,off
2026-02-10T15:34:50.922176,26.4,74.7,False,24,off
2026-02-10T15:34:55.947789,26.4,74.7,False,24,off
2026-02-10T15:35:00.943531,26.4,74.7,False,24,off
2026-02-10T15:35:05.976888,26.4,74.7,False,24,off
2026-02-10T15:35:10.972034,26.4,74.7,False,24,off
2026-02-10T15:35:15.971527,26.4,74.8,False,24,off
2026-02-10T15:35:20.992699,26.4,74.9,False,24,off
2026-02-10T15:35:25.995635,26.4,74.9,False,24,off
2026-02-10T15:35:31.001649,26.4,74.8,False,24,off
2026-02-10T15:35:36.028688,26.5,74.7,False,24,off
2026-02-10T15:35:41.015458,26.5,74.6,False,24,off
2026-02-10T15:35:46.051019,26.5,74.7,False,24,off
2026-02-10T15:35:51.036949,26.5,74.7,False,24,off
2026-02-10T15:35:56.054280,26.5,74.6,False,24,off
2026-02-10T15:36:01.056562,26.5,74.6,False,24,off
2026-02-10T15:36:06.174554,26.5,74.6,False,24,off
2026-02-10T15:36:11.121543,26.5,74.6,False,24,off
2026-02-10T15:36:16.097957,26.5,74.6,False,24,off
2026-02-10T15:36:21.092820,26.5,74.6,False,24,off
2026-02-10T15:36:26.098106,26.5,74.6,False,24,off
2026-02-10T15:36:31.121110,26.5,74.6,False,24,off
2026-02-10T15:36:36.126019,26.4,74.5,False,24,off
2026-02-10T15:36:41.136881,26.5,74.6,False,24,off
2026-02-10T15:36:46.147160,26.5,74.6,False,24,off
2026-02-10T15:36:51.155141,26.5,74.7,False,24,off
2026-02-10T15:36:56.174550,26.5,74.8,False,24,off
2026-02-10T15:37:01.168352,26.4,74.7,False,24,off
2026-02-10T15:37:06.177159,26.4,74.7,False,24,off
2026-02-10T15:37:11.186745,26.5,74.7,False,24,off
2026-02-10T15:37:16.192248,26.5,74.7,False,24,off
2026-02-10T15:37:21.205581,26.4,74.6,False,24,off
2026-02-10T15:37:26.211319,26.4,74.6,False,24,off
2026-02-10T15:37:31.225529,26.4,74.6,False,24,off
2026-02-10T15:37:36.234429,26.4,74.6,False,24,off
2026-02-10T15:37:41.249850,26.4,74.6,False,24,off
2026-02-10T15:37:46.263102,26.4,74.7,False,24,off
2026-02-10T15:37:51.261233,26.4,74.9,False,24,off
2026-02-10T15:37:56.275502,26.4,75.1,False,24,off
2026-02-10T15:38:05.645303,26.4,75.1,False,24,off
2026-02-10T15:38:06.312840,26.4,75.3,False,24,off
2026-02-10T15:38:11.297510,26.4,75.3,False,24,off
2026-02-10T15:38:16.332264,26.4,75.3,False,24,off
2026-02-10T15:38:21.316350,26.4,75.3,False,24,off
2026-02-10T15:38:26.326361,26.4,75.3,False,24,off
2026-02-10T15:38:31.336256,26.5,75.2,False,24,off
2026-02-10T15:38:36.352424,26.5,75.1,False,24,off
2026-02-10T15:38:41.375947,26.5,75.1,False,24,off
2026-02-10T15:38:46.368597,26.5,75.1,False,24,off
2026-02-10T15:38:51.392201,26.5,75.1,False,24,off
2026-02-10T15:38:56.390799,26.5,75.1,False,24,off
2026-02-10T15:39:01.461586,26.5,75.3,False,24,off
2026-02-10T15:39:06.405221,26.5,75.5,False,24,off
2026-02-10T15:39:11.415156,26.5,75.3,False,24,off
2026-02-10T15:39:16.424262,26.5,75.1,False,24,off
2026-02-10T15:39:21.429831,26.5,75.2,False,24,off
2026-02-10T15:39:26.440612,26.4,75.6,False,24,off
2026-02-10T15:39:31.448713,26.4,75.4,False,24,off
2026-02-10T15:39:36.466776,26.5,75.2,False,24,off
2026-02-10T15:39:41.464739,26.5,75.1,False,24,off
2026-02-10T15:39:46.492228,26.5,75,False,24,off
2026-02-10T15:39:51.491853,26.5,74.9,False,24,off
2026-02-10T15:39:56.492593,26.5,75,False,24,off
2026-02-10T15:40:01.511233,26.5,75.1,False,24,off
2026-02-10T15:40:06.542556,26.5,75.1,False,24,off
2026-02-10T15:40:11.530580,26.5,74.8,False,24,off
2026-02-10T15:40:16.548202,26.5,74.7,False,24,off
2026-02-10T15:40:21.562970,26.5,74.6,False,24,off
2026-02-10T15:40:26.575548,26.5,74.6,False,24,off
2026-02-10T15:40:31.556622,26.5,74.5,False,24,off
2026-02-10T15:40:36.564648,26.5,74.5,False,24,off
2026-02-10T15:40:41.574743,26.5,74.6,False,24,off
2026-02-10T15:40:46.595811,26.5,74.6,False,24,off
2026-02-10T15:40:51.623065,26.5,74.5,False,24,off
2026-02-10T15:40:56.619270,26.5,74.4,False,24,off
2026-02-10T15:41:01.609221,26.5,74.3,False,24,off
2026-02-10T15:41:06.615673,26.5,74.3,False,24,off
2026-02-10T15:41:11.623638,26.5,74.3,False,24,off
2026-02-10T15:41:16.634679,26.5,74.4,False,24,off
2026-02-10T15:41:21.654293,26.5,74.4,False,24,off
2026-02-10T15:41:26.658652,26.5,74.4,False,24,off
2026-02-10T15:41:31.688953,26.5,74.4,False,24,off
2026-02-10T15:41:36.668085,26.5,74.5,False,24,off
2026-02-10T15:41:41.676301,26.4,74.5,False,24,off
2026-02-10T15:41:46.715671,26.4,74.5,False,24,off
2026-02-10T15:41:51.844002,26.4,74.5,False,24,off
2026-02-10T15:41:56.720085,26.4,74.5,False,24,off
2026-02-10T15:42:01.761616,26.4,74.5,False,24,off
2026-02-10T15:42:06.724048,26.4,74.5,False,24,off
2026-02-10T15:42:11.759144,26.4,74.7,False,24,off
2026-02-10T15:42:16.761161,26.4,74.6,False,24,off
2026-02-10T15:42:21.748211,26.4,74.5,False,24,off
2026-02-10T15:42:26.773289,26.4,74.5,False,24,off
2026-02-10T15:42:34.973349,26.4,74.5,False,24,off
2026-02-10T15:42:36.773448,26.4,74.6,False,24,off
2026-02-10T15:42:41.784751,26.4,74.7,False,24,off
2026-02-10T15:42:46.790925,26.4,74.7,False,24,off
2026-02-10T15:42:51.800266,26.4,74.7,False,24,off
2026-02-10T15:42:56.835572,26.4,74.7,False,24,off
2026-02-10T15:43:01.844699,26.4,74.7,False,24,off
2026-02-10T15:43:06.835071,26.3,74.6,False,24,off
2026-02-10T15:43:11.846357,26.3,74.7,False,24,off
2026-02-10T15:43:16.843107,26.3,74.9,False,24,off
2026-02-10T15:43:21.855629,26.3,75.2,False,24,off
2026-02-10T15:43:26.877527,26.3,75.3,False,24,off
2026-02-10T15:43:31.911176,26.4,75,False,24,off
2026-02-10T15:43:36.908576,26.3,74.9,False,24,off
2026-02-10T15:43:41.909786,26.4,74.8,False,24,off
2026-02-10T15:43:46.923371,26.4,74.8,False,24,off
2026-02-10T15:43:51.908735,26.3,74.8,False,24,off
2026-02-10T15:43:57.200357,26.4,74.8,False,24,off
2026-02-10T15:44:01.926321,26.4,74.8,False,24,off
2026-02-10T15:44:06.934026,26.4,74.8,False,24,off
2026-02-10T15:44:11.966506,26.4,74.8,False,24,off
2026-02-10T15:44:16.953580,26.4,74.7,False,24,off
2026-02-10T15:44:21.986256,26.4,74.6,False,24,off
2026-02-10T15:44:26.985345,26.4,74.5,False,24,off
2026-02-10T15:44:31.986019,26.4,74.4,False,24,off
2026-02-10T15:44:36.989677,26.4,74.4,False,24,off
2026-02-10T15:44:42.004518,26.4,74.6,False,24,off
2026-02-10T15:44:47.005949,26.4,74.5,False,24,off
2026-02-10T15:44:52.042737,26.5,74.3,False,24,off
2026-02-10T15:44:57.096435,26.5,74.2,False,24,off
2026-02-10T15:45:02.047679,26.5,74.2,False,24,off
2026-02-10T15:45:07.039074,26.5,74.1,False,24,off
2026-02-10T15:45:12.049930,26.5,73.9,False,24,off
2026-02-10T15:45:17.078956,26.5,73.8,False,24,off
2026-02-10T15:45:22.065331,26.5,73.7,False,24,off
2026-02-10T15:45:27.075185,26.5,73.7,False,24,off
2026-02-10T15:45:32.094729,26.5,73.6,False,24,off
2026-02-10T15:45:37.093695,26.5,73.6,False,24,off
2026-02-10T15:45:42.101678,26.5,73.6,False,24,off
2026-02-10T15:45:47.127913,26.5,73.5,False,24,off
2026-02-10T15:45:52.121274,26.5,73.5,False,24,off
2026-02-10T15:45:57.129956,26.5,73.4,False,24,off
2026-02-10T15:46:02.140548,26.5,73.3,False,24,off
2026-02-10T15:46:07.167930,26.5,73.3,False,24,off
2026-02-10T15:46:12.156085,26.5,73.2,False,24,off
2026-02-10T15:46:17.198132,26.5,73.1,False,24,off
2026-02-10T15:46:22.197531,26.5,73.5,False,24,off
2026-02-10T15:46:27.190450,26.5,73.4,False,24,off
2026-02-10T15:46:32.224479,26.5,73.2,False,24,off
2026-02-10T15:46:37.217420,26.5,73.1,False,24,off
2026-02-10T15:46:42.225340,26.5,73.1,False,24,off
2026-02-10T15:46:47.235169,26.5,73,False,24,off
2026-02-10T15:46:52.239256,26.5,72.9,False,24,off
2026-02-10T15:46:57.253434,26.5,72.9,False,24,off
2026-02-10T15:47:02.254164,26.5,72.8,False,24,off
2026-02-10T15:47:07.287268,26.5,72.7,False,24,off
2026-02-10T15:47:12.278679,26.5,72.7,False,24,off
2026-02-10T15:47:17.298718,26.5,72.6,False,24,off
2026-02-10T15:47:22.292955,26.5,72.5,False,24,off
2026-02-10T15:47:27.294444,26.5,72.5,False,24,off
2026-02-10T15:47:32.303961,26.5,72.5,False,24,off
2026-02-10T15:47:37.326691,26.5,72.5,False,24,off
2026-02-10T15:47:42.336527,26.5,72.4,False,24,off
2026-02-10T15:47:47.634314,26.4,72.4,False,24,off
2026-02-10T15:47:52.359481,26.4,72.4,False,24,off
2026-02-10T15:47:57.347146,26.4,72.4,False,24,off
2026-02-10T15:48:02.414026,26.4,72.4,False,24,off
2026-02-10T15:48:07.368310,26.4,72.4,False,24,off
2026-02-10T15:48:12.394068,26.4,72.4,False,24,off
2026-02-10T15:48:17.385483,26.4,72.4,False,24,off
2026-02-10T15:48:22.392084,26.4,72.4,False,24,off
2026-02-10T15:48:27.405815,26.4,72.4,False,24,off
2026-02-10T15:48:32.425878,26.4,72.4,False,24,off
2026-02-10T15:48:37.423653,26.4,72.4,False,24,off
2026-02-10T15:48:42.430552,26.4,72.4,False,24,off
2026-02-10T15:48:47.476714,26.4,72.4,False,24,off
2026-02-10T15:48:52.456094,26.4,72.3,False,24,off
2026-02-10T15:48:57.478731,26.4,72.3,False,24,off
2026-02-10T15:49:02.487268,26.4,72.2,False,24,off
2026-02-10T15:49:07.496282,26.4,72.2,False,24,off
2026-02-10T15:49:12.491841,26.4,72.2,False,24,off
2026-02-10T15:49:17.492551,26.4,72.2,False,24,off
2026-02-10T15:49:22.500366,26.4,72.1,False,24,off
2026-02-10T15:49:27.511388,26.4,72.1,False,24,off
2026-02-10T15:49:32.520276,26.4,72.1,False,24,off
2026-02-10T15:49:37.530316,26.4,72.1,False,24,off
2026-02-10T15:49:42.538025,26.4,72.1,False,24,off
2026-02-10T15:49:47.545293,26.4,72,False,24,off
2026-02-10T15:49:52.635922,26.4,72.1,False,24,off
2026-02-10T15:49:57.585841,26.4,72,False,24,off
2026-02-10T15:50:02.790399,26.4,71.9,False,24,off
2026-02-10T15:50:07.582291,26.4,72,False,24,off
2026-02-10T15:50:12.591791,26.4,71.9,False,24,off
2026-02-10T15:50:17.637684,26.4,71.9,False,24,off
2026-02-10T15:50:22.631469,26.4,71.8,False,24,off
2026-02-10T15:50:27.622032,26.4,71.6,False,24,off
2026-02-10T15:50:32.627580,26.4,71.6,False,24,off
2026-02-10T15:50:37.660531,26.4,71.6,False,24,off
2026-02-10T15:50:42.646202,26.4,71.6,False,24,off
2026-02-10T15:50:47.678975,26.4,71.5,False,24,off
2026-02-10T15:50:52.702804,26.4,71.6,False,24,off
2026-02-10T15:50:57.693250,26.4,71.6,False,24,off
2026-02-10T15:51:02.681955,26.4,71.7,False,24,off
2026-02-10T15:51:07.692200,26.4,71.8,False,24,off
2026-02-10T15:51:12.717148,26.4,71.9,False,24,off
2026-02-10T15:51:17.738998,26.4,71.9,False,24,off
2026-02-10T15:51:22.741648,26.4,71.7,False,24,off
2026-02-10T15:51:27.733734,26.4,71.6,False,24,off
2026-02-10T15:51:47.764210,26.4,71.5,False,24,off
2026-02-10T15:51:52.774568,26.5,71.5,False,24,off
2026-02-10T15:51:57.797912,26.5,71.4,False,24,off
2026-02-10T15:52:02.807607,26.5,71.4,False,24,off
2026-02-10T15:52:07.815093,26.5,71.3,False,24,off
2026-02-10T15:52:12.808624,26.5,71.2,False,24,off
2026-02-10T15:52:17.827490,26.5,71.2,False,24,off
2026-02-10T15:52:22.840589,26.5,71.2,False,24,off
2026-02-10T15:52:27.863619,26.5,71.2,False,24,off
2026-02-10T15:52:32.846871,26.5,71.2,False,24,off
2026-02-10T15:52:37.854788,26.5,71.2,False,24,off
2026-02-10T15:52:42.944864,26.5,71.1,False,24,off
2026-02-10T15:52:47.873888,26.5,71.2,False,24,off
2026-02-10T15:52:52.885013,26.5,71.1,False,24,off
2026-02-10T15:52:57.917677,26.4,71.1,False,24,off
2026-02-10T15:53:02.900818,26.5,71,False,24,off
2026-02-10T15:53:07.910350,26.4,71,False,24,off
2026-02-10T15:53:12.924939,26.5,71,False,24,off
2026-02-10T15:53:17.951548,26.5,71,False,24,off
2026-02-10T15:53:22.941366,26.5,71,False,24,off
2026-02-10T15:53:27.967700,26.5,71,False,24,off
2026-02-10T15:53:32.959747,26.5,71,False,24,off
2026-02-10T15:53:37.984745,26.5,71,False,24,off
2026-02-10T15:53:42.995876,26.5,71,False,24,off
2026-02-10T15:53:47.990857,26.5,70.9,False,24,off
2026-02-10T15:53:52.996221,26.5,70.9,False,24,off
2026-02-10T15:53:58.020433,26.5,71,False,24,off
2026-02-10T15:54:03.024113,26.5,71,False,24,off
2026-02-10T15:54:08.036721,26.5,70.9,False,24,off
2026-02-10T15:54:13.056336,26.5,70.9,False,24,off
2026-02-10T15:54:18.055379,26.5,70.7,False,24,off
2026-02-10T15:54:23.056703,26.5,70.7,False,24,off
2026-02-10T15:54:28.066578,26.5,70.6,False,24,off
2026-02-10T15:54:33.097523,26.5,70.6,False,24,off
2026-02-10T15:54:38.097910,26.5,70.6,False,24,off
2026-02-10T15:54:43.112133,26.5,70.6,False,24,off
2026-02-10T15:54:48.124073,26.5,70.5,False,24,off
2026-02-10T15:54:53.130326,26.4,70.5,False,24,off
2026-02-10T15:54:58.144477,26.5,70.5,False,24,off
2026-02-10T15:55:03.151851,26.4,70.4,False,24,off
2026-02-10T15:55:08.128722,26.4,70.4,False,24,off
2026-02-10T15:55:13.165169,26.4,70.4,False,24,off
2026-02-10T15:55:18.161359,26.4,70.4,False,24,off
2026-02-10T15:55:23.160312,26.4,70.3,False,24,off
2026-02-10T15:55:28.176929,26.4,70.2,False,24,off
2026-02-10T15:55:33.179876,26.4,70.2,False,24,off
2026-02-10T15:55:38.186565,26.4,70.2,False,24,off
2026-02-10T15:55:43.197838,26.4,70.2,False,24,off
2026-02-10T15:55:48.226016,26.4,70.2,False,24,off
2026-02-10T15:55:53.211342,26.4,70.3,False,24,off
2026-02-10T15:55:58.230343,26.4,70.3,False,24,off
2026-02-10T15:56:03.229012,26.4,70.4,False,24,off
2026-02-10T15:56:08.273961,26.4,70.6,False,24,off
2026-02-10T15:56:13.260834,26.4,70.5,False,24,off
2026-02-10T15:56:18.269038,26.4,70.4,False,24,off
2026-02-10T15:56:23.288612,26.4,70.3,False,24,off
2026-02-10T15:56:28.603267,26.4,70.2,False,24,off
2026-02-10T15:56:33.305085,26.4,70.2,False,24,off
2026-02-10T15:56:38.311561,26.4,70.1,False,24,off
2026-02-10T15:56:43.355605,26.4,70.1,False,24,off
2026-02-10T15:56:50.336608,26.3,70.1,False,24,off
2026-02-10T15:56:53.324465,26.3,70.1,False,24,off
2026-02-10T15:56:58.333620,26.3,70.1,False,24,off
2026-02-10T15:57:05.042591,26.3,70.1,False,24,off
2026-02-10T15:57:08.359146,26.3,70.1,False,24,off
2026-02-10T15:57:13.755950,26.3,70.1,False,24,off
2026-02-10T15:57:18.380955,26.3,70.2,False,24,off
2026-02-10T15:57:23.390407,26.3,70.2,False,24,off
2026-02-10T15:57:28.390981,26.3,70.2,False,24,off
2026-02-10T15:57:33.397991,26.3,70.2,False,24,off
2026-02-10T15:57:38.409128,26.3,70.2,False,24,off
2026-02-10T15:57:43.443443,26.3,70.2,False,24,off
2026-02-10T15:57:48.435924,26.3,70.2,False,24,off
2026-02-10T15:57:53.455554,26.3,70.3,False,24,off
2026-02-10T15:57:58.476381,26.3,70.3,False,24,off
2026-02-10T15:58:03.454108,26.3,70.3,False,24,off
2026-02-10T15:58:08.464397,26.3,70.2,False,24,off
2026-02-10T15:58:13.468706,26.3,70.1,False,24,off
2026-02-10T15:58:18.565078,26.3,70,False,24,off
2026-02-10T15:58:23.497350,26.3,70,False,24,off
2026-02-10T15:58:28.504289,26.3,70,False,24,off
2026-02-10T15:58:33.514070,26.3,70,False,24,off
2026-02-10T15:58:38.513302,26.3,70,False,24,off
2026-02-10T15:58:43.524301,26.3,70,False,24,off
2026-02-10T15:58:48.541530,26.3,69.9,False,24,off
2026-02-10T15:58:53.543380,26.3,69.8,False,24,off
2026-02-10T15:58:58.555666,26.3,69.8,False,24,off
2026-02-10T15:59:03.578195,26.3,69.8,False,24,off
2026-02-10T15:59:08.569574,26.3,69.7,False,24,off
2026-02-10T15:59:13.583207,26.3,69.7,False,24,off
2026-02-10T15:59:18.593745,26.3,69.7,False,24,off
2026-02-10T15:59:23.602284,26.3,69.7,False,24,off
2026-02-10T15:59:28.641877,26.3,69.7,False,24,off
2026-02-10T15:59:38.007530,26.3,69.8,False,24,off
2026-02-10T15:59:38.627271,26.3,69.8,False,24,off
2026-02-10T15:59:43.635335,26.3,69.7,False,24,off
2026-02-10T15:59:48.665945,26.3,69.7,False,24,off
2026-02-10T15:59:53.652663,26.4,69.6,False,24,off
2026-02-10T15:59:58.910281,26.4,69.5,False,24,off
2026-02-10T16:00:04.188080,26.4,69.4,False,24,off
2026-02-10T16:00:08.682431,26.4,69.4,False,24,off
2026-02-10T16:00:13.686420,26.4,69.4,False,24,off
2026-02-10T16:00:18.710193,26.4,69.5,False,24,off
2026-02-10T16:00:23.708313,26.4,69.4,False,24,off
2026-02-10T16:00:28.720507,26.4,69.4,False,24,off
2026-02-10T16:00:33.755112,26.4,69.3,False,24,off
2026-02-10T16:00:38.740053,26.4,69.3,False,24,off
2026-02-10T16:00:43.758932,26.4,69.3,False,24,off
2026-02-10T16:00:48.992391,26.4,69.3,False,24,off
2026-02-10T16:00:53.762027,26.4,69.2,False,24,off
2026-02-10T16:00:58.820622,26.4,69.2,False,24,off
2026-02-10T16:01:03.779247,26.4,69.2,False,24,off
2026-02-10T16:01:08.788243,26.4,69.2,False,24,off
2026-02-10T16:01:13.802743,26.4,69.2,False,24,off
2026-02-10T16:01:18.817545,26.4,69.1,False,24,off
2026-02-10T16:01:23.820532,26.4,69.2,False,24,off
2026-02-10T16:01:28.856854,26.4,69.2,False,24,off
2026-02-10T16:01:33.833324,26.4,69.2,False,24,off
2026-02-10T16:01:38.875340,26.4,69.3,False,24,off
2026-02-10T16:01:43.855389,26.4,69.2,False,24,off
2026-02-10T16:01:48.904506,26.4,69.2,False,24,off
2026-02-10T16:01:53.937868,26.4,69.2,False,24,off
2026-02-10T16:01:59.219032,26.4,69.1,False,24,off
2026-02-10T16:02:03.988230,26.4,69,False,24,off
2026-02-10T16:02:08.916663,26.4,68.9,False,24,off
2026-02-10T16:02:13.912606,26.4,68.8,False,24,off
2026-02-10T16:02:18.918865,26.4,68.8,False,24,off
2026-02-10T16:02:23.955372,26.4,68.9,False,24,off
2026-02-10T16:02:28.935711,26.4,68.9,False,24,off
2026-02-10T16:02:35.012511,26.4,68.9,False,24,off
2026-02-10T16:02:38.975256,26.4,68.8,False,24,off
2026-02-10T16:02:43.970521,26.4,68.7,False,24,off
2026-02-10T16:02:48.973396,26.4,68.7,False,24,off
2026-02-10T16:02:53.980028,26.4,68.7,False,24,off
2026-02-10T16:02:58.997469,26.4,68.7,False,24,off
2026-02-10T16:03:04.001177,26.4,68.7,False,24,off
2026-02-10T16:03:09.039021,26.4,68.7,False,24,off
2026-02-10T16:03:14.046839,26.4,68.7,False,24,off
2026-02-10T16:03:19.033768,26.4,68.6,False,24,off
2026-02-10T16:03:24.041161,26.4,68.7,False,24,off
2026-02-10T16:03:29.068964,26.4,68.6,False,24,off
2026-02-10T16:03:34.088131,26.4,68.6,False,24,off
2026-02-10T16:03:39.321037,26.4,68.6,False,24,off
2026-02-10T16:03:44.136706,26.4,68.6,False,24,off
2026-02-10T16:03:49.158763,26.4,68.6,False,24,off
2026-02-10T16:03:54.122506,26.4,68.6,False,24,off
2026-02-10T16:03:59.132027,26.4,68.6,False,24,off
2026-02-10T16:04:04.139879,26.3,68.6,False,24,off
2026-02-10T16:04:09.188150,26.4,68.7,False,24,off
2026-02-10T16:04:14.134389,26.3,68.7,False,24,off
2026-02-10T16:04:19.286823,26.3,68.7,False,24,off
2026-02-10T16:04:24.168212,26.3,68.8,False,24,off
2026-02-10T16:04:29.160678,26.3,68.7,False,24,off
2026-02-10T16:04:34.171485,26.3,68.8,False,24,off
2026-02-10T16:04:39.177310,26.3,68.8,False,24,off
2026-02-10T16:04:44.186323,26.3,68.8,False,24,off
2026-02-10T16:04:49.197752,26.3,68.8,False,24,off
2026-02-10T16:04:54.204161,26.3,68.8,False,24,off
2026-02-10T16:04:59.221374,26.3,68.8,False,24,off
2026-02-10T16:05:04.220379,26.3,68.8,False,24,off
2026-02-10T16:05:09.231367,26.3,68.8,False,24,off
2026-02-10T16:05:14.367545,26.3,68.7,False,24,off
2026-02-10T16:05:19.480344,26.3,68.7,False,24,off
2026-02-10T16:05:24.277679,26.3,68.7,False,24,off
2026-02-10T16:05:29.285073,26.3,68.7,False,24,off
2026-02-10T16:05:34.358915,26.3,68.7,False,24,off
2026-02-10T16:05:40.118165,26.3,68.8,False,24,off
2026-02-10T16:05:44.322212,26.3,68.8,False,24,off
2026-02-10T16:05:49.343399,26.3,68.8,False,24,off
2026-02-10T16:05:54.338467,26.3,68.9,False,24,off
2026-02-10T16:05:59.335061,26.3,68.9,False,24,off
2026-02-10T16:06:04.341342,26.3,68.9,False,24,off
2026-02-10T16:06:11.288851,26.3,68.9,False,24,off
2026-02-10T16:06:18.320515,26.3,68.8,False,24,off
2026-02-10T16:06:19.597999,26.3,68.8,False,24,off
2026-02-10T16:06:24.421324,26.3,68.8,False,24,off
2026-02-10T16:06:29.539652,26.3,68.8,False,24,off
2026-02-10T16:06:34.560267,26.3,68.8,False,24,off
2026-02-10T16:06:39.478851,26.3,68.8,False,24,off
2026-02-10T16:06:44.637632,26.3,68.9,False,24,off
2026-02-10T16:06:49.452974,26.3,69,False,24,off
2026-02-10T16:06:54.427002,26.3,69,False,24,off
2026-02-10T16:07:01.240369,26.3,69.2,False,24,off
2026-02-10T16:07:04.455820,26.3,69.2,False,24,off
2026-02-10T16:07:09.470787,26.3,69.2,False,24,off
2026-02-10T16:07:14.463676,26.3,69,False,24,off
2026-02-10T16:07:19.503842,26.3,68.8,False,24,off
2026-02-10T16:07:24.480740,26.3,68.9,False,24,off
2026-02-10T16:07:29.489324,26.2,68.9,False,24,off
2026-02-10T16:07:34.497073,26.2,68.9,False,24,off
2026-02-10T16:07:39.505910,26.2,68.8,False,24,off
2026-02-10T16:07:44.583823,26.2,69.2,False,24,off
2026-02-10T16:07:49.552189,26.1,69.8,False,24,off
2026-02-10T16:07:54.546001,26.1,69.9,False,24,off
2026-02-10T16:07:59.552475,26.1,70,False,24,off
2026-02-10T16:08:04.554669,26.1,70.1,False,24,off
2026-02-10T16:08:09.561452,26.1,70.1,False,24,off
2026-02-10T16:08:14.573374,26.1,70,False,24,off
2026-02-10T16:08:19.613808,26.1,70,False,24,off
2026-02-10T16:08:24.587635,26,70.2,False,24,off
2026-02-10T16:08:29.615002,26,70.5,False,24,off
2026-02-10T16:08:34.634741,26,70.9,False,24,off
2026-02-10T16:08:39.628665,26,71.5,False,24,off
2026-02-10T16:08:44.647236,26,71.5,False,24,off
2026-02-10T16:08:49.636479,26,71.3,False,24,off
2026-02-10T16:08:54.656047,26,71.2,False,24,off
2026-02-10T16:08:59.655443,26,71.1,False,24,off
2026-02-10T16:09:04.664221,26,71,False,24,off
2026-02-10T16:09:09.676301,25.9,71,False,24,off
2026-02-10T16:09:14.682668,25.9,71,False,24,off
2026-02-10T16:09:19.693388,25.9,71,False,24,off
2026-02-10T16:09:24.721812,25.9,71.2,False,24,off
2026-02-10T16:09:29.749260,25.9,71.2,False,24,off
2026-02-10T16:09:34.723473,25.9,71.3,False,24,off
2026-02-10T16:09:39.734098,25.9,71.3,False,24,off
2026-02-10T16:09:44.734920,25.9,71.4,False,24,off
2026-02-10T16:09:49.747448,25.9,71.4,False,24,off
2026-02-10T16:09:54.759249,25.9,71.4,False,24,off
2026-02-10T16:09:59.771818,25.9,71.4,False,24,off
2026-02-10T16:10:04.777276,25.9,71.4,False,24,off
2026-02-10T16:10:09.867388,25.9,71.4,False,24,off
2026-02-10T16:10:14.861768,25.9,71.5,False,24,off
2026-02-10T16:10:19.823521,25.9,71.5,False,24,off
2026-02-10T16:10:24.823724,25.9,71.6,False,24,off
2026-02-10T16:10:29.906961,25.8,71.6,False,24,off
2026-02-10T16:10:34.830295,25.8,71.7,False,24,off
2026-02-10T16:10:39.876090,25.8,71.7,False,24,off
2026-02-10T16:10:44.848673,25.8,71.8,False,24,off
2026-02-10T16:10:49.860475,25.8,71.9,False,24,off
2026-02-10T16:10:54.873144,25.8,72,False,24,off
2026-02-10T16:10:59.923272,25.8,72,False,24,off
2026-02-10T16:11:04.912668,25.8,72.1,False,24,off
2026-02-10T16:11:09.896965,25.8,72.2,False,24,off
2026-02-10T16:11:14.904459,25.8,72.3,False,24,off
2026-02-10T16:11:19.920903,25.8,72.4,False,24,off
2026-02-10T16:11:24.922494,25.8,72.4,False,24,off
2026-02-10T16:11:29.930124,25.8,72.4,False,24,off
2026-02-10T16:11:34.940884,25.8,72.4,False,24,off
2026-02-10T16:11:40.057784,25.8,72.4,False,24,off
2026-02-10T16:11:44.960186,25.8,72.4,False,24,off
2026-02-10T16:11:49.968818,25.8,72.4,False,24,off
2026-02-10T16:11:57.736445,25.8,72.4,False,24,off
2026-02-10T16:12:00.139856,25.8,72.4,False,24,off
2026-02-10T16:12:07.522815,25.8,72.4,False,24,off
2026-02-10T16:12:10.102119,25.8,72.3,False,24,off
2026-02-10T16:12:15.031277,25.8,72.3,False,24,off
2026-02-10T16:12:20.041412,25.8,72.3,False,24,off
2026-02-10T16:12:25.040479,25.8,72.2,False,24,off
2026-02-10T16:12:30.044633,25.8,72.1,False,24,off
2026-02-10T16:12:35.068990,25.8,72.1,False,24,off
2026-02-10T16:12:40.065285,25.8,72,False,24,off
2026-02-10T16:12:45.070368,25.8,71.9,False,24,off
2026-02-10T16:12:50.081744,25.8,72,False,24,off
2026-02-10T16:12:55.106999,25.8,72,False,24,off
2026-02-10T16:13:00.405399,25.8,72,False,24,off
2026-02-10T16:13:05.164932,25.8,72.1,False,24,off
2026-02-10T16:13:10.125331,25.8,72.1,False,24,off
2026-02-10T16:13:15.122844,25.8,72.1,False,24,off
2026-02-10T16:13:20.134602,25.8,72,False,24,off
2026-02-10T16:13:25.143782,25.8,72,False,24,off
2026-02-10T16:13:30.154816,25.8,71.9,False,24,off
2026-02-10T16:13:35.168793,25.8,71.9,False,24,off
2026-02-10T16:13:40.173197,25.8,71.9,False,24,off
2026-02-10T16:13:45.186597,25.8,72,False,24,off
2026-02-10T16:13:50.206145,25.8,72,False,24,off
2026-02-10T16:13:55.198811,25.8,72,False,24,off
2026-02-10T16:14:00.207273,25.8,72,False,24,off
2026-02-10T16:14:05.218477,25.7,72.1,False,24,off
2026-02-10T16:14:10.225309,25.7,72.1,False,24,off
2026-02-10T16:14:15.235454,25.7,72.1,False,24,off
2026-02-10T16:14:20.248056,25.7,72.2,False,24,off
2026-02-10T16:14:25.252278,25.7,72.1,False,24,off
2026-02-10T16:14:30.268542,25.7,72.1,False,24,off
2026-02-10T16:14:35.269490,25.7,72,False,24,off
2026-02-10T16:14:40.283321,25.7,72,False,24,off
2026-02-10T16:14:45.297786,25.7,72,False,24,off
2026-02-10T16:14:50.304848,25.7,72,False,24,off
2026-02-10T16:14:55.306614,25.7,72,False,24,off
2026-02-10T16:15:00.321719,25.7,72,False,24,off
2026-02-10T16:15:05.336459,25.7,72,False,24,off
2026-02-10T16:15:10.334125,25.7,71.9,False,24,off
2026-02-10T16:15:15.347590,25.7,72,False,24,off
2026-02-10T16:15:20.354384,25.6,71.9,False,24,off
2026-02-10T16:15:25.439375,25.6,71.9,False,24,off
2026-02-10T16:15:30.368797,25.6,71.9,False,24,off
2026-02-10T16:15:35.387451,25.6,71.9,False,24,off
2026-02-10T16:15:40.502281,25.6,71.9,False,24,off
2026-02-10T16:15:45.411267,25.6,71.8,False,24,off
2026-02-10T16:15:50.406702,25.6,71.8,False,24,off
2026-02-10T16:15:55.441190,25.6,71.8,False,24,off
2026-02-10T16:16:00.429432,25.6,71.8,False,24,off
2026-02-10T16:16:05.433440,25.6,71.7,False,24,off
2026-02-10T16:16:10.450554,25.6,71.7,False,24,off
2026-02-10T16:16:15.454536,25.6,71.7,False,24,off
2026-02-10T16:16:20.487793,25.5,71.7,False,24,off
2026-02-10T16:16:25.469959,25.5,71.7,False,24,off
2026-02-10T16:16:30.479183,25.6,71.7,False,24,off
2026-02-10T16:16:35.488599,25.5,71.6,False,24,off
2026-02-10T16:16:40.502185,25.5,71.6,False,24,off
2026-02-10T16:16:45.515256,25.5,71.6,False,24,off
2026-02-10T16:16:50.515438,25.5,71.5,False,24,off
2026-02-10T16:16:55.526393,25.5,71.5,False,24,off
2026-02-10T16:17:00.569532,25.5,71.5,False,24,off
2026-02-10T16:17:05.547026,25.5,71.5,False,24,off
2026-02-10T16:17:10.552718,25.5,71.5,False,24,off
2026-02-10T16:17:15.568483,25.5,71.5,False,24,off
2026-02-10T16:17:20.570702,25.5,71.4,False,24,off
2026-02-10T16:17:25.602153,25.5,71.4,False,24,off
2026-02-10T16:17:30.594032,25.4,71.4,False,24,off
2026-02-10T16:17:35.602682,25.5,71.4,False,24,off
2026-02-10T16:17:40.708115,25.4,71.4,False,24,off
2026-02-10T16:17:45.650594,25.4,71.3,False,24,off
2026-02-10T16:17:50.628471,25.4,71.3,False,24,off
2026-02-10T16:17:55.643156,25.4,71.2,False,24,off
2026-02-10T16:18:00.663890,25.4,71.2,False,24,off
2026-02-10T16:18:05.655344,25.4,71.2,False,24,off
2026-02-10T16:18:10.715812,25.4,71.2,False,24,off
2026-02-10T16:18:15.673654,25.4,71.2,False,24,off
2026-02-10T16:18:20.680077,25.4,71.1,False,24,off
2026-02-10T16:18:25.688762,25.4,71.1,False,24,off
2026-02-10T16:18:30.700275,25.4,71,False,24,off
2026-02-10T16:18:35.713414,25.4,71,False,24,off
2026-02-10T16:18:40.734034,25.4,71,False,24,off
2026-02-10T16:18:45.734052,25.4,70.9,False,24,off
2026-02-10T16:18:50.730569,25.4,70.9,False,24,off
2026-02-10T16:18:55.746280,25.4,70.9,False,24,off
2026-02-10T16:19:00.751671,25.4,70.8,False,24,off
2026-02-10T16:19:05.762041,25.4,70.8,False,24,off
2026-02-10T16:19:13.276238,25.4,70.8,False,24,off
2026-02-10T16:19:15.783039,25.4,70.7,False,24,off
2026-02-10T16:19:20.792853,25.4,70.6,False,24,off
2026-02-10T16:19:25.794707,25.4,70.5,False,24,off
2026-02-10T16:19:30.814923,25.4,70.5,False,24,off
2026-02-10T16:19:35.819721,25.4,70.6,False,24,off
2026-02-10T16:19:40.825892,25.4,70.5,False,24,off
2026-02-10T16:19:45.842119,25.4,70.5,False,24,off
2026-02-10T16:19:50.845484,25.4,70.5,False,24,off
2026-02-10T16:19:55.853561,25.3,70.5,False,24,off
2026-02-10T16:20:00.865583,25.3,70.5,False,24,off
2026-02-10T16:20:05.882310,25.3,70.5,False,24,off
2026-02-10T16:20:10.879592,25.3,70.5,False,24,off
2026-02-10T16:20:15.895225,25.3,70.5,False,24,off
2026-02-10T16:20:20.921052,25.3,70.5,False,24,off
2026-02-10T16:20:25.910999,25.3,70.5,False,24,off
2026-02-10T16:20:30.916292,25.3,70.5,False,24,off
2026-02-10T16:20:35.931390,25.3,70.4,False,24,off
2026-02-10T16:20:40.948458,25.3,70.4,False,24,off
2026-02-10T16:20:45.954772,25.3,70.4,False,24,off
2026-02-10T16:20:50.965599,25.3,70.4,False,24,off
2026-02-10T16:20:55.980330,25.3,70.4,False,24,off
2026-02-10T16:21:00.998134,25.3,70.3,False,24,off
2026-02-10T16:21:05.981309,25.3,70.3,False,24,off
2026-02-10T16:21:10.994358,25.3,70.3,False,24,off
2026-02-10T16:21:16.004777,25.3,70.3,False,24,off
2026-02-10T16:21:21.014890,25.3,70.3,False,24,off
2026-02-10T16:21:26.019526,25.3,70.3,False,24,off
2026-02-10T16:21:31.041534,25.3,70.3,False,24,off
2026-02-10T16:21:36.057865,25.3,70.2,False,24,off
2026-02-10T16:21:41.055809,25.3,70.1,False,24,off
2026-02-10T16:21:46.073263,25.2,70.1,False,24,off
2026-02-10T16:21:51.072947,25.2,70.2,False,24,off
2026-02-10T16:21:56.087039,25.2,70.2,False,24,off
2026-02-10T16:22:01.102925,25.2,70.2,False,24,off
2026-02-10T16:22:06.125889,25.3,70.2,False,24,off
2026-02-10T16:22:11.138720,25.2,70.2,False,24,off
2026-02-10T16:22:16.118775,25.2,70.2,False,24,off
2026-02-10T16:22:21.126306,25.2,70.1,False,24,off
2026-02-10T16:22:26.136377,25.2,70.1,False,24,off
2026-02-10T16:22:31.144175,25.2,70.1,False,24,off
2026-02-10T16:22:36.163751,25.2,70.1,False,24,off
2026-02-10T16:22:41.176959,25.2,70.1,False,24,off
2026-02-10T16:22:46.170991,25.2,70.1,False,24,off
2026-02-10T16:22:51.187882,25.2,70.1,False,24,off
2026-02-10T16:22:56.204866,25.2,70.1,False,24,off
2026-02-10T16:23:01.206183,25.2,70.1,False,24,off
2026-02-10T16:23:06.207153,25.2,70,False,24,off
2026-02-10T16:23:11.234351,25.2,70,False,24,off
2026-02-10T16:23:16.230025,25.2,70,False,24,off
2026-02-10T16:23:21.237817,25.2,70,False,24,off
2026-02-10T16:23:26.266824,25.2,70,False,24,off
2026-02-10T16:23:31.277627,25.1,70,False,24,off
2026-02-10T16:23:36.265221,25.1,70,False,24,off
2026-02-10T16:23:41.273585,25.2,70,False,24,off
2026-02-10T16:23:46.286886,25.2,70,False,24,off
2026-02-10T16:23:51.297893,25.1,69.9,False,24,off
2026-02-10T16:23:56.328598,25.1,69.9,False,24,off
2026-02-10T16:24:01.325978,25.1,69.9,False,24,off
2026-02-10T16:24:06.326173,25.1,69.9,False,24,off
2026-02-10T16:24:11.329741,25.1,69.9,False,24,off
2026-02-10T16:24:16.340112,25.1,69.9,False,24,off
2026-02-10T16:24:21.348098,25.1,69.8,False,24,off
2026-02-10T16:24:26.356977,25.1,69.8,False,24,off
2026-02-10T16:24:31.369798,25.1,69.8,False,24,off
2026-02-10T16:24:36.376293,25.1,69.8,False,24,off
2026-02-10T16:24:41.385509,25.1,69.9,False,24,off
2026-02-10T16:24:46.412960,25.1,69.8,False,24,off
2026-02-10T16:24:51.404353,25.1,69.8,False,24,off
2026-02-10T16:24:56.445624,25.1,69.8,False,24,off
2026-02-10T16:25:01.423559,25.1,69.7,False,24,off
2026-02-10T16:25:06.431397,25.1,69.7,False,24,off
2026-02-10T16:25:11.442134,25.1,69.7,False,24,off
2026-02-10T16:25:16.452399,25.1,69.7,False,24,off
2026-02-10T16:25:22.783800,25,69.7,False,24,off
2026-02-10T16:25:26.497147,25,69.7,False,24,off
2026-02-10T16:25:31.482006,25,69.7,False,24,off
2026-02-10T16:25:36.486204,25,69.7,False,24,off
2026-02-10T16:25:41.495703,25.1,69.7,False,24,off
2026-02-10T16:25:46.507494,25,69.7,False,24,off
2026-02-10T16:25:51.514885,25,69.7,False,24,off
2026-02-10T16:25:56.528434,25,69.7,False,24,off
2026-02-10T16:26:01.543576,25,69.7,False,24,off
2026-02-10T16:26:06.539127,25,69.8,False,24,off
2026-02-10T16:26:11.560787,25,69.8,False,24,off
2026-02-10T16:26:16.571348,25,69.8,False,24,off
2026-02-10T16:26:21.570878,25,69.8,False,24,off
2026-02-10T16:26:26.578848,25,69.9,False,24,off
2026-02-10T16:26:31.588108,25,69.8,False,24,off
2026-02-10T16:26:36.620783,25,69.9,False,24,off
2026-02-10T16:26:41.606096,25,69.9,False,24,off
2026-02-10T16:26:46.618304,25,70,False,24,off
2026-02-10T16:26:51.622285,25,70,False,24,off
2026-02-10T16:26:56.660327,25,70.1,False,24,off
2026-02-10T16:27:01.647521,25,70.1,False,24,off
2026-02-10T16:27:06.654307,25,70.1,False,24,off
2026-02-10T16:27:11.663425,25,70.1,False,24,off
2026-02-10T16:27:16.700279,25,70.1,False,24,off
2026-02-10T16:27:21.684978,25,70.1,False,24,off
2026-02-10T16:27:26.690199,25,70.2,False,24,off
2026-02-10T16:27:31.697347,25,70.2,False,24,off
2026-02-10T16:27:36.712041,25,70.2,False,24,off
2026-02-10T16:27:41.717800,25,70.3,False,24,off
2026-02-10T16:27:46.727964,25,70.3,False,24,off
2026-02-10T16:27:51.766645,25,70.4,False,24,off
2026-02-10T16:27:56.746631,25,70.4,False,24,off
2026-02-10T16:28:01.778870,25,70.4,False,24,off
2026-02-10T16:28:06.773735,25,70.4,False,24,off
2026-02-10T16:28:11.774046,25,70.4,False,24,off
2026-02-10T16:28:16.786729,25,70.5,False,24,off
2026-02-10T16:28:21.794277,25,70.5,False,24,off
2026-02-10T16:28:26.803482,25,70.5,False,24,off
2026-02-10T16:28:31.815139,25,70.6,False,24,off
2026-02-10T16:28:36.821312,25,70.6,False,24,off
2026-02-10T16:28:41.830706,25,70.6,False,24,off
2026-02-10T16:28:46.838391,25,70.6,False,24,off
2026-02-10T16:28:51.852313,25,70.7,False,24,off
2026-02-10T16:28:56.858211,25,70.7,False,24,off
2026-02-10T16:29:01.870037,25,70.8,False,24,off
2026-02-10T16:29:06.886439,25,70.8,False,24,off
2026-02-10T16:29:11.890286,25,70.9,False,24,off
2026-02-10T16:29:16.902777,25,70.9,False,24,off
2026-02-10T16:29:21.904798,25,70.9,False,24,off
2026-02-10T16:29:26.913007,25,70.9,False,24,off
2026-02-10T16:29:31.928121,25,71,False,24,off
2026-02-10T16:29:36.934964,25,70.9,False,24,off
2026-02-10T16:29:41.941716,25,71,False,24,off
2026-02-10T16:29:46.970982,25,71,False,24,off
2026-02-10T16:29:52.263685,25,71.1,False,24,off
2026-02-10T16:29:56.970849,25,71.2,False,24,off
2026-02-10T16:30:01.979623,25,71.2,False,24,off
2026-02-10T16:30:06.991428,25,71.2,False,24,off
2026-02-10T16:30:12.013246,25,71.1,False,24,off
2026-02-10T16:30:17.028725,25,71.2,False,24,off
2026-02-10T16:30:22.014004,25,71.2,False,24,off
2026-02-10T16:30:27.022135,25,71.2,False,24,off
2026-02-10T16:30:32.033054,25,71.1,False,24,off
2026-02-10T16:30:37.041176,25,71.2,False,24,off
2026-02-10T16:30:42.055608,25,71.2,False,24,off
2026-02-10T16:30:47.064382,25,71.2,False,24,off
2026-02-10T16:30:52.072364,25,71.2,False,24,off
2026-02-10T16:30:57.094600,25.1,71.2,False,24,off
2026-02-10T16:31:02.089501,25.1,71.2,False,24,off
2026-02-10T16:31:07.112939,25.1,71.2,False,24,off
2026-02-10T16:31:12.128236,25.1,71.2,False,24,off
2026-02-10T16:31:17.113825,25.1,71.2,False,24,off
2026-02-10T16:31:22.127813,25.1,71.2,False,24,off
2026-02-10T16:31:27.144504,25.1,71.2,False,24,off
2026-02-10T16:31:32.145416,25.1,71.3,False,24,off
2026-02-10T16:31:37.152898,25.1,71.3,False,24,off
2026-02-10T16:31:42.169172,25.1,71.3,False,24,off
2026-02-10T16:31:47.204708,25.1,71.4,False,24,off
2026-02-10T16:31:52.192228,25.1,71.4,False,24,off
2026-02-10T16:31:57.187622,25.1,71.4,False,24,off
2026-02-10T16:32:02.206561,25.1,71.4,False,24,off
2026-02-10T16:32:07.207037,25.1,71.5,False,24,off
2026-02-10T16:32:12.216379,25.1,71.5,False,24,off
2026-02-10T16:32:17.227610,25.1,71.5,False,24,off
2026-02-10T16:32:22.261465,25.1,71.5,False,24,off
2026-02-10T16:32:27.244172,25.1,71.5,False,24,off
2026-02-10T16:32:32.254483,25.1,71.4,False,24,off
2026-02-10T16:32:37.261660,25.1,71.4,False,24,off
2026-02-10T16:32:42.472320,25.1,71.4,False,24,off
2026-02-10T16:32:47.473536,25.1,71.4,False,24,off
2026-02-10T16:32:52.291206,25.1,71.5,False,24,off
2026-02-10T16:32:57.311632,25.1,71.5,False,24,off
2026-02-10T16:33:02.310036,25.1,71.5,False,24,off
2026-02-10T16:33:07.327955,25.1,71.5,False,24,off
2026-02-10T16:33:12.360425,25.1,71.6,False,24,off
2026-02-10T16:33:17.356750,25.1,71.6,False,24,off
2026-02-10T16:33:22.370927,25.1,71.6,False,24,off
2026-02-10T16:33:27.354978,25.1,71.7,False,24,off
2026-02-10T16:33:32.363376,25.1,71.7,False,24,off
2026-02-10T16:33:37.396347,25.1,71.7,False,24,off
2026-02-10T16:33:42.386792,25.1,71.7,False,24,off
2026-02-10T16:33:47.408240,25.1,71.6,False,24,off
2026-02-10T16:33:52.428393,25.1,71.7,False,24,off
2026-02-10T16:33:57.422404,25.1,71.7,False,24,off
2026-02-10T16:34:02.421763,25.1,71.7,False,24,off
2026-02-10T16:34:07.433202,25.1,71.8,False,24,off
2026-02-10T16:34:12.466566,25.1,71.8,False,24,off
2026-02-10T16:34:17.451855,25.1,71.8,False,24,off
2026-02-10T16:34:22.461660,25.1,71.9,False,24,off
2026-02-10T16:34:27.466807,25.1,71.9,False,24,off
2026-02-10T16:34:32.474777,25.1,71.9,False,24,off
2026-02-10T16:34:37.483412,25.1,71.9,False,24,off
2026-02-10T16:34:42.493928,25.1,71.9,False,24,off
2026-02-10T16:34:47.502194,25.1,71.9,False,24,off
2026-02-10T16:34:52.534542,25.1,71.9,False,24,off
2026-02-10T16:34:57.540811,25.1,71.9,False,24,off
2026-02-10T16:35:02.525731,25.1,72,False,24,off
2026-02-10T16:35:07.538360,25.1,72,False,24,off
2026-02-10T16:35:12.547247,25.1,72,False,24,off
2026-02-10T16:35:17.557665,25.1,72,False,24,off
2026-02-10T16:35:22.562824,25.1,72,False,24,off
2026-02-10T16:35:27.588482,25.1,72.1,False,24,off
2026-02-10T16:35:32.595324,25.1,72.1,False,24,off
2026-02-10T16:35:37.601350,25.1,72.1,False,24,off
2026-02-10T16:35:42.603451,25.1,72.1,False,24,off
2026-02-10T16:35:47.612350,25.1,72.1,False,24,off
2026-02-10T16:35:52.620729,25.1,72.1,False,24,off
2026-02-10T16:35:57.636650,25,72.1,False,24,off
2026-02-10T16:36:02.658260,25,72.1,False,24,off
2026-02-10T16:36:07.654552,25.1,72.1,False,24,off
2026-02-10T16:36:12.679664,25,72.1,False,24,off
2026-02-10T16:36:17.670267,25,72.2,False,24,off
2026-02-10T16:36:22.674785,25,72.2,False,24,off
2026-02-10T16:36:27.685636,25,72.2,False,24,off
2026-02-10T16:36:32.697137,25,72.3,False,24,off
2026-02-10T16:36:37.711004,25,72.3,False,24,off
2026-02-10T16:36:42.744900,25,72.3,False,24,off
2026-02-10T16:36:47.721170,25,72.3,False,24,off
2026-02-10T16:36:52.735742,25,72.3,False,24,off
2026-02-10T16:36:57.748371,25,72.4,False,24,off
2026-02-10T16:37:02.771477,25,72.5,False,24,off
2026-02-10T16:37:07.760077,25,72.5,False,24,off
2026-02-10T16:37:12.834102,25,72.5,False,24,off
2026-02-10T16:37:17.795660,25,72.5,False,24,off
2026-02-10T16:37:22.793768,25,72.5,False,24,off
2026-02-10T16:37:27.799892,25,72.6,False,24,off
2026-02-10T16:37:32.804989,25,72.6,False,24,off
2026-02-10T16:37:37.822692,25,72.6,False,24,off
2026-02-10T16:37:42.824407,25,72.7,False,24,off
2026-02-10T16:37:47.903433,25,72.8,False,24,off
2026-02-10T16:37:54.378451,25.1,72.8,False,24,off
2026-02-10T16:37:57.856707,25.1,72.8,False,24,off
2026-02-10T16:38:02.858428,25.1,72.7,False,24,off
2026-02-10T16:38:07.874634,25.1,72.7,False,24,off
2026-02-10T16:38:12.887810,25,72.7,False,24,off
2026-02-10T16:38:17.896599,25.1,72.7,False,24,off
2026-02-10T16:38:22.898301,25,72.8,False,24,off
2026-02-10T16:38:27.940721,25.1,72.9,False,24,off
2026-02-10T16:38:32.915647,25,73,False,24,off
2026-02-10T16:38:37.928780,25.1,73,False,24,off
2026-02-10T16:38:44.446176,25.1,73.1,False,24,off
2026-02-10T16:38:47.944642,25.1,73.1,False,24,off
2026-02-10T16:38:52.971184,25.1,73.2,False,24,off
2026-02-10T16:38:57.964481,25.1,73.2,False,24,off
2026-02-10T16:39:02.978905,25.1,73.2,False,24,off
2026-02-10T16:39:08.080932,25.1,73.2,False,24,off
2026-02-10T16:39:12.996276,25.1,73.2,False,24,off
2026-02-10T16:39:18.012906,25.1,73.2,False,24,off
2026-02-10T16:39:23.128484,25.1,73.2,False,24,off
2026-02-10T16:39:28.019514,25.1,73.2,False,24,off
2026-02-10T16:39:33.028678,25.1,73.3,False,24,off
2026-02-10T16:39:38.082919,25.1,73.3,False,24,off
2026-02-10T16:39:43.045194,25.1,73.3,False,24,off
2026-02-10T16:39:48.071031,25.1,73.3,False,24,off
2026-02-10T16:39:53.131511,25.1,73.3,False,24,off
2026-02-10T16:39:58.078150,25.1,73.4,False,24,off
2026-02-10T16:40:03.090967,25.1,73.4,False,24,off
2026-02-10T16:40:08.198072,25.1,73.4,False,24,off
2026-02-10T16:40:13.109382,25,73.5,False,24,off
2026-02-10T16:40:18.118046,25.1,73.5,False,24,off
2026-02-10T16:40:23.246997,25.1,73.6,False,24,off
2026-02-10T16:40:28.137339,25,73.6,False,24,off
2026-02-10T16:40:33.154837,25.1,73.6,False,24,off
2026-02-10T16:40:38.231169,25.1,73.7,False,24,off
2026-02-10T16:40:43.165149,25.1,73.8,False,24,off
2026-02-10T16:40:48.175555,25,73.8,False,24,off
2026-02-10T16:40:53.246221,25,73.8,False,24,off
2026-02-10T16:40:58.197011,25,73.8,False,24,off
2026-02-10T16:41:03.204118,25,73.8,False,24,off
2026-02-10T16:41:08.292983,25,73.8,False,24,off
2026-02-10T16:41:13.220372,25,73.9,False,24,off
2026-02-10T16:41:18.234698,25,73.8,False,24,off
2026-02-10T16:41:23.275807,25,73.9,False,24,off
2026-02-10T16:41:28.275511,25,74,False,24,off
2026-02-10T16:41:33.258334,25,74,False,24,off
2026-02-10T16:41:38.296865,25,74,False,24,off
2026-02-10T16:41:43.279173,25,73.9,False,24,off
2026-02-10T16:41:48.348711,25,73.9,False,24,off
2026-02-10T16:41:53.350635,25,73.9,False,24,off
2026-02-10T16:41:58.310922,25,74,False,24,off
2026-02-10T16:42:03.315601,25,74.1,False,24,off
2026-02-10T16:42:08.404946,25,74.1,False,24,off
2026-02-10T16:42:13.332922,25,74.1,False,24,off
2026-02-10T16:42:18.377127,25,74.1,False,24,off
2026-02-10T16:42:23.481081,25,74,False,24,off
2026-02-10T16:42:28.361519,25,74.1,False,24,off
2026-02-10T16:42:33.378754,25,74.1,False,24,off
2026-02-10T16:42:38.379120,25,74.2,False,24,off
2026-02-10T16:42:43.394154,25,74.1,False,24,off
2026-02-10T16:42:48.398212,25,74.1,False,24,off
2026-02-10T16:42:53.408460,25,74.1,False,24,off
2026-02-10T16:42:58.418362,25,74.1,False,24,off
2026-02-10T16:43:03.430077,25,74.1,False,24,off
2026-02-10T16:43:08.511522,25,74.1,False,24,off
2026-02-10T16:43:13.443424,25,74.1,False,24,off
2026-02-10T16:43:18.463061,25,74.1,False,24,off
2026-02-10T16:43:23.471760,25,74.2,False,24,off
2026-02-10T16:43:28.478979,25,74.1,False,24,off
2026-02-10T16:43:33.502300,25,74.1,False,24,off
2026-02-10T16:43:38.515508,25,74.1,False,24,off
2026-02-10T16:43:43.525446,25,74.1,False,24,off
2026-02-10T16:43:48.523620,25,74.1,False,24,off
2026-02-10T16:43:53.582924,25,74.1,False,24,off
2026-02-10T16:43:58.830630,25,74.1,False,24,off
2026-02-10T16:44:03.538623,25,74,False,24,off
2026-02-10T16:44:08.727342,25,74.1,False,24,off
2026-02-10T16:44:13.575848,25,74.1,False,24,off
2026-02-10T16:44:18.565656,25,74,False,24,off
2026-02-10T16:44:23.677998,25,74.1,False,24,off
2026-02-10T16:44:28.586015,25,74.1,False,24,off
2026-02-10T16:44:33.594679,25,74.1,False,24,off
2026-02-10T16:44:38.601144,25,74.2,False,24,off
2026-02-10T16:44:43.642745,25,74.2,False,24,off
2026-02-10T16:44:48.673188,25,74.2,False,24,off
2026-02-10T16:44:53.676942,25,74.2,False,24,off
2026-02-10T16:44:58.644387,25,74.2,False,24,off
2026-02-10T16:45:03.658731,25,74.1,False,24,off
2026-02-10T16:45:08.656306,25,74.1,False,24,off
2026-02-10T16:45:13.665691,25,74.1,False,24,off
2026-02-10T16:45:18.721834,25,74,False,24,off
2026-02-10T16:45:23.687347,25,74,False,24,off
2026-02-10T16:45:28.699495,25,74.1,False,24,off
2026-02-10T16:45:33.708239,25,74.2,False,24,off
2026-02-10T16:45:38.711985,25,74.2,False,24,off
2026-02-10T16:45:43.729941,25,74.4,False,24,off
2026-02-10T16:45:49.924471,25,74.4,False,24,off
2026-02-10T16:45:53.763612,25,74.4,False,24,off
2026-02-10T16:45:58.750146,25,74.4,False,24,off
2026-02-10T16:46:03.760215,25,74.3,False,24,off
2026-02-10T16:46:08.768314,25,74.3,False,24,off
2026-02-10T16:46:13.780397,25,74.3,False,24,off
2026-02-10T16:46:18.785928,25,74.3,False,24,off
2026-02-10T16:46:23.796181,25,74.4,False,24,off
2026-02-10T16:46:28.813091,25,74.5,False,24,off
2026-02-10T16:46:33.813158,25,74.5,False,24,off
2026-02-10T16:46:38.825140,25,74.5,False,24,off
2026-02-10T16:46:43.836109,25,74.6,False,24,off
2026-02-10T16:46:48.846307,25,74.6,False,24,off
2026-02-10T16:46:53.850073,25,74.5,False,24,off
2026-02-10T16:46:58.863062,25,74.6,False,24,off
2026-02-10T16:47:03.866297,25,74.6,False,24,off
2026-02-10T16:47:08.888296,25,74.5,False,24,off
2026-02-10T16:47:13.901996,25,74.5,False,24,off
2026-02-10T16:47:18.899438,25,74.5,False,24,off
2026-02-10T16:47:23.912967,25,74.5,False,24,off
2026-02-10T16:47:28.928563,25,74.5,False,24,off
2026-02-10T16:47:53.964286,25,74.5,False,24,off
2026-02-10T16:47:58.969647,25,74.5,False,24,off
2026-02-10T16:48:04.001929,25,74.5,False,24,off
2026-02-10T16:48:08.986984,25,74.6,False,24,off
2026-02-10T16:48:14.007931,25,74.6,False,24,off
2026-02-10T16:48:19.019617,25,74.6,False,24,off
2026-02-10T16:48:24.038741,25,74.6,False,24,off
2026-02-10T16:48:29.051771,25,74.7,False,24,off
2026-02-10T16:48:34.032934,25,74.7,False,24,off
2026-02-10T16:48:39.043935,25,74.8,False,24,off
2026-02-10T16:48:44.054889,25,74.8,False,24,off
2026-02-10T16:48:49.069468,25,74.9,False,24,off
2026-02-10T16:48:54.133525,25,74.9,False,24,off
2026-02-10T16:48:59.081263,25,74.9,False,24,off
2026-02-10T16:49:04.088331,25,74.9,False,24,off
2026-02-10T16:49:09.097522,25,74.8,False,24,off
2026-02-10T16:49:14.197296,25,74.8,False,24,off
2026-02-10T16:49:19.116576,25,74.8,False,24,off
2026-02-10T16:49:24.126779,25,74.7,False,24,off
2026-02-10T16:49:29.180054,25,74.7,False,24,off
2026-02-10T16:49:34.143557,25,74.7,False,24,off
2026-02-10T16:49:39.152229,25,74.8,False,24,off
2026-02-10T16:49:44.165598,25,74.8,False,24,off
2026-02-10T16:49:49.172300,25,74.8,False,24,off
2026-02-10T16:50:04.401093,25,74.9,False,24,off
2026-02-10T16:50:04.447658,25,74.9,False,24,off
2026-02-10T16:50:04.447837,25,75,False,24,off
2026-02-10T16:50:29.302075,25,75.2,False,24,off
2026-02-10T16:50:34.253482,25,75.1,False,24,off
2026-02-10T16:50:39.267656,25,75.1,False,24,off
2026-02-10T16:50:44.376965,25,75.2,False,24,off
2026-02-10T16:50:49.281880,25,75.2,False,24,off
2026-02-10T16:50:54.292034,25,75.2,False,24,off
2026-02-10T16:50:59.657908,25,75.3,False,24,off
2026-02-10T16:51:04.309788,25,75.3,False,24,off
2026-02-10T16:51:09.319081,25,75.3,False,24,off
2026-02-10T16:51:15.427519,25,75.4,False,24,off
2026-02-10T16:51:19.361824,25,75.5,False,24,off
2026-02-10T16:51:24.348246,25,75.5,False,24,off
2026-02-10T16:51:29.414303,25,75.5,False,24,off
2026-02-10T16:51:34.369263,25,75.5,False,24,off
2026-02-10T16:51:39.396821,25,75.5,False,24,off
2026-02-10T16:51:44.392127,25,75.5,False,24,off
2026-02-10T16:51:49.397500,25,75.5,False,24,off
2026-02-10T16:51:54.468931,25,75.6,False,24,off
2026-02-10T16:51:59.414057,24.9,75.6,False,24,off
2026-02-10T16:52:04.428833,25,75.5,False,24,off
2026-02-10T16:52:09.437083,25,75.6,False,24,off
2026-02-10T16:52:14.441479,24.9,75.6,False,24,off
2026-02-10T16:52:19.460359,25,75.6,False,24,off
2026-02-10T16:52:24.467008,24.9,75.5,False,24,off
2026-02-10T16:52:29.508568,25,75.6,False,24,off
2026-02-10T16:52:34.498230,25,75.7,False,24,off
2026-02-10T16:52:39.602311,25,75.7,False,24,off
2026-02-10T16:52:44.501660,25,75.6,False,24,off
2026-02-10T16:52:49.510866,24.9,75.7,False,24,off
2026-02-10T16:52:54.517970,25,75.7,False,24,off
2026-02-10T16:52:59.531124,25,75.7,False,24,off
2026-02-10T16:53:04.539496,24.9,75.7,False,24,off
2026-02-10T16:53:09.547355,24.9,75.6,False,24,off
2026-02-10T16:53:14.560524,24.9,75.6,False,24,off
2026-02-10T16:53:19.568743,25,75.6,False,24,off
2026-02-10T16:53:24.663735,25,75.6,False,24,off
2026-02-10T16:53:29.617071,24.9,75.6,False,24,off
2026-02-10T16:53:34.593454,24.9,75.6,False,24,off
2026-02-10T16:53:39.617075,24.9,75.6,False,24,off
2026-02-10T16:53:44.614193,24.9,75.6,False,24,off
2026-02-10T16:53:49.627045,25,75.5,False,24,off
2026-02-10T16:53:54.631192,25,75.5,False,24,off
2026-02-10T16:53:59.668619,25,75.5,False,24,off
2026-02-10T16:54:04.658110,25,75.5,False,24,off
2026-02-10T16:54:09.714229,25,75.5,False,24,off
2026-02-10T16:54:14.673441,25,75.4,False,24,off
2026-02-10T16:54:19.682639,24.9,75.4,False,24,off
2026-02-10T16:54:24.695105,25,75.3,False,24,off
2026-02-10T16:54:29.703335,24.9,75.3,False,24,off
2026-02-10T16:54:34.712596,24.9,75.3,False,24,off
2026-02-10T16:54:39.722789,24.9,75.2,False,24,off
2026-02-10T16:54:44.740494,24.9,75.2,False,24,off
2026-02-10T16:54:49.736435,24.9,75.2,False,24,off
2026-02-10T16:54:54.744478,24.9,75.2,False,24,off
2026-02-10T16:54:59.756562,25,75.1,False,24,off
2026-02-10T16:55:04.765165,24.9,75.1,False,24,off
2026-02-10T16:55:09.774192,24.9,75,False,24,off
2026-02-10T16:55:14.784123,24.9,75,False,24,off
2026-02-10T16:55:19.817801,24.9,74.9,False,24,off
2026-02-10T16:55:24.843186,24.9,74.9,False,24,off
2026-02-10T16:55:29.807496,24.9,74.9,False,24,off
2026-02-10T16:55:34.819727,24.9,74.8,False,24,off
2026-02-10T16:55:39.924736,24.9,74.8,False,24,off
2026-02-10T16:55:44.846632,24.9,74.8,False,24,off
2026-02-10T16:55:49.848177,24.9,74.8,False,24,off
2026-02-10T16:55:54.871535,24.9,74.7,False,24,off
2026-02-10T16:55:59.881579,24.9,74.7,False,24,off
2026-02-10T16:56:04.879362,24.9,74.6,False,24,off
2026-02-10T16:56:09.884181,24.9,74.6,False,24,off
2026-02-10T16:56:14.896126,24.9,74.6,False,24,off
2026-02-10T16:56:19.902901,24.9,74.6,False,24,off
2026-02-10T16:56:24.962490,24.9,74.6,False,24,off
2026-02-10T16:56:29.922524,24.9,74.6,False,24,off
2026-02-10T16:56:34.931135,24.9,74.5,False,24,off
2026-02-10T16:56:39.948208,24.9,74.5,False,24,off
2026-02-10T16:56:44.951678,24.9,74.4,False,24,off
2026-02-10T16:56:49.958458,24.9,74.4,False,24,off
2026-02-10T16:56:54.967732,24.9,74.4,False,24,off
2026-02-10T16:56:59.978521,24.9,74.3,False,24,off
2026-02-10T16:57:04.999361,24.9,74.3,False,24,off
2026-02-10T16:57:11.439191,24.9,74.3,False,24,off
2026-02-10T16:57:15.004441,24.9,74.2,False,24,off
2026-02-10T16:57:20.015121,24.9,74.2,False,24,off
2026-02-10T16:57:25.028696,24.9,74.1,False,24,off
2026-02-10T16:57:30.029632,24.9,74.1,False,24,off
2026-02-10T16:57:35.048752,24.9,74.1,False,24,off
2026-02-10T16:57:40.059554,24.9,74.1,False,24,off
2026-02-10T16:57:45.107863,24.9,74,False,24,off
2026-02-10T16:57:50.066358,24.9,74,False,24,off
2026-02-10T16:57:55.076386,24.9,73.9,False,24,off
2026-02-10T16:58:00.085040,24.9,73.9,False,24,off
2026-02-10T16:58:05.128477,24.9,73.8,False,24,off
2026-02-10T16:58:10.115224,24.9,73.8,False,24,off
2026-02-10T16:58:15.114590,24.9,73.8,False,24,off
2026-02-10T16:58:20.128188,24.9,73.8,False,24,off
2026-02-10T16:58:25.138620,24.9,73.7,False,24,off
2026-02-10T16:58:30.147325,24.9,73.7,False,24,off
2026-02-10T16:58:35.157945,24.9,73.7,False,24,off
2026-02-10T16:58:40.162287,24.9,73.6,False,24,off
2026-02-10T16:58:45.209662,24.9,73.6,False,24,off
2026-02-10T16:58:50.181911,24.9,73.5,False,24,off
2026-02-10T16:58:55.195263,24.9,73.5,False,24,off
2026-02-10T16:59:00.210894,24.9,73.4,False,24,off
2026-02-10T16:59:05.276029,24.9,73.4,False,24,off
2026-02-10T16:59:10.216633,24.9,73.4,False,24,off
2026-02-10T16:59:15.230122,24.9,73.4,False,24,off
2026-02-10T16:59:20.240347,24.9,73.4,False,24,off
2026-02-10T16:59:25.245848,24.8,73.4,False,24,off
2026-02-10T16:59:30.263637,24.8,73.4,False,24,off
2026-02-10T16:59:35.262266,24.8,73.3,False,24,off
2026-02-10T16:59:40.276892,24.8,73.3,False,24,off
2026-02-10T16:59:45.282446,24.8,73.3,False,24,off
2026-02-10T16:59:51.987348,24.8,73.3,False,24,off
2026-02-10T16:59:55.299356,24.8,73.3,False,24,off
2026-02-10T17:00:00.307520,24.8,73.3,False,24,off
2026-02-10T17:00:05.330430,24.8,73.3,False,24,off
2026-02-10T17:00:10.331316,24.8,73.3,False,24,off
2026-02-10T17:00:15.344067,24.8,73.2,False,24,off
2026-02-10T17:00:20.346857,24.8,73.2,False,24,off
2026-02-10T17:00:25.357956,24.8,73.2,False,24,off
2026-02-10T17:00:30.370352,24.8,73.2,False,24,off
2026-02-10T17:00:35.374260,24.8,73.1,False,24,off
2026-02-10T17:00:41.462001,24.8,73,False,24,off
2026-02-10T17:00:45.396819,24.8,73,False,24,off
2026-02-10T17:00:50.418572,24.8,72.9,False,24,off
2026-02-10T17:00:55.409371,24.8,72.9,False,24,off
2026-02-10T17:01:00.416185,24.8,72.9,False,24,off
2026-02-10T17:01:06.455362,24.8,72.9,False,24,off
2026-02-10T17:01:10.464252,24.8,72.9,False,24,off
2026-02-10T17:01:15.445953,24.8,72.8,False,24,off
2026-02-10T17:01:20.455366,24.8,72.7,False,24,off
2026-02-10T17:01:25.483373,24.8,72.7,False,24,off
2026-02-10T17:01:30.499745,24.8,72.7,False,24,off
2026-02-10T17:01:35.547269,24.8,72.7,False,24,off
2026-02-10T17:01:40.524161,24.8,72.8,False,24,off
2026-02-10T17:01:45.524264,24.8,72.8,False,24,off
2026-02-10T17:01:50.521768,24.8,72.8,False,24,off
2026-02-10T17:01:55.524389,24.8,72.8,False,24,off
2026-02-10T17:02:00.529773,24.8,72.8,False,24,off
2026-02-10T17:02:05.538987,24.8,72.9,False,24,off
2026-02-10T17:02:10.567079,24.8,72.8,False,24,off
2026-02-10T17:02:15.566296,24.8,72.8,False,24,off
2026-02-10T17:02:20.566402,24.8,72.9,False,24,off
2026-02-10T17:02:25.574980,24.8,72.9,False,24,off
2026-02-10T17:02:30.588390,24.8,73,False,24,off
2026-02-10T17:02:35.594202,24.8,73,False,24,off
2026-02-10T17:02:40.602853,24.8,73,False,24,off
2026-02-10T17:02:45.637839,24.8,73,False,24,off
2026-02-10T17:02:50.647475,24.8,73.1,False,24,off
2026-02-10T17:02:55.649021,24.8,73,False,24,off
2026-02-10T17:03:00.639528,24.8,73.1,False,24,off
2026-02-10T17:03:05.649289,24.8,73.1,False,24,off
2026-02-10T17:03:10.661065,24.8,73.1,False,24,off
2026-02-10T17:03:15.667476,24.8,73.1,False,24,off
2026-02-10T17:03:20.678136,24.8,73.2,False,24,off
2026-02-10T17:03:25.685459,24.8,73.2,False,24,off
2026-02-10T17:03:30.696387,24.8,73.2,False,24,off
2026-02-10T17:03:36.011698,24.8,73.2,False,24,off
2026-02-10T17:03:40.713660,24.8,73.2,False,24,off
2026-02-10T17:03:45.778059,24.8,73.2,False,24,off
2026-02-10T17:03:50.732718,24.8,73.3,False,24,off
2026-02-10T17:03:55.741708,24.8,73.3,False,24,off
2026-02-10T17:04:00.766223,24.8,73.4,False,24,off
2026-02-10T17:04:05.762946,24.8,73.4,False,24,off
2026-02-10T17:04:11.966428,24.8,73.4,False,24,off
2026-02-10T17:04:15.780804,24.8,73.5,False,24,off
2026-02-10T17:04:20.800428,24.8,73.5,False,24,off
2026-02-10T17:04:25.804450,24.8,73.4,False,24,off
2026-02-10T17:04:30.804856,24.8,73.5,False,24,off
2026-02-10T17:04:35.823102,24.8,73.4,False,24,off
2026-02-10T17:04:40.845306,24.8,73.4,False,24,off
2026-02-10T17:04:45.834009,24.8,73.4,False,24,off
2026-02-10T17:04:50.861718,24.8,73.4,False,24,off
2026-02-10T17:04:55.849992,24.8,73.4,False,24,off
2026-02-10T17:05:00.862181,24.8,73.4,False,24,off
2026-02-10T17:05:05.881289,24.8,73.4,False,24,off
2026-02-10T17:05:10.893638,24.8,73.5,False,24,off
2026-02-10T17:05:15.892633,24.8,73.4,False,24,off
2026-02-10T17:05:20.900272,24.8,73.4,False,24,off
2026-02-10T17:05:25.911766,24.8,73.4,False,24,off
2026-02-10T17:05:30.917429,24.8,73.4,False,24,off
2026-02-10T17:05:35.942373,24.8,73.3,False,24,off
2026-02-10T17:05:40.950589,24.8,73.3,False,24,off
2026-02-10T17:05:45.946298,24.8,73.3,False,24,off
2026-02-10T17:05:50.952271,24.8,73.3,False,24,off
2026-02-10T17:05:55.960142,24.8,73.2,False,24,off
2026-02-10T17:06:00.967771,24.8,73.2,False,24,off
2026-02-10T17:06:06.010282,24.8,73.2,False,24,off
2026-02-10T17:06:11.000349,24.8,73.1,False,24,off
2026-02-10T17:06:15.995595,24.8,73.1,False,24,off
2026-02-10T17:06:21.017525,24.8,73.1,False,24,off
2026-02-10T17:06:26.022918,24.8,73.1,False,24,off
2026-02-10T17:06:31.026583,24.8,73,False,24,off
2026-02-10T17:06:36.036906,24.8,73,False,24,off
2026-02-10T17:06:41.047564,24.8,73,False,24,off
2026-02-10T17:06:46.055821,24.8,72.9,False,24,off
2026-02-10T17:06:51.068164,24.8,72.9,False,24,off
2026-02-10T17:06:56.113591,24.8,72.9,False,24,off
2026-02-10T17:07:01.079878,24.8,72.8,False,24,off
2026-02-10T17:07:06.095677,24.8,72.7,False,24,off
2026-02-10T17:07:11.101605,24.8,72.7,False,24,off
2026-02-10T17:07:16.107725,24.8,72.7,False,24,off
2026-02-10T17:07:21.120371,24.8,72.7,False,24,off
2026-02-10T17:07:26.127814,24.8,72.7,False,24,off
2026-02-10T17:07:31.440199,24.7,72.7,False,24,off
2026-02-10T17:07:36.148025,24.8,72.7,False,24,off
2026-02-10T17:07:41.156529,24.8,72.7,False,24,off
2026-02-10T17:07:46.165435,24.8,72.7,False,24,off
2026-02-10T17:07:51.180130,24.8,72.7,False,24,off
2026-02-10T17:07:56.203471,24.8,72.7,False,24,off
2026-02-10T17:08:01.212851,24.7,72.6,False,24,off
2026-02-10T17:08:07.787981,24.8,72.6,False,24,off
2026-02-10T17:08:11.232467,24.7,72.6,False,24,off
2026-02-10T17:08:16.246002,24.7,72.5,False,24,off
2026-02-10T17:08:21.230832,24.7,72.4,False,24,off
2026-02-10T17:08:26.240314,24.7,72.4,False,24,off
2026-02-10T17:08:31.249420,24.7,72.4,False,24,off
2026-02-10T17:08:36.265622,24.7,72.4,False,24,off
2026-02-10T17:08:42.500226,24.7,72.3,False,24,off
2026-02-10T17:08:46.284315,24.7,72.4,False,24,off
2026-02-10T17:08:51.289354,24.7,72.4,False,24,off
2026-02-10T17:08:56.599838,24.7,72.5,False,24,off
2026-02-10T17:09:01.304575,24.7,72.4,False,24,off
2026-02-10T17:09:06.314005,24.7,72.4,False,24,off
2026-02-10T17:09:11.331607,24.7,72.4,False,24,off
2026-02-10T17:09:16.332414,24.7,72.5,False,24,off
2026-02-10T17:09:21.349499,24.7,72.4,False,24,off
2026-02-10T17:09:26.349988,24.7,72.5,False,24,off
2026-02-10T17:09:31.378926,24.7,72.4,False,24,off
2026-02-10T17:09:36.369013,24.7,72.4,False,24,off
2026-02-10T17:09:41.377941,24.7,72.4,False,24,off
2026-02-10T17:09:46.391922,24.7,72.3,False,24,off
2026-02-10T17:09:51.394746,24.7,72.3,False,24,off
2026-02-10T17:09:56.406624,24.7,72.3,False,24,off
2026-02-10T17:10:01.414867,24.7,72.3,False,24,off
2026-02-10T17:10:06.427714,24.7,72.3,False,24,off
2026-02-10T17:10:11.434587,24.7,72.2,False,24,off
2026-02-10T17:10:16.443009,24.7,72.2,False,24,off
2026-02-10T17:10:21.469282,24.7,72.2,False,24,off
2026-02-10T17:10:26.466790,24.7,72.1,False,24,off
2026-02-10T17:10:31.499345,24.7,72.1,False,24,off
2026-02-10T17:10:36.477415,24.7,72.1,False,24,off
2026-02-10T17:10:41.486607,24.7,72.1,False,24,off
2026-02-10T17:10:46.501784,24.7,72.1,False,24,off
2026-02-10T17:10:51.504844,24.7,72.1,False,24,off
2026-02-10T17:10:56.517888,24.7,72.1,False,24,off
2026-02-10T17:11:01.526619,24.7,72.1,False,24,off
2026-02-10T17:11:06.565212,24.7,72.1,False,24,off
2026-02-10T17:11:11.544095,24.7,72.1,False,24,off
2026-02-10T17:11:16.554028,24.7,72.1,False,24,off
2026-02-10T17:11:21.564202,24.7,72.1,False,24,off
2026-02-10T17:11:26.574290,24.7,72.1,False,24,off
2026-02-10T17:11:31.582708,24.7,72,False,24,off
2026-02-10T17:11:36.593673,24.7,72.1,False,24,off
2026-02-10T17:11:41.598609,24.6,72,False,24,off
2026-02-10T17:11:46.605622,24.7,72,False,24,off
2026-02-10T17:11:51.618459,24.7,72.1,False,24,off
2026-02-10T17:11:56.635325,24.6,72,False,24,off
2026-02-10T17:12:01.636032,24.6,72,False,24,off
2026-02-10T17:12:06.646833,24.6,72,False,24,off
2026-02-10T17:12:11.671009,24.6,72,False,24,off
2026-02-10T17:12:16.663723,24.6,71.9,False,24,off
2026-02-10T17:12:21.674428,24.6,72,False,24,off
2026-02-10T17:12:26.682373,24.6,71.9,False,24,off
2026-02-10T17:12:31.693454,24.6,71.9,False,24,off
2026-02-10T17:12:36.700766,24.6,71.9,False,24,off
2026-02-10T17:12:41.710566,24.7,71.9,False,24,off
2026-02-10T17:12:46.812189,24.6,71.9,False,24,off
2026-02-10T17:12:51.745933,24.7,71.9,False,24,off
2026-02-10T17:12:56.751441,24.6,71.9,False,24,off
2026-02-10T17:13:01.771338,24.7,71.8,False,24,off
2026-02-10T17:13:06.776401,24.7,71.8,False,24,off
2026-02-10T17:13:11.766032,24.7,71.8,False,24,off
2026-02-10T17:13:16.802302,24.7,71.8,False,24,off
2026-02-10T17:13:21.785254,24.7,71.8,False,24,off
2026-02-10T17:13:26.793732,24.7,71.8,False,24,off
2026-02-10T17:13:31.803050,24.7,71.7,False,24,off
2026-02-10T17:13:36.815341,24.6,71.7,False,24,off
2026-02-10T17:13:41.825117,24.6,71.6,False,24,off
2026-02-10T17:13:46.834634,24.6,71.6,False,24,off
2026-02-10T17:13:51.840788,24.6,71.6,False,24,off
2026-02-10T17:13:56.853102,24.6,71.6,False,24,off
2026-02-10T17:14:01.868085,24.6,71.6,False,24,off
2026-02-10T17:14:06.868466,24.6,71.6,False,24,off
2026-02-10T17:14:11.878537,24.6,71.6,False,24,off
2026-02-10T17:14:16.885696,24.6,71.6,False,24,off
2026-02-10T17:14:21.895372,24.6,71.6,False,24,off
2026-02-10T17:14:26.905381,24.6,71.5,False,24,off
2026-02-10T17:14:31.918303,24.6,71.5,False,24,off
2026-02-10T17:14:36.926854,24.6,71.5,False,24,off
2026-02-10T17:14:41.942594,24.6,71.6,False,24,off
2026-02-10T17:14:46.942295,24.6,71.5,False,24,off
2026-02-10T17:14:51.948287,24.6,71.6,False,24,off
2026-02-10T17:14:56.958109,24.6,71.5,False,24,off
2026-02-10T17:15:01.971685,24.6,71.5,False,24,off
2026-02-10T17:15:06.974600,24.6,71.5,False,24,off
2026-02-10T17:15:11.986621,24.6,71.5,False,24,off
2026-02-10T17:15:16.997671,24.6,71.4,False,24,off
2026-02-10T17:15:22.002504,24.6,71.4,False,24,off
2026-02-10T17:15:27.015345,24.6,71.4,False,24,off
2026-02-10T17:15:32.024621,24.6,71.4,False,24,off
2026-02-10T17:15:37.034385,24.6,71.4,False,24,off
2026-02-10T17:15:42.084738,24.6,71.3,False,24,off
2026-02-10T17:15:47.052092,24.6,71.3,False,24,off
2026-02-10T17:15:52.068571,24.6,71.2,False,24,off
2026-02-10T17:15:57.088792,24.6,71.2,False,24,off
2026-02-10T17:16:02.083108,24.6,71.2,False,24,off
2026-02-10T17:16:07.088723,24.6,71.2,False,24,off
2026-02-10T17:16:12.098026,24.6,71.2,False,24,off
2026-02-10T17:16:17.107067,24.6,71.2,False,24,off
2026-02-10T17:16:22.117178,24.6,71.2,False,24,off
2026-02-10T17:16:27.127831,24.6,71.2,False,24,off
2026-02-10T17:16:32.132097,24.6,71.2,False,24,off
2026-02-10T17:16:37.144031,24.6,71.2,False,24,off
2026-02-10T17:16:42.155580,24.6,71.2,False,24,off
2026-02-10T17:16:47.167286,24.6,71.1,False,24,off
2026-02-10T17:16:52.320983,24.6,71.1,False,24,off
2026-02-10T17:16:57.207317,24.6,71,False,24,off
2026-02-10T17:17:02.198379,24.6,71,False,24,off
2026-02-10T17:17:07.202852,24.6,71,False,24,off
2026-02-10T17:17:12.209132,24.6,71,False,24,off
2026-02-10T17:17:17.219964,24.6,71.1,False,24,off
2026-02-10T17:17:22.255771,24.6,71,False,24,off
2026-02-10T17:17:27.236712,24.6,71,False,24,off
2026-02-10T17:17:32.246369,24.6,71.1,False,24,off
2026-02-10T17:17:37.257534,24.5,71.1,False,24,off
2026-02-10T17:17:42.269304,24.6,71.1,False,24,off
2026-02-10T17:17:47.284460,24.5,71.1,False,24,off
2026-02-10T17:17:52.283437,24.5,71.1,False,24,off
2026-02-10T17:17:57.310522,24.5,71.1,False,24,off
2026-02-10T17:18:02.299756,24.5,71.1,False,24,off
2026-02-10T17:18:07.324504,24.5,71,False,24,off
2026-02-10T17:18:12.322241,24.5,71,False,24,off
2026-02-10T17:18:17.333965,24.5,71,False,24,off
2026-02-10T17:18:22.344534,24.5,71,False,24,off
2026-02-10T17:18:27.357664,24.5,71,False,24,off
2026-02-10T17:18:32.383304,24.5,71.1,False,24,off
2026-02-10T17:18:37.387063,24.5,71.1,False,24,off
2026-02-10T17:18:42.378069,24.5,71.1,False,24,off
2026-02-10T17:18:47.391155,24.5,71.1,False,24,off
2026-02-10T17:18:52.395520,24.5,71.1,False,24,off
2026-02-10T17:18:57.419862,24.5,71.2,False,24,off
2026-02-10T17:19:02.413541,24.5,71.1,False,24,off
2026-02-10T17:19:07.472320,24.5,71.1,False,24,off
2026-02-10T17:19:12.433520,24.5,71,False,24,off
2026-02-10T17:19:17.449354,24.5,71,False,24,off
2026-02-10T17:19:22.453291,24.5,71,False,24,off
2026-02-10T17:19:27.461635,24.5,71,False,24,off
2026-02-10T17:19:32.470143,24.5,71,False,24,off
2026-02-10T17:19:37.483939,24.5,71,False,24,off
2026-02-10T17:19:42.538590,24.5,71,False,24,off
2026-02-10T17:19:47.497279,24.5,71,False,24,off
2026-02-10T17:19:52.510888,24.5,70.9,False,24,off
2026-02-10T17:19:57.520136,24.5,70.9,False,24,off
2026-02-10T17:20:02.528331,24.5,70.9,False,24,off
2026-02-10T17:20:07.537437,24.5,70.9,False,24,off
2026-02-10T17:20:12.544300,24.5,70.8,False,24,off
2026-02-10T17:20:17.624455,24.5,70.8,False,24,off
2026-02-10T17:20:22.566442,24.5,70.7,False,24,off
2026-02-10T17:20:27.578933,24.5,70.7,False,24,off
2026-02-10T17:20:32.597211,24.5,70.7,False,24,off
2026-02-10T17:20:37.590189,24.5,70.7,False,24,off
2026-02-10T17:20:42.596360,24.5,70.7,False,24,off
2026-02-10T17:20:47.616073,24.5,70.7,False,24,off
2026-02-10T17:20:52.618012,24.5,70.8,False,24,off
2026-02-10T17:20:57.626204,24.5,70.8,False,24,off
2026-02-10T17:21:02.637090,24.5,70.8,False,24,off
2026-02-10T17:21:07.659926,24.5,70.8,False,24,off
2026-02-10T17:21:12.653809,24.5,70.9,False,24,off
2026-02-10T17:21:17.665720,24.5,70.8,False,24,off
2026-02-10T17:21:22.673156,24.5,70.8,False,24,off
2026-02-10T17:21:27.684561,24.5,70.8,False,24,off
2026-02-10T17:21:32.692169,24.5,70.8,False,24,off
2026-02-10T17:21:37.700007,24.5,70.8,False,24,off
2026-02-10T17:21:42.709173,24.5,70.8,False,24,off
2026-02-10T17:21:47.729585,24.5,70.8,False,24,off
2026-02-10T17:21:52.725742,24.5,70.9,False,24,off
2026-02-10T17:21:57.740495,24.5,70.8,False,24,off
2026-02-10T17:22:02.769672,24.5,70.8,False,24,off
2026-02-10T17:22:07.760111,24.5,70.8,False,24,off
2026-02-10T17:22:12.768227,24.5,70.8,False,24,off
2026-02-10T17:22:17.771061,24.5,70.8,False,24,off
2026-02-10T17:22:24.053894,24.5,70.8,False,24,off
2026-02-10T17:22:27.817242,24.5,70.8,False,24,off
2026-02-10T17:22:32.800728,24.5,70.8,False,24,off
2026-02-10T17:22:37.817831,24.5,70.8,False,24,off
2026-02-10T17:22:42.839646,24.5,70.8,False,24,off
2026-02-10T17:22:47.830527,24.5,70.8,False,24,off
2026-02-10T17:22:52.875880,24.5,70.8,False,24,off
2026-02-10T17:22:57.849945,24.5,70.8,False,24,off
2026-02-10T17:23:02.852026,24.5,70.8,False,24,off
2026-02-10T17:23:07.862659,24.5,70.7,False,24,off
2026-02-10T17:23:12.899921,24.5,70.7,False,24,off
2026-02-10T17:23:17.881782,24.5,70.7,False,24,off
2026-02-10T17:23:22.907183,24.5,70.6,False,24,off
2026-02-10T17:23:27.896334,24.5,70.6,False,24,off
2026-02-10T17:23:33.208928,24.5,70.6,False,24,off
2026-02-10T17:23:37.914404,24.5,70.7,False,24,off
2026-02-10T17:23:42.923575,24.5,70.6,False,24,off
2026-02-10T17:23:47.934233,24.5,70.6,False,24,off
2026-02-10T17:23:52.946002,24.5,70.6,False,24,off
2026-02-10T17:23:57.950232,24.5,70.6,False,24,off
2026-02-10T17:24:02.968727,24.5,70.5,False,24,off
2026-02-10T17:24:07.975245,24.5,70.5,False,24,off
2026-02-10T17:24:12.980752,24.4,70.5,False,24,off
2026-02-10T17:24:17.999413,24.4,70.5,False,24,off
2026-02-10T17:24:22.995648,24.4,70.5,False,24,off
2026-02-10T17:24:28.001842,24.4,70.5,False,24,off
2026-02-10T17:24:33.018023,24.4,70.5,False,24,off
2026-02-10T17:24:38.022181,24.4,70.5,False,24,off
2026-02-10T17:24:43.031338,24.4,70.6,False,24,off
2026-02-10T17:24:48.041374,24.4,70.7,False,24,off
2026-02-10T17:24:53.047119,24.4,70.7,False,24,off
2026-02-10T17:24:58.067859,24.4,70.7,False,24,off
2026-02-10T17:25:03.070053,24.4,70.7,False,24,off
2026-02-10T17:25:08.081248,24.4,70.8,False,24,off
2026-02-10T17:25:13.388515,24.4,70.8,False,24,off
2026-02-10T17:25:18.095181,24.4,70.7,False,24,off
2026-02-10T17:25:23.111112,24.4,70.8,False,24,off
2026-02-10T17:25:28.111569,24.4,70.7,False,24,off
2026-02-10T17:25:33.127021,24.4,70.8,False,24,off
2026-02-10T17:25:38.132460,24.4,70.8,False,24,off
2026-02-10T17:25:43.140401,24.4,70.8,False,24,off
2026-02-10T17:25:48.151466,24.4,70.8,False,24,off
2026-02-10T17:25:53.155932,24.4,70.8,False,24,off
2026-02-10T17:25:58.172409,24.4,70.8,False,24,off
2026-02-10T17:26:03.176259,24.4,70.8,False,24,off
2026-02-10T17:26:08.190934,24.4,70.8,False,24,off
2026-02-10T17:26:13.216821,24.4,70.8,False,24,off
2026-02-10T17:26:18.212741,24.4,70.7,False,24,off
2026-02-10T17:26:23.211202,24.4,70.7,False,24,off
2026-02-10T17:26:28.224106,24.4,70.7,False,24,off
2026-02-10T17:26:33.229984,24.4,70.7,False,24,off
2026-02-10T17:26:38.239261,24.4,70.7,False,24,off
2026-02-10T17:26:43.249606,24.4,70.7,False,24,off
2026-02-10T17:26:48.257769,24.4,70.8,False,24,off
2026-02-10T17:26:53.271104,24.4,70.7,False,24,off
2026-02-10T17:26:58.276887,24.4,70.7,False,24,off
2026-02-10T17:27:03.288688,24.4,70.7,False,24,off
2026-02-10T17:27:09.589595,24.4,70.7,False,24,off
2026-02-10T17:27:13.304894,24.4,70.7,False,24,off
2026-02-10T17:27:19.892890,24.4,70.7,False,24,off
2026-02-10T17:27:23.323334,24.4,70.7,False,24,off
2026-02-10T17:27:28.329533,24.4,70.7,False,24,off
2026-02-10T17:27:33.338408,24.4,70.7,False,24,off
2026-02-10T17:27:38.353316,24.4,70.7,False,24,off
2026-02-10T17:27:43.353658,24.4,70.7,False,24,off
2026-02-10T17:27:48.382874,24.4,70.7,False,24,off
2026-02-10T17:27:53.381108,24.4,70.6,False,24,off
2026-02-10T17:27:58.386471,24.4,70.6,False,24,off
2026-02-10T17:28:03.396378,24.4,70.6,False,24,off
2026-02-10T17:28:08.422450,24.4,70.6,False,24,off
2026-02-10T17:28:13.410545,24.4,70.5,False,24,off
2026-02-10T17:28:18.423219,24.4,70.5,False,24,off
2026-02-10T17:28:23.430090,24.4,70.5,False,24,off
2026-02-10T17:28:28.470893,24.4,70.5,False,24,off
2026-02-10T17:28:34.889814,24.4,70.5,False,24,off
2026-02-10T17:28:38.456903,24.4,70.5,False,24,off
2026-02-10T17:28:43.470657,24.4,70.5,False,24,off
2026-02-10T17:28:48.483329,24.4,70.5,False,24,off
2026-02-10T17:28:53.484470,24.4,70.5,False,24,off
2026-02-10T17:28:58.493645,24.4,70.5,False,24,off
2026-02-10T17:29:03.529664,24.4,70.5,False,24,off
2026-02-10T17:29:08.546526,24.4,70.5,False,24,off
2026-02-10T17:29:13.549984,24.4,70.5,False,24,off
2026-02-10T17:29:18.545148,24.4,70.4,False,24,off
2026-02-10T17:29:23.533770,24.4,70.4,False,24,off
2026-02-10T17:29:28.584912,24.4,70.3,False,24,off
2026-02-10T17:29:33.598280,24.4,70.3,False,24,off
2026-02-10T17:29:38.608361,24.4,70.4,False,24,off
2026-02-10T17:29:43.656621,24.4,70.3,False,24,off
2026-02-10T17:29:48.604226,24.4,70.3,False,24,off
2026-02-10T17:29:53.616983,24.4,70.4,False,24,off
2026-02-10T17:29:58.645433,24.4,70.4,False,24,off
2026-02-10T17:30:05.129917,24.4,70.4,False,24,off
2026-02-10T17:30:08.664283,24.4,70.4,False,24,off
2026-02-10T17:30:13.662165,24.4,70.4,False,24,off
2026-02-10T17:30:18.712498,24.4,70.4,False,24,off
2026-02-10T17:30:23.702413,24.4,70.5,False,24,off
2026-02-10T17:30:28.699398,24.4,70.5,False,24,off
2026-02-10T17:30:33.782299,24.4,70.4,False,24,off
2026-02-10T17:30:38.698108,24.4,70.4,False,24,off
2026-02-10T17:30:43.707196,24.4,70.4,False,24,off
2026-02-10T17:30:48.734263,24.4,70.4,False,24,off
2026-02-10T17:30:53.730982,24.4,70.4,False,24,off
2026-02-10T17:30:58.749986,24.4,70.4,False,24,off
2026-02-10T17:31:03.752339,24.4,70.5,False,24,off
2026-02-10T17:31:08.736159,24.4,70.6,False,24,off
2026-02-10T17:31:13.800260,24.4,70.8,False,24,off
2026-02-10T17:31:18.823188,24.4,70.8,False,24,off
2026-02-10T17:31:23.768352,24.4,70.9,False,24,off
2026-02-10T17:31:28.772370,24.4,70.9,False,24,off
2026-02-10T17:31:38.083788,24.4,70.9,False,24,off
2026-02-10T17:31:38.784826,24.4,71.1,False,24,off
2026-02-10T17:31:43.791907,24.4,71.3,False,24,off
2026-02-10T17:31:48.799899,24.5,71.5,False,24,off
2026-02-10T17:31:53.811715,24.4,71.6,False,24,off
2026-02-10T17:31:58.818244,24.4,71.7,False,24,off
2026-02-10T17:32:08.097695,24.5,71.7,False,24,off
2026-02-10T17:32:08.847181,24.5,71.9,False,24,off
2026-02-10T17:32:13.856443,24.4,72.1,False,24,off
2026-02-10T17:32:18.871685,24.5,72.2,False,24,off
2026-02-10T17:32:23.869802,24.5,72.3,False,24,off
2026-02-10T17:32:28.875296,24.5,72.4,False,24,off
2026-02-10T17:32:33.880357,24.5,72.5,False,24,off
2026-02-10T17:32:38.889169,24.5,72.7,False,24,off
2026-02-10T17:32:45.108370,24.5,72.9,False,24,off
2026-02-10T17:32:48.906361,24.5,73,False,24,off
2026-02-10T17:32:53.942130,24.6,73.1,False,24,off
2026-02-10T17:32:58.954227,24.6,73.2,False,24,off
2026-02-10T17:33:03.938839,24.6,73.1,False,24,off
2026-02-10T17:33:08.947658,24.6,73.1,False,24,off
2026-02-10T17:33:13.959408,24.6,73.1,False,24,off
2026-02-10T17:33:18.977474,24.6,73,False,24,off
2026-02-10T17:33:23.977795,24.7,73,False,24,off
2026-02-10T17:33:29.013419,24.7,73,False,24,off
2026-02-10T17:33:34.027319,24.7,73,False,24,off
2026-02-10T17:33:39.085816,24.7,73,False,24,off
2026-02-10T17:33:44.029086,24.7,73,False,24,off
2026-02-10T17:33:49.024720,24.7,72.8,False,24,off
2026-02-10T17:33:54.030430,24.7,72.7,False,24,off
2026-02-10T17:33:59.065616,24.7,72.5,False,24,off
2026-02-10T17:34:04.042641,24.7,72.3,False,24,off
2026-02-10T17:34:09.074671,24.8,72.2,False,24,off
2026-02-10T17:34:14.074830,24.8,72.1,False,24,off
2026-02-10T17:34:19.100332,24.8,72,False,24,off
2026-02-10T17:34:24.111941,24.8,71.9,False,24,off
2026-02-10T17:34:29.097841,24.8,71.8,False,24,off
2026-02-10T17:34:34.104406,24.8,71.8,False,24,off
2026-02-10T17:34:39.130269,24.8,71.6,False,24,off
2026-02-10T17:34:44.118823,24.8,71.5,False,24,off
2026-02-10T17:34:49.132732,24.8,71.4,False,24,off
2026-02-10T17:34:54.175648,24.8,71.3,False,24,off
2026-02-10T17:34:59.156731,24.8,71.3,False,24,off
2026-02-10T17:35:04.153765,24.8,71.2,False,24,off
2026-02-10T17:35:09.161001,24.8,71.2,False,24,off
2026-02-10T17:35:14.176076,24.8,71.2,False,24,off
2026-02-10T17:35:19.191698,24.8,71.2,False,24,off
2026-02-10T17:35:24.187068,24.8,71.1,False,24,off
2026-02-10T17:35:29.211825,24.8,71.1,False,24,off
2026-02-10T17:35:34.239805,24.8,71.1,False,24,off
2026-02-10T17:35:39.263718,24.8,71.1,False,24,off
2026-02-10T17:35:44.228753,24.8,71.1,False,24,off
2026-02-10T17:35:49.236268,24.8,71.1,False,24,off
2026-02-10T17:35:54.245122,24.8,71.1,False,24,off
2026-02-10T17:35:59.254661,24.8,71.1,False,24,off
2026-02-10T17:36:04.291991,24.8,71.1,False,24,off
2026-02-10T17:36:09.295840,24.7,71.1,False,24,off
2026-02-10T17:36:14.287145,24.8,71.1,False,24,off
2026-02-10T17:36:19.290482,24.7,71.1,False,24,off
2026-02-10T17:36:24.302177,24.8,71.1,False,24,off
2026-02-10T17:36:29.309830,24.8,71.2,False,24,off
2026-02-10T17:36:34.319133,24.7,71.2,False,24,off
2026-02-10T17:36:39.327127,24.8,71.1,False,24,off
2026-02-10T17:36:44.335909,24.7,71,False,24,off
2026-02-10T17:36:49.357922,24.8,71,False,24,off
2026-02-10T17:36:54.355062,24.8,70.8,False,24,off
2026-02-10T17:36:59.363782,24.8,70.8,False,24,off
2026-02-10T17:37:04.371871,24.7,70.8,False,24,off
2026-02-10T17:37:09.382689,24.8,70.7,False,24,off
2026-02-10T17:37:14.391245,24.7,70.7,False,24,off
2026-02-10T17:37:19.411839,24.7,70.7,False,24,off
2026-02-10T17:37:24.438672,24.8,70.7,False,24,off
2026-02-10T17:37:29.438957,24.8,70.7,False,24,off
2026-02-10T17:37:34.456538,24.8,70.7,False,24,off
2026-02-10T17:37:39.449930,24.7,70.6,False,24,off
2026-02-10T17:37:44.445781,24.8,70.6,False,24,off
2026-02-10T17:37:49.482130,24.8,70.6,False,24,off
2026-02-10T17:37:54.465725,24.8,70.6,False,24,off
2026-02-10T17:37:59.476598,24.8,70.6,False,24,off
2026-02-10T17:38:04.511054,24.8,70.5,False,24,off
2026-02-10T17:38:09.489137,24.8,70.5,False,24,off
2026-02-10T17:38:14.500618,24.8,70.4,False,24,off
2026-02-10T17:38:19.510306,24.8,70.4,False,24,off
2026-02-10T17:38:24.534215,24.8,70.3,False,24,off
2026-02-10T17:38:29.528415,24.8,70.3,False,24,off
2026-02-10T17:38:34.537552,24.8,70.3,False,24,off
2026-02-10T17:38:39.576433,24.8,70.3,False,24,off
2026-02-10T17:38:44.568237,24.8,70.3,False,24,off
2026-02-10T17:38:49.578361,24.8,70.3,False,24,off
2026-02-10T17:38:54.627218,24.8,70.2,False,24,off
2026-02-10T17:38:59.588595,24.8,70.2,False,24,off
2026-02-10T17:39:04.622001,24.8,70.2,False,24,off
2026-02-10T17:39:09.605259,24.8,70.2,False,24,off
2026-02-10T17:39:14.609846,24.8,70.1,False,24,off
2026-02-10T17:39:19.619526,24.8,70.1,False,24,off
2026-02-10T17:39:24.629484,24.8,70.3,False,24,off
2026-02-10T17:39:29.637462,24.8,70.5,False,24,off
2026-02-10T17:39:34.648249,24.8,70.7,False,24,off
2026-02-10T17:39:39.661131,24.8,70.8,False,24,off
2026-02-10T17:39:44.699929,24.8,70.9,False,24,off
2026-02-10T17:39:49.695588,24.9,70.8,False,24,off
2026-02-10T17:39:54.683229,24.9,70.7,False,24,off
2026-02-10T17:39:59.696154,24.8,70.6,False,24,off
2026-02-10T17:40:04.727349,24.9,70.3,False,24,off
2026-02-10T17:40:09.707624,24.9,70.2,False,24,off
2026-02-10T17:40:14.722362,24.9,70.2,False,24,off
2026-02-10T17:40:19.748438,24.9,70.1,False,24,off
2026-02-10T17:40:24.748233,24.9,70.2,False,24,off
2026-02-10T17:40:29.746986,24.9,70.1,False,24,off
2026-02-10T17:40:34.755870,24.9,69.9,False,24,off
2026-02-10T17:40:39.764653,24.9,69.8,False,24,off
2026-02-10T17:40:44.808784,24.9,69.6,False,24,off
2026-02-10T17:40:49.784364,24.9,69.6,False,24,off
2026-02-10T17:40:54.793046,24.9,69.4,False,24,off
2026-02-10T17:40:59.803924,24.9,69.5,False,24,off
2026-02-10T17:41:04.811139,24.9,69.6,False,24,off
2026-02-10T17:41:09.820465,24.9,69.7,False,24,off
2026-02-10T17:41:14.826368,24.9,69.8,False,24,off
2026-02-10T17:41:19.894344,25,69.8,False,24,off
2026-02-10T17:41:24.847239,25,70,False,24,off
2026-02-10T17:41:29.857229,25,69.8,False,24,off
2026-02-10T17:41:34.864269,25,69.7,False,24,off
2026-02-10T17:41:39.873669,25,69.5,False,24,off
2026-02-10T17:41:44.903838,25,69.3,False,24,off
2026-02-10T17:41:49.933192,25,69.2,False,24,off
2026-02-10T17:41:54.932381,25,69.3,False,24,off
2026-02-10T17:41:59.912601,25,69.1,False,24,off
2026-02-10T17:42:04.941793,25,69,False,24,off
2026-02-10T17:42:09.961319,25,69,False,24,off
2026-02-10T17:42:14.942720,25,68.9,False,24,off
2026-02-10T17:42:19.950240,25,68.9,False,24,off
2026-02-10T17:42:24.959961,25,68.9,False,24,off
2026-02-10T17:42:29.971566,25,68.8,False,24,off
2026-02-10T17:42:36.169441,25.1,68.8,False,24,off
2026-02-10T17:42:39.983370,25,68.8,False,24,off
2026-02-10T17:42:45.019601,25.1,68.8,False,24,off
2026-02-10T17:42:50.031088,25,68.8,False,24,off
2026-02-10T17:42:55.014173,25,68.8,False,24,off
2026-02-10T17:43:00.052896,25,68.8,False,24,off
2026-02-10T17:43:05.034164,25,68.7,False,24,off
2026-02-10T17:43:10.294886,25,68.7,False,24,off
2026-02-10T17:43:15.050847,25,68.6,False,24,off
2026-02-10T17:43:20.059938,25,68.6,False,24,off
2026-02-10T17:43:25.067419,25,68.5,False,24,off
2026-02-10T17:43:30.089139,25,68.5,False,24,off
2026-02-10T17:43:35.083628,25,68.5,False,24,off
2026-02-10T17:43:40.101979,25,68.5,False,24,off
2026-02-10T17:43:45.148645,25,68.6,False,24,off
2026-02-10T17:43:50.113979,25,68.6,False,24,off
2026-02-10T17:43:55.130488,25,68.7,False,24,off
2026-02-10T17:44:00.146833,25,68.8,False,24,off
2026-02-10T17:44:05.156877,25,68.9,False,24,off
2026-02-10T17:44:10.151291,25,69,False,24,off
2026-02-10T17:44:15.160465,25,69,False,24,off
2026-02-10T17:44:20.177340,25,68.8,False,24,off
2026-02-10T17:44:25.197993,25,68.8,False,24,off
2026-02-10T17:44:30.189420,25,68.8,False,24,off
2026-02-10T17:44:35.196779,25,68.8,False,24,off
2026-02-10T17:44:41.214126,25,68.9,False,24,off
2026-02-10T17:44:45.213443,25,68.8,False,24,off
2026-02-10T17:44:50.223738,25,68.8,False,24,off
2026-02-10T17:44:55.235914,25,68.8,False,24,off
2026-02-10T17:45:00.249832,25.1,68.7,False,24,off
2026-02-10T17:45:05.254686,25,68.7,False,24,off
2026-02-10T17:45:10.260996,25,68.8,False,24,off
2026-02-10T17:45:15.271175,25,68.8,False,24,off
2026-02-10T17:45:20.292504,25,68.8,False,24,off
2026-02-10T17:45:25.290019,25,68.9,False,24,off
2026-02-10T17:45:30.298805,25,68.9,False,24,off
2026-02-10T17:45:35.307333,25,69,False,24,off
2026-02-10T17:45:40.325470,25.1,69.1,False,24,off
2026-02-10T17:45:45.331107,25,69.1,False,24,off
2026-02-10T17:45:50.368263,25,69.2,False,24,off
2026-02-10T17:45:55.344263,25,69.2,False,24,off
2026-02-10T17:46:00.353758,25,69.2,False,24,off
2026-02-10T17:46:05.364921,25.1,69.2,False,24,off
2026-02-10T17:46:10.400302,25.1,69.2,False,24,off
2026-02-10T17:46:15.379425,25.1,69.3,False,24,off
2026-02-10T17:46:20.403348,25,69.5,False,24,off
2026-02-10T17:46:25.420132,25.1,69.6,False,24,off
2026-02-10T17:46:30.558122,25.1,69.6,False,24,off
2026-02-10T17:46:35.420815,25.1,69.6,False,24,off
2026-02-10T17:46:42.190192,25.1,69.6,False,24,off
2026-02-10T17:46:46.642263,25.1,69.6,False,24,off
2026-02-10T17:46:50.582990,25.1,69.6,False,24,off
2026-02-10T17:46:55.455621,25.1,69.6,False,24,off
2026-02-10T17:47:00.485593,25.1,69.5,False,24,off
2026-02-10T17:47:05.720212,25.1,69.5,False,24,off
2026-02-10T17:47:10.486940,25.1,69.5,False,24,off
2026-02-10T17:47:15.516447,25.1,69.6,False,24,off
2026-02-10T17:47:20.505950,25.1,69.7,False,24,off
2026-02-10T17:47:25.519812,25.1,69.8,False,24,off
2026-02-10T17:47:30.546087,25.1,69.8,False,24,off
2026-02-10T17:47:35.546551,25.1,69.8,False,24,off
2026-02-10T17:47:40.639007,25.1,69.7,False,24,off
2026-02-10T17:47:46.868551,25.1,69.8,False,24,off
2026-02-10T17:47:50.567324,25.1,69.8,False,24,off
2026-02-10T17:47:55.591541,25.1,69.9,False,24,off
2026-02-10T17:48:00.572773,25.1,70,False,24,off
2026-02-10T17:48:05.613641,25.1,70,False,24,off
2026-02-10T17:48:10.589820,25.1,70,False,24,off
2026-02-10T17:48:15.631435,25.1,70.1,False,24,off
2026-02-10T17:48:20.611725,25.1,70,False,24,off
2026-02-10T17:48:25.644535,25.1,69.9,False,24,off
2026-02-10T17:48:30.652865,25.1,69.9,False,24,off
2026-02-10T17:48:35.745506,25.1,69.9,False,24,off
2026-02-10T17:48:40.648065,25.1,70,False,24,off
2026-02-10T17:48:45.656817,25.1,70,False,24,off
2026-02-10T17:48:50.692936,25.1,70,False,24,off
2026-02-10T17:48:55.675279,25.1,70.1,False,24,off
2026-02-10T17:49:00.685922,25.1,70.1,False,24,off
2026-02-10T17:49:05.704772,25.1,70.2,False,24,off
2026-02-10T17:49:10.708813,25.1,70.2,False,24,off
2026-02-10T17:49:15.715800,25.1,70.3,False,24,off
2026-02-10T17:49:20.726583,25.1,70.4,False,24,off
2026-02-10T17:49:25.731824,25.1,70.4,False,24,off
2026-02-10T17:49:30.772295,25.1,70.5,False,24,off
2026-02-10T17:49:35.783040,25.1,70.5,False,24,off
2026-02-10T17:49:40.797595,25.1,70.5,False,24,off
2026-02-10T17:49:45.769389,25.1,70.6,False,24,off
2026-02-10T17:49:50.782390,25.1,70.6,False,24,off
2026-02-10T17:49:55.787271,25.1,70.6,False,24,off
2026-02-10T17:50:00.799614,25.1,70.6,False,24,off
2026-02-10T17:50:07.187493,25.1,70.6,False,24,off
2026-02-10T17:50:10.848323,25.1,70.6,False,24,off
2026-02-10T17:50:15.831853,25.1,70.6,False,24,off
2026-02-10T17:50:20.832712,25.1,70.5,False,24,off
2026-02-10T17:50:25.889934,25.1,70.5,False,24,off
2026-02-10T17:50:30.857731,25.1,70.5,False,24,off
2026-02-10T17:50:35.888971,25.1,70.6,False,24,off
2026-02-10T17:50:40.875476,25.1,70.7,False,24,off
2026-02-10T17:50:45.883902,25.1,70.6,False,24,off
2026-02-10T17:50:50.891333,25.1,70.6,False,24,off
2026-02-10T17:50:55.911538,25.1,70.7,False,24,off
2026-02-10T17:51:00.911597,25.1,70.7,False,24,off
2026-02-10T17:51:05.915705,25.1,70.7,False,24,off
2026-02-10T17:51:10.928899,25.1,70.8,False,24,off
2026-02-10T17:51:15.934793,25.1,70.7,False,24,off
2026-02-10T17:51:20.949087,25.1,70.6,False,24,off
2026-02-10T17:51:25.952746,25.1,70.6,False,24,off
2026-02-10T17:51:30.965194,25.1,70.6,False,24,off
2026-02-10T17:51:36.050563,25.1,70.7,False,24,off
2026-02-10T17:51:40.985477,25.1,70.8,False,24,off
2026-02-10T17:51:46.000286,25.1,70.8,False,24,off
2026-02-10T17:51:51.001159,25.1,70.7,False,24,off
2026-02-10T17:51:56.010261,25.1,70.6,False,24,off
2026-02-10T17:52:01.020330,25.1,70.7,False,24,off
2026-02-10T17:52:07.167860,25.1,70.7,False,24,off
2026-02-10T17:52:11.338839,25.1,70.7,False,24,off
2026-02-10T17:52:19.309356,25.1,70.8,False,24,off
2026-02-10T17:52:21.055254,25.1,70.8,False,24,off
2026-02-10T17:52:26.065746,25.1,70.8,False,24,off
2026-02-10T17:52:31.073348,25.1,70.8,False,24,off
2026-02-10T17:52:36.098384,25.1,70.8,False,24,off
2026-02-10T17:52:41.092842,25.1,70.8,False,24,off
2026-02-10T17:52:46.111540,25.1,70.9,False,24,off
2026-02-10T17:52:51.130162,25.1,70.9,False,24,off
2026-02-10T17:52:56.126461,25.1,71,False,24,off
2026-02-10T17:53:01.128328,25.1,71.2,False,24,off
2026-02-10T17:53:06.136605,25.1,71.3,False,24,off
2026-02-10T17:53:11.148107,25.1,71.3,False,24,off
2026-02-10T17:53:16.169196,25.1,71.2,False,24,off
2026-02-10T17:53:21.168307,25.1,71.3,False,24,off
2026-02-10T17:53:26.170726,25.2,71.3,False,24,off
2026-02-10T17:53:32.672209,25.2,71.1,False,24,off
2026-02-10T17:53:36.192757,25.2,71.1,False,24,off
2026-02-10T17:53:41.230018,25.2,71.2,False,24,off
2026-02-10T17:53:46.208717,25.2,71.1,False,24,off
2026-02-10T17:53:51.219879,25.2,70.9,False,24,off
2026-02-10T17:53:57.671436,25.2,70.9,False,24,off
2026-02-10T17:54:01.322265,25.2,70.8,False,24,off
2026-02-10T17:54:06.277607,25.2,70.8,False,24,off
2026-02-10T17:54:11.490941,25.2,70.8,False,24,off
2026-02-10T17:54:16.335633,25.2,70.9,False,24,off
2026-02-10T17:54:21.275027,25.3,70.9,False,24,off
2026-02-10T17:54:26.458757,25.3,70.8,False,24,off
2026-02-10T17:54:31.293736,25.3,70.7,False,24,off
2026-02-10T17:54:36.350485,25.3,70.7,False,24,off
2026-02-10T17:54:41.312816,25.3,70.8,False,24,off
2026-02-10T17:54:46.352938,25.3,70.8,False,24,off
2026-02-10T17:54:51.329705,25.3,70.8,False,24,off
2026-02-10T17:54:56.367704,25.3,70.7,False,24,off
2026-02-10T17:55:01.376709,25.3,70.7,False,24,off
2026-02-10T17:55:06.354231,25.3,70.6,False,24,off
2026-02-10T17:55:11.382990,25.3,70.6,False,24,off
2026-02-10T17:55:16.401905,25.3,70.6,False,24,off
2026-02-10T17:55:21.402446,25.2,70.6,False,24,off
2026-02-10T17:55:26.396016,25.2,70.5,False,24,off
2026-02-10T17:55:31.402861,25.2,70.5,False,24,off
2026-02-10T17:55:36.434185,25.2,70.5,False,24,off
2026-02-10T17:55:41.420926,25.2,70.6,False,24,off
2026-02-10T17:55:46.433740,25.2,70.6,False,24,off
2026-02-10T17:55:51.467826,25.2,70.6,False,24,off
2026-02-10T17:55:56.477312,25.2,70.7,False,24,off
2026-02-10T17:56:01.457952,25.2,70.7,False,24,off
2026-02-10T17:56:06.466597,25.2,70.6,False,24,off
2026-02-10T17:56:11.475671,25.2,70.6,False,24,off
2026-02-10T17:56:16.490170,25.2,70.6,False,24,off
2026-02-10T17:56:21.492984,25.2,70.6,False,24,off
2026-02-10T17:56:26.520543,25.2,70.6,False,24,off
2026-02-10T17:56:31.538820,25.2,70.6,False,24,off
2026-02-10T17:56:36.529809,25.2,70.7,False,24,off
2026-02-10T17:56:41.553752,25.2,70.7,False,24,off
2026-02-10T17:56:46.543314,25.2,70.7,False,24,off
2026-02-10T17:56:51.551556,25.2,70.7,False,24,off
2026-02-10T17:56:56.585764,25.2,70.6,False,24,off
2026-02-10T17:57:01.578709,25.2,70.5,False,24,off
2026-02-10T17:57:06.585189,25.2,70.6,False,24,off
2026-02-10T17:57:11.584301,25.2,70.6,False,24,off
2026-02-10T17:57:16.616866,25.2,70.7,False,24,off
2026-02-10T17:57:21.614745,25.2,70.7,False,24,off
2026-02-10T17:57:26.630685,25.3,70.6,False,24,off
2026-02-10T17:57:31.618729,25.2,70.6,False,24,off
2026-02-10T17:57:36.628476,25.2,70.6,False,24,off
2026-02-10T17:57:41.668666,25.2,70.6,False,24,off
2026-02-10T17:57:46.650988,25.2,70.6,False,24,off
2026-02-10T17:57:51.772830,25.2,70.6,False,24,off
2026-02-10T17:57:56.666982,25.2,70.6,False,24,off
2026-02-10T17:58:01.694762,25.2,70.6,False,24,off
2026-02-10T17:58:06.689216,25.2,70.6,False,24,off
2026-02-10T17:58:11.695709,25.2,70.6,False,24,off
2026-02-10T17:58:16.706354,25.2,70.6,False,24,off
2026-02-10T17:58:21.712856,25.2,70.6,False,24,off
2026-02-10T17:58:26.720810,25.2,70.6,False,24,off
2026-02-10T17:58:31.730781,25.2,70.6,False,24,off
2026-02-10T17:58:36.754159,25.2,70.6,False,24,off
2026-02-10T17:58:41.780806,25.2,70.6,False,24,off
2026-02-10T17:58:46.763886,25.2,70.6,False,24,off
2026-02-10T17:58:51.791703,25.2,70.6,False,24,off
2026-02-10T17:58:56.802532,25.2,70.6,False,24,off
2026-02-10T17:59:01.782461,25.2,70.6,False,24,off
2026-02-10T17:59:06.793223,25.2,70.6,False,24,off
2026-02-10T17:59:11.833209,25.2,70.6,False,24,off
2026-02-10T17:59:16.816882,25.2,70.6,False,24,off
2026-02-10T17:59:21.849826,25.2,70.6,False,24,off
2026-02-10T17:59:26.840997,25.2,70.6,False,24,off
2026-02-10T17:59:31.940483,25.2,70.6,False,24,off
2026-02-10T17:59:36.849632,25.2,70.5,False,24,off
2026-02-10T17:59:41.859743,25.2,70.5,False,24,off
2026-02-10T17:59:46.870721,25.2,70.6,False,24,off
2026-02-10T17:59:51.990107,25.2,70.5,False,24,off
2026-02-10T17:59:56.887136,25.2,70.6,False,24,off
2026-02-10T18:00:01.897377,25.2,70.6,False,24,off
2026-02-10T18:00:08.196096,25.2,70.6,False,24,off
2026-02-10T18:00:11.912454,25.2,70.6,False,24,off
2026-02-10T18:00:16.924426,25.2,70.7,False,24,off
2026-02-10T18:00:21.992616,25.2,70.7,False,24,off
2026-02-10T18:00:26.944423,25.2,70.7,False,24,off
2026-02-10T18:00:31.954151,25.2,70.8,False,24,off
2026-02-10T18:00:37.046010,25.2,70.8,False,24,off
2026-02-10T18:00:41.969726,25.2,70.8,False,24,off
2026-02-10T18:00:47.072115,25.2,70.7,False,24,off
2026-02-10T18:00:51.986621,25.2,70.6,False,24,off
2026-02-10T18:00:56.995495,25.3,70.5,False,24,off
2026-02-10T18:01:02.003439,25.3,70.6,False,24,off
2026-02-10T18:01:07.016597,25.3,70.6,False,24,off
2026-02-10T18:01:12.023728,25.3,70.6,False,24,off
2026-02-10T18:01:17.232542,25.3,70.6,False,24,off
2026-02-10T18:01:22.100853,25.3,70.7,False,24,off
2026-02-10T18:01:27.064257,25.3,70.7,False,24,off
2026-02-10T18:01:32.056598,25.3,70.7,False,24,off
2026-02-10T18:01:37.081102,25.3,70.7,False,24,off
2026-02-10T18:01:42.342500,25.3,70.8,False,24,off
2026-02-10T18:01:47.302771,25.3,70.8,False,24,off
2026-02-10T18:01:52.122156,25.3,70.8,False,24,off
2026-02-10T18:02:04.033570,25.3,70.8,False,24,off
2026-02-10T18:02:09.048906,25.3,70.7,False,24,off
2026-02-10T18:02:14.029437,25.3,70.5,False,24,off
2026-02-10T18:02:19.177007,25.3,70.4,False,24,off
2026-02-10T18:02:24.049370,25.3,70.4,False,24,off
2026-02-10T18:02:29.106344,25.3,70.5,False,24,off
2026-02-10T18:02:34.065834,25.3,70.8,False,24,off
2026-02-10T18:02:39.101552,25.3,70.7,False,24,off
2026-02-10T18:02:44.083723,25.3,70.6,False,24,off
2026-02-10T18:02:49.093144,25.3,70.6,False,24,off
2026-02-10T18:02:54.105991,25.3,70.6,False,24,off
2026-02-10T18:02:59.140092,25.3,70.9,False,24,off
2026-02-10T18:03:04.151936,25.3,70.9,False,24,off
2026-02-10T18:03:09.125861,25.3,70.7,False,24,off
2026-02-10T18:03:14.142962,25.3,70.6,False,24,off
2026-02-10T18:03:19.148313,25.3,70.6,False,24,off
2026-02-10T18:03:24.158678,25.3,70.7,False,24,off
2026-02-10T18:03:29.165499,25.3,70.8,False,24,off
2026-02-10T18:03:35.599915,25.3,70.6,False,24,off
2026-02-10T18:03:39.246290,25.3,70.6,False,24,off
2026-02-10T18:03:44.198292,25.3,70.5,False,24,off
2026-02-10T18:03:49.206408,25.3,70.5,False,24,off
2026-02-10T18:03:54.222215,25.3,70.5,False,24,off
2026-02-10T18:03:59.243119,25.3,70.5,False,24,off
2026-02-10T18:04:04.230448,25.3,70.7,False,24,off
2026-02-10T18:04:09.238621,25.3,70.7,False,24,off
2026-02-10T18:04:14.248016,25.3,70.7,False,24,off
2026-02-10T18:04:19.260917,25.3,70.6,False,24,off
2026-02-10T18:04:24.268301,25.3,70.6,False,24,off
2026-02-10T18:04:29.289488,25.3,70.5,False,24,off
2026-02-10T18:04:34.289447,25.3,70.5,False,24,off
2026-02-10T18:04:39.306492,25.3,70.7,False,24,off
2026-02-10T18:04:44.307230,25.3,70.8,False,24,off
2026-02-10T18:04:49.314194,25.3,70.8,False,24,off
2026-02-10T18:04:54.330827,25.3,70.9,False,24,off
2026-02-10T18:04:59.330259,25.3,70.9,False,24,off
2026-02-10T18:05:04.340284,25.3,70.9,False,24,off
2026-02-10T18:05:09.348369,25.3,70.8,False,24,off
2026-02-10T18:05:14.358535,25.3,70.8,False,24,off
2026-02-10T18:05:19.366350,25.3,70.7,False,24,off
2026-02-10T18:05:24.375670,25.3,70.6,False,24,off
2026-02-10T18:05:29.387712,25.3,70.5,False,24,off
2026-02-10T18:05:34.394431,25.3,70.5,False,24,off
2026-02-10T18:05:39.404083,25.3,70.5,False,24,off
2026-02-10T18:05:44.443567,25.3,70.5,False,24,off
2026-02-10T18:05:49.437245,25.3,70.6,False,24,off
2026-02-10T18:05:54.439300,25.3,70.6,False,24,off
2026-02-10T18:05:59.440235,25.3,70.7,False,24,off
2026-02-10T18:06:04.478151,25.3,70.7,False,24,off
2026-02-10T18:06:09.462055,25.3,70.7,False,24,off
2026-02-10T18:06:14.467610,25.3,70.7,False,24,off
2026-02-10T18:06:19.478487,25.3,70.7,False,24,off
2026-02-10T18:06:24.487912,25.3,70.6,False,24,off
2026-02-10T18:06:29.500960,25.3,70.6,False,24,off
2026-02-10T18:06:34.504866,25.3,70.6,False,24,off
2026-02-10T18:06:39.513303,25.3,70.7,False,24,off
2026-02-10T18:06:44.533828,25.3,70.7,False,24,off
2026-02-10T18:06:49.531221,25.4,70.6,False,24,off
2026-02-10T18:06:54.572181,25.3,70.7,False,24,off
2026-02-10T18:06:59.549826,25.4,70.7,False,24,off
2026-02-10T18:07:04.565830,25.4,70.7,False,24,off
2026-02-10T18:07:09.568273,25.3,70.7,False,24,off
2026-02-10T18:07:14.577096,25.4,70.8,False,24,off
2026-02-10T18:07:19.593646,25.4,70.7,False,24,off
2026-02-10T18:07:24.595417,25.4,70.7,False,24,off
2026-02-10T18:07:29.608879,25.4,70.7,False,24,off
2026-02-10T18:07:50.686347,25.4,70.7,False,24,off
2026-02-10T18:07:55.693560,25.4,70.7,False,24,off
2026-02-10T18:08:00.707326,25.4,70.8,False,24,off
2026-02-10T18:08:05.715453,25.4,70.7,False,24,off
2026-02-10T18:08:10.721435,25.4,70.6,False,24,off
2026-02-10T18:08:15.759763,25.4,70.6,False,24,off
2026-02-10T18:08:20.765255,25.4,70.5,False,24,off
2026-02-10T18:08:25.758745,25.4,70.5,False,24,off
2026-02-10T18:08:30.788647,25.4,70.4,False,24,off
2026-02-10T18:08:35.770989,25.4,70.4,False,24,off
2026-02-10T18:08:40.804696,25.4,70.4,False,24,off
2026-02-10T18:08:45.785882,25.4,70.4,False,24,off
2026-02-10T18:08:50.811487,25.4,70.4,False,24,off
2026-02-10T18:08:55.803651,25.4,70.4,False,24,off
2026-02-10T18:09:00.813701,25.4,70.4,False,24,off
2026-02-10T18:09:05.829334,25.4,70.5,False,24,off
2026-02-10T18:09:10.841421,25.4,71,False,24,off
2026-02-10T18:09:15.841575,25.4,71.1,False,24,off
2026-02-10T18:09:20.863448,25.4,71,False,24,off
2026-02-10T18:09:25.889897,25.4,70.8,False,24,off
2026-02-10T18:09:30.873416,25.4,70.8,False,24,off
2026-02-10T18:09:35.880402,25.4,70.8,False,24,off
2026-02-10T18:09:40.886690,25.4,70.8,False,24,off
2026-02-10T18:09:45.907343,25.4,70.8,False,24,off
2026-02-10T18:09:50.905190,25.4,70.6,False,24,off
2026-02-10T18:09:55.910292,25.4,70.5,False,24,off
2026-02-10T18:10:00.922231,25.4,70.5,False,24,off
2026-02-10T18:10:05.935487,25.4,70.6,False,24,off
2026-02-10T18:10:10.947846,25.4,70.7,False,24,off
2026-02-10T18:10:15.952702,25.4,70.7,False,24,off
2026-02-10T18:10:20.978244,25.4,70.6,False,24,off
2026-02-10T18:10:25.986717,25.4,70.5,False,24,off
2026-02-10T18:10:30.984272,25.4,70.5,False,24,off
2026-02-10T18:10:35.992646,25.4,70.5,False,24,off
2026-02-10T18:10:40.998382,25.4,70.4,False,24,off
2026-02-10T18:10:46.295858,25.4,70.3,False,24,off
2026-02-10T18:10:51.020386,25.4,70.3,False,24,off
2026-02-10T18:10:56.023355,25.4,70.3,False,24,off
2026-02-10T18:11:03.581474,25.4,70.3,False,24,off
2026-02-10T18:11:08.573170,25.4,70.4,False,24,off
2026-02-10T18:11:13.600694,25.4,70.4,False,24,off
2026-02-10T18:11:18.589796,25.4,70.4,False,24,off
2026-02-10T18:11:24.942583,25.4,70.4,False,24,off
2026-02-10T18:11:28.713910,25.4,70.6,False,24,off
2026-02-10T18:11:33.637845,25.4,70.6,False,24,off
2026-02-10T18:11:38.621315,25.4,70.5,False,24,off
2026-02-10T18:11:43.660715,25.4,70.4,False,24,off
2026-02-10T18:11:48.637125,25.4,70.3,False,24,off
2026-02-10T18:11:53.652367,25.4,70.3,False,24,off
2026-02-10T18:11:58.657658,25.4,70.3,False,24,off
2026-02-10T18:12:03.678208,25.4,70.3,False,24,off
2026-02-10T18:12:08.677315,25.4,70.5,False,24,off
2026-02-10T18:12:13.686120,25.4,70.7,False,24,off
2026-02-10T18:12:18.699449,25.4,70.7,False,24,off
2026-02-10T18:12:23.707920,25.4,70.5,False,24,off
2026-02-10T18:12:28.717917,25.4,70.5,False,24,off
2026-02-10T18:12:33.724247,25.3,70.8,False,24,off
2026-02-10T18:12:38.738182,25.3,70.8,False,24,off
2026-02-10T18:12:43.743118,25.3,70.7,False,24,off
2026-02-10T18:12:48.751602,25.3,70.6,False,24,off
2026-02-10T18:12:53.760817,25.3,70.5,False,24,off
2026-02-10T18:12:58.770951,25.3,70.5,False,24,off
2026-02-10T18:13:03.779098,25.3,70.5,False,24,off
2026-02-10T18:13:08.789241,25.3,70.5,False,24,off
2026-02-10T18:13:13.799715,25.3,70.5,False,24,off
2026-02-10T18:13:18.808617,25.3,70.4,False,24,off
2026-02-10T18:13:23.817567,25.3,70.6,False,24,off
2026-02-10T18:13:28.827926,25.3,70.8,False,24,off
2026-02-10T18:13:33.837385,25.3,70.7,False,24,off
2026-02-10T18:13:38.845164,25.3,70.7,False,24,off
2026-02-10T18:13:43.857839,25.3,70.6,False,24,off
2026-02-10T18:13:48.874594,25.3,70.5,False,24,off
2026-02-10T18:13:53.871214,25.3,70.5,False,24,off
2026-02-10T18:13:58.885644,25.3,70.4,False,24,off
2026-02-10T18:14:03.911659,25.3,70.4,False,24,off
2026-02-10T18:14:09.105290,25.3,70.4,False,24,off
2026-02-10T18:14:14.947856,25.3,70.4,False,24,off
2026-02-10T18:14:18.927918,25.3,70.5,False,24,off
2026-02-10T18:14:23.927841,25.3,70.7,False,24,off
2026-02-10T18:14:28.967497,25.3,70.8,False,24,off
2026-02-10T18:14:33.953582,25.3,70.8,False,24,off
2026-02-10T18:14:38.955869,25.3,70.8,False,24,off
2026-02-10T18:14:43.967470,25.3,70.8,False,24,off
2026-02-10T18:14:48.973521,25.3,70.8,False,24,off
2026-02-10T18:14:53.980654,25.3,70.9,False,24,off
2026-02-10T18:14:58.996175,25.2,70.9,False,24,off
2026-02-10T18:15:04.000330,25.3,70.9,False,24,off
2026-02-10T18:15:09.011204,25.2,70.9,False,24,off
2026-02-10T18:15:14.022097,25.2,70.9,False,24,off
2026-02-10T18:15:19.026408,25.2,70.9,False,24,off
2026-02-10T18:15:24.035405,25.2,70.8,False,24,off
2026-02-10T18:15:29.049376,25.2,70.8,False,24,off
2026-02-10T18:15:34.075690,25.2,70.8,False,24,off
2026-02-10T18:15:39.065344,25.2,70.8,False,24,off
2026-02-10T18:15:44.072915,25.2,70.8,False,24,off
2026-02-10T18:15:49.085994,25.2,70.9,False,24,off
2026-02-10T18:15:54.092852,25.2,70.8,False,24,off
2026-02-10T18:15:59.121544,25.2,70.8,False,24,off
2026-02-10T18:16:04.109139,25.2,70.8,False,24,off
2026-02-10T18:16:09.416277,25.1,70.9,False,24,off
2026-02-10T18:16:14.133818,25.2,70.9,False,24,off
2026-02-10T18:16:19.137253,25.2,70.8,False,24,off
2026-02-10T18:16:24.142027,25.2,70.8,False,24,off
2026-02-10T18:16:29.155394,25.2,70.8,False,24,off
2026-02-10T18:16:34.168930,25.2,70.8,False,24,off
2026-02-10T18:16:39.201996,25.2,70.7,False,24,off
2026-02-10T18:16:45.458558,25.2,70.6,False,24,off
2026-02-10T18:16:49.191251,25.2,70.6,False,24,off
2026-02-10T18:16:54.200660,25.2,70.9,False,24,off
2026-02-10T18:16:59.212596,25.2,70.8,False,24,off
2026-02-10T18:17:04.221161,25.2,70.6,False,24,off
2026-02-10T18:17:09.228327,25.2,70.6,False,24,off
2026-02-10T18:17:14.237341,25.2,70.6,False,24,off
2026-02-10T18:17:19.261976,25.2,70.5,False,24,off
2026-02-10T18:17:24.256378,25.2,70.4,False,24,off
2026-02-10T18:17:29.263259,25.2,70.3,False,24,off
2026-02-10T18:17:34.279198,25.2,70.2,False,24,off
2026-02-10T18:17:39.287168,25.2,70.2,False,24,off
2026-02-10T18:17:44.293184,25.2,70.2,False,24,off
2026-02-10T18:17:49.304794,25.2,70.2,False,24,off
2026-02-10T18:17:54.316331,25.2,70.2,False,24,off
2026-02-10T18:17:59.324327,25.2,70.2,False,24,off
2026-02-10T18:18:04.333653,25.2,70.1,False,24,off
2026-02-10T18:18:09.342373,25.2,70.2,False,24,off
2026-02-10T18:18:14.354405,25.2,70.1,False,24,off
2026-02-10T18:23:38.397445,25.2,67.9,False,0,off
2026-02-10T18:23:43.396578,25.2,67.9,False,0,off
2026-02-10T18:23:48.403592,25.2,67.9,False,0,off
2026-02-10T18:23:53.409339,25.2,67.8,False,0,off
2026-02-10T18:23:59.817392,25.2,68,False,0,off
2026-02-10T18:24:03.424394,25.2,68.2,False,0,off
2026-02-10T18:24:08.427280,25.2,68.2,False,0,off
2026-02-10T18:24:13.423032,25.2,68.2,False,0,off
2026-02-10T18:24:18.396079,25.2,68.3,False,0,off
2026-02-10T18:24:23.395580,25.3,68.5,False,0,off
2026-02-10T18:24:28.397164,25.3,68.5,False,0,off
2026-02-10T18:24:33.404953,25.3,68.4,False,0,off
2026-02-10T18:24:39.783650,25.3,68.4,False,0,off
2026-02-10T18:24:43.459384,25.3,68.3,False,0,off
2026-02-10T18:24:48.688260,25.3,68,False,0,off
2026-02-10T18:24:53.598102,25.3,67.9,False,0,off
2026-02-10T18:24:58.685136,25.3,67.7,False,0,off
2026-02-10T18:25:03.407074,25.3,67.5,False,0,off
2026-02-10T18:25:08.397530,25.3,67.4,False,0,off
2026-02-10T18:25:13.416735,25.2,67.3,False,0,off
2026-02-10T18:25:18.393367,25.3,67.3,False,0,off
2026-02-10T18:25:23.425562,25.3,67.4,False,0,off
2026-02-10T18:25:28.404399,25.3,67.5,False,0,off
2026-02-10T18:25:33.396410,25.2,67.5,False,0,off
2026-02-10T18:25:38.405894,25.2,67.5,False,0,off
2026-02-10T18:25:43.444997,25.2,67.5,False,0,off
2026-02-10T18:25:48.661898,25.2,67.6,False,0,off
2026-02-10T18:25:53.398536,25.3,67.5,False,0,off
2026-02-10T18:25:58.398528,25.2,67.5,False,0,off
2026-02-10T18:26:03.514529,25.2,67.6,False,0,off
2026-02-10T18:26:08.429249,25.2,67.4,False,0,off
2026-02-10T18:26:13.419798,25.2,67.4,False,0,off
2026-02-10T18:26:18.398965,25.2,67.3,False,0,off
2026-02-11T15:44:53.316162,24.3,65.9,False,0,off
2026-02-11T15:44:58.323667,24.3,66,False,0,off
2026-02-11T15:45:03.304277,24.3,66.1,False,0,off
2026-02-11T15:45:08.307038,24.3,66.2,False,0,off
2026-02-11T15:45:13.310516,24.3,66.5,False,0,off
2026-02-11T15:45:18.307284,24.3,67.3,False,0,off
2026-02-11T15:45:23.325555,24.3,67.6,False,0,off
2026-02-11T15:45:28.320526,24.3,67.6,False,0,off
2026-02-11T15:45:33.307124,24.3,67.5,False,0,off
2026-02-11T15:45:38.337622,24.3,67.4,False,0,off
2026-02-11T15:45:43.314854,24.3,67.4,False,0,off
2026-02-11T15:45:48.315289,24.3,67.2,False,0,off
2026-02-11T15:45:53.311800,24.3,67.2,False,0,off
2026-02-11T15:45:58.335208,24.4,67.4,False,0,off
2026-02-11T15:46:03.338395,24.3,67.5,False,0,off
2026-02-11T15:46:08.321204,24.4,67.6,False,0,off
2026-02-11T15:46:13.338795,24.4,67.6,False,0,off
2026-02-11T15:46:18.316509,24.4,67.6,False,0,off
2026-02-11T15:46:23.327523,24.4,67.5,False,0,off
2026-02-11T15:46:28.335621,24.4,67.4,False,0,off
2026-02-11T15:46:33.318931,24.4,67.5,False,0,off
2026-02-11T15:46:38.317964,24.4,67.6,False,0,off
2026-02-11T15:46:43.319025,24.4,67.5,False,0,off
2026-02-11T15:46:48.310350,24.4,67.3,False,0,off
2026-02-11T15:46:53.311090,24.4,67.2,False,0,off
2026-02-11T15:46:58.316244,24.4,67.1,False,0,off
2026-02-11T15:47:03.338659,24.4,67.1,False,0,off
2026-02-11T15:47:08.334170,24.4,67.2,False,0,off
2026-02-11T15:47:13.323335,24.4,67.2,False,0,off
2026-02-11T15:47:18.317507,24.4,67.2,False,0,off
2026-02-11T15:47:23.332417,24.4,67.1,False,0,off
2026-02-11T15:47:28.328282,24.4,67.1,False,0,off
2026-02-11T15:47:33.330198,24.4,67.1,False,0,off
2026-02-11T15:47:38.317981,24.4,67.2,False,0,off
2026-02-11T15:47:43.313177,24.4,67.2,False,0,off
2026-02-11T15:47:48.331397,24.4,67.3,False,0,off
2026-02-11T15:47:53.335550,24.4,67.3,False,0,off
2026-02-11T15:47:58.312302,24.4,67.3,False,0,off
2026-02-11T15:48:03.314885,24.4,67.2,False,0,off
2026-02-11T15:48:08.336210,24.4,67.2,False,0,off
2026-02-11T15:48:13.333409,24.4,67.2,False,0,off
2026-02-11T15:48:18.319124,24.4,67.2,False,0,off
2026-02-11T15:48:23.331310,24.4,67.2,False,0,off
2026-02-11T15:48:28.315993,24.4,67.3,False,0,off
2026-02-11T15:48:33.315774,24.4,67.3,False,0,off
2026-02-11T15:48:38.336539,24.4,67.3,False,0,off
2026-02-11T15:48:43.330199,24.4,67.2,False,0,off
2026-02-11T15:48:48.314331,24.4,67.2,False,0,off
2026-02-11T15:48:53.323054,24.4,67.2,False,0,off
2026-02-11T15:48:58.315751,24.4,67.2,False,0,off
2026-02-11T15:49:03.336454,24.4,67.2,False,0,off
2026-02-11T15:49:08.319986,24.4,67.1,False,0,off
2026-02-11T15:49:13.317695,24.4,67.2,False,0,off
2026-02-11T15:49:18.333117,24.4,67.4,False,0,off
2026-02-11T15:49:23.317498,24.4,67.4,False,0,off
2026-02-11T15:49:28.317698,24.4,67.4,False,0,off
2026-02-11T15:49:33.324997,24.4,67.4,False,0,off
2026-02-11T15:49:38.341367,24.4,67.3,False,0,off
2026-02-11T15:49:43.316173,24.4,67.3,False,0,off
2026-02-11T15:49:48.318554,24.4,67.3,False,0,off
2026-02-11T15:49:53.326144,24.4,67.3,False,0,off
2026-02-11T15:49:58.350381,24.4,67.3,False,0,off
2026-02-11T15:50:03.438858,24.4,67.3,False,0,off
2026-02-11T15:50:08.347095,24.4,67.5,False,0,off
2026-02-11T15:50:13.323713,24.4,67.6,False,0,off
2026-02-11T15:50:18.319616,24.4,67.6,False,0,off
2026-02-11T15:50:23.319795,24.4,67.8,False,0,off
2026-02-11T15:50:28.334507,24.4,68,False,0,off
2026-02-11T15:50:33.336601,24.4,67.9,False,0,off
2026-02-11T15:50:38.319885,24.4,67.9,False,0,off
2026-02-11T15:50:43.327605,24.4,67.9,False,0,off
2026-02-11T15:50:48.317460,24.4,67.8,False,0,off
2026-02-11T15:50:53.326017,24.4,68,False,0,off
2026-02-11T15:50:58.320655,24.4,68.1,False,0,off
2026-02-11T15:51:03.326233,24.4,68.1,False,0,off
2026-02-11T15:51:08.341575,24.4,67.9,False,0,off
2026-02-11T15:51:13.338637,24.4,67.7,False,0,off
2026-02-11T15:51:18.334873,24.4,67.5,False,0,off
2026-02-11T15:51:23.324144,24.4,67.4,False,0,off
2026-02-11T15:51:29.780088,24.4,67.4,False,0,off
2026-02-23T13:47:55.705651,25.9,75.7,False,0,OFF
2026-02-23T13:48:00.681466,25.9,75.7,False,0,OFF
2026-02-23T13:48:05.678725,25.9,75.7,False,0,OFF
2026-02-23T13:48:10.676978,25.9,75.6,False,0,OFF
2026-02-23T13:48:15.687490,25.9,75.5,False,0,OFF
2026-02-23T13:48:20.683517,25.9,75.5,False,0,OFF
2026-02-23T13:48:25.682796,25.9,75.5,False,0,OFF
2026-02-23T13:48:30.685210,25.9,75.4,False,0,OFF
2026-02-23T13:48:35.744291,25.9,75.4,False,0,OFF
2026-02-23T13:48:40.676987,25.9,75.4,False,0,OFF
2026-02-23T13:48:45.680696,25.9,75.5,False,0,OFF
2026-02-23T13:48:52.176467,25.9,75.6,False,0,OFF
2026-02-23T13:48:55.681944,25.9,75.6,False,0,OFF
2026-02-23T13:49:00.680173,25.9,75.5,False,0,OFF
2026-02-23T13:49:05.725453,25.9,75.7,False,0,OFF
2026-02-23T13:49:10.691026,25.9,76,False,0,OFF
2026-02-23T13:49:15.687685,25.9,76,False,0,OFF
2026-02-23T13:49:20.684249,26,75.9,False,0,OFF
2026-02-23T13:49:30.165419,26,75.8,False,0,OFF
2026-02-23T13:49:30.708706,26,75.7,False,0,OFF
2026-02-23T13:49:40.189378,25.9,75.6,False,0,OFF
2026-02-23T13:49:41.725793,25.9,75.4,False,0,OFF
2026-02-23T13:49:45.681400,25.9,75.3,False,0,OFF
2026-02-23T13:49:50.702455,25.9,75.3,False,0,OFF
2026-02-23T13:49:55.681220,25.9,75.3,False,0,OFF
2026-02-23T13:50:00.681739,25.9,75.3,False,0,OFF
2026-02-23T13:50:05.685555,26,75.3,False,0,OFF
2026-02-23T13:50:10.689533,25.9,75.3,False,0,OFF
2026-02-23T13:50:26.181498,25.9,75.3,False,0,OFF
2026-02-23T13:50:26.294579,26,75.2,False,0,OFF
2026-02-23T13:50:26.295661,25.9,75.2,False,0,OFF
2026-02-23T13:50:41.175474,26,75.2,False,0,OFF
2026-02-23T13:50:41.258543,26,75.2,False,0,OFF
2026-02-23T13:50:41.259269,25.9,75.3,False,0,OFF
2026-02-23T13:50:45.693451,26,75.2,False,0,OFF
2026-02-23T13:50:50.688260,25.9,75.2,False,0,OFF
2026-02-23T13:50:55.683945,25.9,75.2,False,0,OFF
2026-02-23T13:51:00.684341,26,75.1,False,0,OFF
2026-02-23T13:51:07.173058,26,75,False,0,OFF
2026-02-23T13:51:10.693095,26,74.9,False,0,OFF
2026-02-23T13:51:15.682903,26,74.9,False,0,OFF
2026-02-23T13:51:20.693542,26,74.9,False,0,OFF
2026-02-23T13:51:25.692385,26,75,False,0,OFF
2026-02-23T13:51:30.685326,26,75.1,False,0,OFF
2026-02-23T13:51:35.688739,26,75.1,False,0,OFF
2026-02-23T13:51:40.696537,26,75.1,False,0,OFF
2026-02-23T13:51:47.213574,26,75.1,False,0,OFF
2026-02-23T13:51:50.701890,26,75.1,False,0,OFF
2026-02-23T13:52:06.179276,26,75.2,False,0,OFF
2026-02-23T13:52:06.210587,26,75.3,False,0,OFF
2026-02-23T13:52:06.210841,26,75.4,False,0,OFF
2026-02-23T13:52:10.688586,26,75.4,False,0,OFF
2026-02-23T13:52:15.686982,26,75.4,False,0,OFF
2026-02-23T13:52:20.687897,26,75.4,False,0,OFF
2026-02-23T13:52:25.697460,26,75.4,False,0,OFF
2026-02-23T13:52:52.180312,26,75.3,False,0,OFF
2026-02-23T13:52:55.689150,26,75.3,False,0,OFF
2026-02-23T13:53:00.688346,26,75.2,False,0,OFF
2026-02-23T13:53:05.694309,26,75.1,False,0,OFF
2026-02-23T13:53:10.693032,26,75.1,False,0,OFF
2026-02-23T13:53:15.692837,26,75.3,False,0,OFF
2026-02-23T13:53:25.188555,26,75.4,False,0,OFF
2026-02-23T13:53:25.689823,26,75.4,False,0,OFF
2026-02-23T13:53:32.182088,26,75.4,False,0,OFF
2026-02-23T13:53:35.693359,26,75.4,False,0,OFF
2026-02-23T13:53:40.691703,26,75.6,False,0,OFF
2026-02-23T13:53:45.692836,26,75.6,False,0,OFF
2026-02-23T13:53:50.692825,26,75.5,False,0,OFF
2026-02-23T13:53:55.709082,26,75.4,False,0,OFF
2026-02-23T13:54:00.697759,26,75.3,False,0,OFF
2026-02-23T13:54:05.693944,26,75.2,False,0,OFF
2026-02-23T13:54:10.719817,26,75.1,False,0,OFF
2026-02-23T13:54:15.713116,26,75.1,False,0,OFF
2026-02-23T13:54:20.710170,26,75.2,False,0,OFF
2026-02-23T13:54:25.692041,26,75.3,False,0,OFF
2026-02-23T13:54:30.699932,26,75.3,False,0,OFF
2026-02-23T13:54:35.729165,26,75.3,False,0,OFF
2026-02-23T13:54:40.693173,26,75.2,False,0,OFF
2026-02-23T13:54:45.702171,26,75.2,False,0,OFF
2026-02-23T13:54:50.822724,26,75.2,False,0,OFF
2026-02-23T13:54:55.705005,26,75.2,False,0,OFF
2026-02-23T13:55:00.695473,26,75.2,False,0,OFF
2026-02-23T13:55:05.700827,26,75.2,False,0,OFF
2026-02-23T13:55:10.695766,26,75.2,False,0,OFF
2026-02-23T13:55:15.694403,26,75.2,False,0,OFF
2026-02-23T13:55:20.694712,26,75.2,False,0,OFF
2026-02-23T13:55:25.695129,26,75.2,False,0,OFF
2026-02-23T13:55:30.695306,26,75.2,False,0,OFF
2026-02-23T13:55:35.695355,26,75.2,False,0,OFF
2026-02-23T13:55:40.704185,26,75.3,False,0,OFF
2026-02-23T13:55:45.700467,26,75.3,False,0,OFF
2026-02-23T13:55:50.700379,26,75.4,False,0,OFF
2026-02-23T13:55:57.257943,26,75.4,False,0,OFF
2026-02-23T13:56:00.700166,26,75.3,False,0,OFF
2026-02-23T13:56:05.701103,26,75.3,False,0,OFF
2026-02-23T13:56:10.725524,26,75.2,False,0,OFF
2026-02-23T13:56:15.698408,26,75.4,False,0,OFF
2026-02-23T13:56:31.201114,26,75.5,False,0,OFF
2026-02-23T13:56:31.379683,26,75.4,False,0,OFF
2026-02-23T13:56:31.380061,26,75.3,False,0,OFF
2026-02-23T13:56:35.704784,26,75.2,False,0,OFF
2026-02-23T13:56:40.699119,26,75.2,False,0,OFF
2026-02-23T13:56:45.700091,26,75.3,False,0,OFF
2026-02-23T13:56:52.193797,26,75.3,False,0,OFF
2026-02-23T13:56:55.702606,26,75.3,False,0,OFF
2026-02-23T13:57:00.700916,26,75.2,False,0,OFF
2026-02-23T13:57:05.701976,26,75.2,False,0,OFF
2026-02-23T13:57:10.701116,26,75.2,False,0,OFF
2026-02-23T13:57:17.197810,26,75.3,False,0,OFF
2026-02-23T13:57:20.702748,26,75.3,False,0,OFF
2026-02-23T13:57:25.700848,26,75.2,False,0,OFF
2026-02-23T13:57:30.713286,26,75.1,False,0,OFF
2026-02-23T13:57:36.702307,26,75.1,False,0,OFF
2026-02-23T13:57:44.711623,26,75,False,0,OFF
2026-02-23T13:57:45.711513,26,75,False,0,OFF
2026-02-23T13:57:50.707794,26,74.9,False,0,OFF
2026-02-23T13:57:55.701317,26,74.9,False,0,OFF
2026-02-23T13:58:00.708215,26.1,75,False,0,OFF
2026-02-23T13:58:05.712953,26,75,False,0,OFF
2026-02-23T13:58:10.701691,26.1,75.1,False,0,OFF
2026-02-23T13:58:15.701438,26,74.9,False,0,OFF
2026-02-23T13:58:20.718638,26.1,74.8,False,0,OFF
2026-02-23T13:58:25.705935,26.1,74.7,False,0,OFF
2026-02-23T13:58:30.709728,26.1,74.7,False,0,OFF
2026-02-23T13:58:35.702957,26.1,74.7,False,0,OFF
2026-02-23T13:58:40.704124,26.1,74.6,False,0,OFF
2026-02-23T13:58:45.703809,26.1,74.6,False,0,OFF
2026-02-23T13:58:50.785204,26.1,74.9,False,0,OFF
2026-02-23T13:58:55.703776,26.1,75,False,0,OFF
2026-02-23T13:59:00.709996,26.1,75.2,False,0,OFF
2026-02-23T13:59:05.706916,26.1,75.1,False,0,OFF
2026-02-23T13:59:10.717054,26.1,74.7,False,0,OFF
2026-02-23T13:59:15.709308,26.1,74.5,False,0,OFF
2026-02-23T13:59:20.724538,26.1,74.4,False,0,OFF
2026-02-23T13:59:25.721253,26.1,74.3,False,0,OFF
2026-02-23T13:59:30.717897,26.1,74.2,False,0,OFF
2026-02-23T13:59:35.709823,26.1,74.1,False,0,OFF
2026-02-23T13:59:40.726128,26.1,74,False,0,OFF
2026-02-23T13:59:45.756504,26.1,74,False,0,OFF
2026-02-23T13:59:50.718750,26.1,74.3,False,0,OFF
2026-02-23T13:59:55.723518,26.1,74.3,False,0,OFF
2026-02-23T14:00:00.741814,26.1,74.3,False,0,OFF
2026-02-23T14:00:05.703066,26.1,74.2,False,0,OFF
2026-02-23T14:00:10.808317,26.1,74.2,False,0,OFF
2026-02-23T14:00:32.732585,26.1,74.2,False,0,OFF
2026-02-23T14:00:34.812169,26.1,74.3,False,0,OFF
2026-02-23T14:00:34.812344,26.1,74.2,False,0,OFF
2026-02-23T14:00:34.812521,26.1,74,False,0,OFF
2026-02-23T14:00:35.745481,26.1,73.9,False,0,OFF
2026-02-23T14:00:46.284519,26.1,73.9,False,0,OFF
2026-02-23T14:00:47.722739,26.1,73.8,False,0,OFF
2026-02-23T14:01:01.747886,26.1,73.6,False,0,OFF
2026-02-23T14:01:05.793462,26.1,73.5,False,0,OFF
2026-02-23T14:01:10.751500,26.1,73.4,False,0,OFF
2026-02-23T14:01:15.722764,26.1,73.4,False,0,OFF
2026-02-23T14:01:22.259685,26.1,73.3,False,0,OFF
2026-02-23T14:01:25.706589,26.1,73.4,False,0,OFF
2026-02-23T14:01:30.715661,26.1,73.5,False,0,OFF
2026-02-23T14:01:35.720491,26.1,73.5,False,0,OFF
2026-02-23T14:01:40.725398,26.1,73.3,False,0,OFF
2026-02-23T14:01:45.720818,26.1,73.3,False,0,OFF
2026-02-23T14:01:50.808344,26.1,73.3,False,0,OFF
2026-02-23T14:01:55.714568,26.1,73.3,False,0,OFF
2026-02-23T14:02:00.721243,26.1,73.3,False,0,OFF
2026-02-23T14:02:05.722598,26.1,73.2,False,0,OFF
2026-02-23T14:02:10.745302,26.1,73,False,0,OFF
2026-02-23T14:02:17.814090,26.1,73,False,0,OFF
2026-02-23T14:02:20.754522,26.1,72.9,False,0,OFF
2026-02-23T14:02:25.803605,26.1,72.9,False,0,OFF
2026-02-23T14:02:30.738776,26.1,72.9,False,0,OFF
2026-02-23T14:04:40.225305,26,72.5,False,0,OFF
2026-02-23T14:04:40.771596,26,72.4,False,0,OFF
2026-02-23T14:04:45.730993,26,72.3,False,0,OFF
2026-02-23T14:04:50.723245,26,72.4,False,0,OFF
2026-02-23T14:04:55.746781,26,72.6,False,0,OFF
2026-02-23T14:05:05.134208,26,72.5,False,0,OFF
2026-02-23T14:05:05.725215,26,72.5,False,0,OFF
2026-02-23T14:05:10.753430,26,72.4,False,0,OFF
2026-02-23T14:05:15.729266,26,72.3,False,0,OFF
2026-02-23T14:05:22.143950,26,72.1,False,0,OFF
2026-02-23T14:05:25.724328,26,72,False,0,OFF
2026-02-23T14:05:30.750348,26,71.8,False,0,OFF
2026-02-23T14:12:55.740648,25.9,70.4,False,0,OFF
2026-02-23T14:13:00.743059,25.9,70.2,False,0,OFF
2026-02-23T14:13:05.740234,25.9,70.1,False,0,OFF
2026-02-23T14:13:10.739851,25.9,70,False,0,OFF
2026-02-23T14:13:15.747079,25.9,69.9,False,0,OFF
2026-02-23T14:13:20.737801,25.9,69.8,False,0,OFF
2026-02-23T14:13:25.740915,25.9,69.8,False,0,OFF
2026-02-23T14:13:30.755524,25.9,69.7,False,0,OFF
2026-02-23T14:13:35.771740,25.9,69.7,False,0,OFF
2026-02-23T14:13:40.741989,25.9,69.7,False,0,OFF
2026-02-23T14:13:45.760886,25.9,69.7,False,0,OFF
2026-02-23T14:13:50.739313,25.9,69.8,False,0,OFF
2026-02-23T14:13:55.745214,25.9,69.8,False,0,OFF
2026-02-23T14:14:00.745119,25.9,69.8,False,0,OFF
2026-02-23T14:14:05.825014,25.9,69.7,False,0,OFF
2026-02-23T14:14:10.745049,25.9,69.7,False,0,OFF
2026-02-23T14:14:15.773294,25.9,69.7,False,0,OFF
2026-02-23T14:14:20.750400,25.9,69.7,False,0,OFF
2026-02-23T14:14:25.829191,25.9,69.7,False,0,OFF
2026-02-23T14:14:30.765794,25.9,69.6,False,0,OFF
2026-02-23T14:14:35.817034,25.9,69.6,False,0,OFF
2026-02-23T14:14:40.804840,25.9,69.7,False,0,OFF
2026-02-23T14:14:56.227222,25.9,70.1,False,0,OFF
2026-02-23T14:14:56.240969,25.9,70.2,False,0,OFF
2026-02-23T14:14:56.241117,25.9,70.1,False,0,OFF
2026-02-23T14:15:00.753905,25.9,70,False,0,OFF
2026-02-23T14:15:05.755415,25.9,69.9,False,0,OFF
2026-02-23T14:18:35.768728,25.9,68.7,False,0,OFF
2026-02-23T14:18:40.757953,25.9,68.7,False,0,OFF
2026-02-23T14:18:45.756711,25.9,68.7,False,0,OFF
2026-02-23T14:18:50.752551,25.9,68.6,False,0,OFF
2026-02-23T14:18:55.754095,25.9,68.6,False,0,OFF
2026-02-23T14:19:00.755740,25.9,68.6,False,0,OFF
2026-02-23T14:19:05.765012,25.9,68.6,False,0,OFF
2026-02-23T14:19:10.769964,25.9,68.6,False,0,OFF
2026-02-23T14:19:15.784050,25.9,68.6,False,0,OFF
2026-02-23T14:19:20.758050,25.9,68.6,False,0,OFF
2026-02-23T14:19:25.751924,25.9,68.7,False,0,OFF
2026-02-23T14:19:30.783985,25.9,68.7,False,0,OFF
2026-02-23T14:19:35.756870,25.9,68.7,False,0,OFF
2026-02-23T14:19:40.789372,25.9,68.7,False,0,OFF
2026-02-23T14:19:45.844739,25.8,68.8,False,0,OFF
2026-02-23T14:19:50.783720,25.9,68.8,False,0,OFF
2026-02-23T14:19:55.752177,25.9,68.8,False,0,OFF
2026-02-23T14:20:00.769011,25.9,68.8,False,0,OFF
2026-02-23T14:20:07.243420,25.9,68.7,False,0,OFF
2026-02-23T14:20:10.751349,25.9,68.8,False,0,OFF
2026-02-23T14:20:15.754108,25.9,68.8,False,0,OFF
2026-02-23T14:20:20.776674,25.9,68.8,False,0,OFF
2026-02-23T14:20:25.771610,25.9,68.9,False,0,OFF
2026-02-23T14:20:30.753885,25.9,68.9,False,0,OFF
2026-02-23T14:20:35.759834,25.8,68.8,False,0,OFF
2026-02-23T14:20:40.750829,25.9,68.7,False,0,OFF
2026-02-23T14:20:45.771306,25.9,68.7,False,0,OFF
2026-02-23T14:20:50.751113,25.9,68.8,False,0,OFF
2026-02-23T14:20:55.754414,25.9,68.8,False,0,OFF
2026-02-23T14:21:00.764043,25.9,68.8,False,0,OFF
2026-02-23T14:21:05.753138,25.9,68.8,False,0,OFF
2026-02-23T14:21:10.753007,25.8,68.8,False,0,OFF
2026-02-23T14:21:15.759476,25.9,68.8,False,0,OFF
2026-02-23T14:21:20.753206,25.8,68.7,False,0,OFF
2026-02-23T14:21:25.757925,25.8,68.7,False,0,OFF
2026-02-23T14:21:32.216631,25.9,68.7,False,0,OFF
2026-02-23T14:21:35.757023,25.8,68.7,False,0,OFF
2026-02-23T14:21:40.752897,25.8,68.7,False,0,OFF
2026-02-23T14:21:45.765293,25.8,68.8,False,0,OFF
2026-02-23T14:21:50.756242,25.8,68.9,False,0,OFF
2026-02-23T14:21:55.753094,25.8,69,False,0,OFF
2026-02-23T14:22:00.753060,25.9,69.1,False,0,OFF
2026-02-23T14:22:05.776739,25.8,69.1,False,0,OFF
2026-02-23T14:22:10.759818,25.9,69.1,False,0,OFF
2026-02-23T14:22:15.778278,25.8,69,False,0,OFF
2026-02-23T14:22:20.755970,25.8,69,False,0,OFF
2026-02-23T14:22:25.781803,25.9,69,False,0,OFF
2026-02-23T14:22:30.764956,25.9,69.1,False,0,OFF
2026-02-23T14:22:35.753439,25.9,69.2,False,0,OFF
2026-02-23T14:22:40.752572,25.8,69.3,False,0,OFF
2026-02-23T14:22:45.752949,25.8,69.4,False,0,OFF
2026-02-23T14:22:50.752457,25.8,69.4,False,0,OFF
2026-02-23T14:22:55.763151,25.9,69.3,False,0,OFF
2026-02-23T14:23:00.752922,25.9,69.4,False,0,OFF
2026-02-23T14:23:05.752526,25.9,69.3,False,0,OFF
2026-02-23T14:23:10.793566,25.9,69.3,False,0,OFF
2026-02-23T14:23:15.753158,25.9,69.4,False,0,OFF
2026-02-23T14:23:20.761917,25.8,69.4,False,0,OFF
2026-02-23T14:23:25.753302,25.8,69.4,False,0,OFF
2026-02-23T14:23:30.753283,25.8,69.5,False,0,OFF
2026-02-23T14:23:35.756549,25.8,69.5,False,0,OFF
2026-02-23T14:23:40.759973,25.8,69.6,False,0,OFF
2026-02-23T14:23:45.765346,25.8,69.6,False,0,OFF
2026-02-23T14:23:50.764301,25.8,69.6,False,0,OFF
2026-02-23T14:23:55.752923,25.8,69.6,False,0,OFF
2026-02-23T14:24:00.759209,25.8,69.6,False,0,OFF
2026-02-23T14:24:05.756080,25.8,69.7,False,0,OFF
2026-02-23T14:24:10.768110,25.8,69.7,False,0,OFF
2026-02-23T14:24:15.752749,25.8,69.7,False,0,OFF
2026-02-23T14:24:20.766015,25.8,69.7,False,0,OFF
2026-02-23T14:24:25.756212,25.8,69.7,False,0,OFF
2026-02-23T14:24:30.766267,25.8,69.7,False,0,OFF
2026-02-23T14:24:35.764390,25.8,69.8,False,0,OFF
2026-02-23T14:24:40.776985,25.8,69.8,False,0,OFF
2026-02-23T14:24:45.763803,25.8,69.8,False,0,OFF
2026-02-23T14:24:50.762385,25.8,69.9,False,0,OFF
2026-02-23T14:24:55.768905,25.8,69.9,False,0,OFF
2026-02-23T14:25:00.756592,25.8,69.9,False,0,OFF
2026-02-23T14:25:05.763150,25.8,69.8,False,0,OFF
2026-02-23T14:25:10.765563,25.8,69.9,False,0,OFF
2026-02-23T14:25:15.756893,25.8,69.9,False,0,OFF
2026-02-23T14:25:20.753339,25.8,70,False,0,OFF
2026-02-23T14:25:25.761765,25.8,70.1,False,0,OFF
2026-02-23T14:25:30.757735,25.8,70.1,False,0,OFF
2026-02-23T14:25:35.764413,25.8,70.2,False,0,OFF
2026-02-23T14:25:40.754313,25.8,70.2,False,0,OFF
2026-02-23T14:25:45.774427,25.8,70.2,False,0,OFF
2026-02-23T14:25:50.770487,25.8,70.2,False,0,OFF
2026-02-23T14:25:55.750767,25.8,70.3,False,0,OFF
2026-02-23T14:26:00.756855,25.8,70.3,False,0,OFF
2026-02-23T14:26:05.779473,25.8,70.3,False,0,OFF
2026-02-23T14:26:10.756017,25.8,70.3,False,0,OFF
2026-02-23T14:26:15.762795,25.8,70.3,False,0,OFF
2026-02-23T14:26:20.758213,25.8,70.3,False,0,OFF
2026-02-23T14:26:25.760329,25.8,70.4,False,0,OFF
2026-02-23T14:26:30.772126,25.8,70.4,False,0,OFF
2026-02-23T14:26:35.771809,25.8,70.5,False,0,OFF
2026-02-23T14:26:40.751130,25.8,70.5,False,0,OFF
2026-02-23T14:26:45.751449,25.8,70.5,False,0,OFF
2026-02-23T14:26:50.754528,25.8,70.5,False,0,OFF
2026-02-23T14:26:55.754796,25.8,70.5,False,0,OFF
2026-02-23T14:27:00.787056,25.8,70.5,False,0,OFF
2026-02-23T14:27:05.756914,25.8,70.5,False,0,OFF
2026-02-23T14:27:10.752379,25.7,70.6,False,0,OFF
2026-02-23T14:27:15.757874,25.8,70.6,False,0,OFF
2026-02-23T14:27:20.754454,25.8,70.6,False,0,OFF
2026-02-23T14:27:25.758486,25.8,70.7,False,0,OFF
2026-02-23T14:27:30.759642,25.8,70.7,False,0,OFF
2026-02-23T14:27:35.754683,25.8,70.7,False,0,OFF
2026-02-23T14:27:40.755150,25.8,70.7,False,0,OFF
2026-02-23T14:27:45.754424,25.8,70.7,False,0,OFF
2026-02-23T14:27:50.760373,25.8,70.7,False,0,OFF
2026-02-23T14:27:55.755584,25.8,70.8,False,0,OFF
2026-02-23T14:28:00.756173,25.7,70.8,False,0,OFF
2026-02-23T14:28:05.755108,25.7,70.8,False,0,OFF
2026-02-23T14:28:10.758916,25.7,70.7,False,0,OFF
2026-02-23T14:28:15.761002,25.7,70.7,False,0,OFF
2026-02-23T14:28:20.772359,25.8,70.8,False,0,OFF
2026-02-23T14:28:25.759131,25.7,70.8,False,0,OFF
2026-02-23T14:28:30.768201,25.8,70.8,False,0,OFF
2026-02-23T14:28:35.764320,25.7,70.8,False,0,OFF
2026-02-23T14:28:40.755261,25.8,70.8,False,0,OFF
2026-02-23T14:28:45.756229,25.8,70.9,False,0,OFF
2026-02-23T14:28:50.760188,25.7,70.9,False,0,OFF
2026-02-23T14:28:57.246452,25.7,70.8,False,0,OFF
2026-02-23T14:29:00.759882,25.7,70.8,False,0,OFF
2026-02-23T14:29:05.758120,25.7,70.9,False,0,OFF
2026-02-23T14:29:10.773964,25.7,70.9,False,0,OFF
2026-02-23T14:29:15.777022,25.7,71,False,0,OFF
2026-02-23T14:29:20.762841,25.7,71,False,0,OFF
2026-02-23T14:29:25.766867,25.7,71.1,False,0,OFF
2026-02-23T14:29:30.758699,25.7,71.1,False,0,OFF
2026-02-23T14:29:35.760718,25.7,71,False,0,OFF
2026-02-23T14:29:40.758517,25.7,71,False,0,OFF
2026-02-23T14:29:45.800156,25.8,71,False,0,OFF
2026-02-23T14:29:50.757486,25.7,71,False,0,OFF
2026-02-23T14:29:55.757726,25.7,71,False,0,OFF
2026-02-23T14:30:00.760873,25.8,71,False,0,OFF
2026-02-23T14:30:05.767010,25.8,71,False,0,OFF
2026-02-23T14:30:10.757117,25.8,71,False,0,OFF
2026-02-23T14:30:15.764873,25.7,71.1,False,0,OFF
2026-02-23T14:30:20.762790,25.7,71.1,False,0,OFF
2026-02-23T14:30:25.755775,25.7,71.1,False,0,OFF
2026-02-23T14:30:30.756177,25.7,71.2,False,0,OFF
2026-02-23T14:30:35.757050,25.7,71.1,False,0,OFF
2026-02-23T14:30:40.758983,25.8,71.1,False,0,OFF
2026-02-23T14:30:45.760232,25.7,71.2,False,0,OFF
2026-02-23T14:30:50.762833,25.7,71.2,False,0,OFF
2026-02-23T14:30:55.754730,25.7,71.2,False,0,OFF
2026-02-23T14:31:00.785200,25.7,71.2,False,0,OFF
2026-02-23T14:31:05.799454,25.7,71.2,False,0,OFF
2026-02-23T14:31:10.830154,25.7,71.2,False,0,OFF
2026-02-23T14:31:15.767889,25.7,71.2,False,0,OFF
2026-02-23T14:31:20.783275,25.7,71.2,False,0,OFF
2026-02-23T14:31:25.780846,25.7,71.2,False,0,OFF
2026-02-23T14:31:30.772739,25.7,71.3,False,0,OFF
2026-02-23T14:31:35.759985,25.7,71.3,False,0,OFF
2026-02-23T14:31:40.799112,25.7,71.3,False,0,OFF
2026-02-23T14:31:45.794470,25.7,71.4,False,0,OFF
2026-02-23T14:31:50.775678,25.7,71.4,False,0,OFF
2026-02-23T14:31:55.774799,25.7,71.4,False,0,OFF
2026-02-23T14:32:00.758245,25.7,71.4,False,0,OFF
2026-02-23T14:32:05.782566,25.7,71.4,False,0,OFF
2026-02-23T14:32:10.797884,25.7,71.5,False,0,OFF
2026-02-23T14:32:15.760999,25.7,71.5,False,0,OFF
2026-02-23T14:32:20.776129,25.7,71.5,False,0,OFF
2026-02-23T14:32:25.765600,25.7,71.5,False,0,OFF
2026-02-23T14:32:30.760689,25.7,71.5,False,0,OFF
2026-02-23T14:32:35.760502,25.7,71.5,False,0,OFF
2026-02-23T14:32:40.776110,25.7,71.5,False,0,OFF
2026-02-23T14:32:45.762220,25.7,71.5,False,0,OFF
2026-02-23T14:32:50.771834,25.7,71.6,False,0,OFF
2026-02-23T14:32:55.760755,25.7,71.5,False,0,OFF
2026-02-23T14:33:00.775232,25.7,71.5,False,0,OFF
2026-02-23T14:33:05.774158,25.7,71.5,False,0,OFF
2026-02-23T14:33:10.760901,25.7,71.5,False,0,OFF
2026-02-23T14:33:15.859076,25.7,71.5,False,0,OFF
2026-02-23T14:33:20.762032,25.7,71.5,False,0,OFF
2026-02-23T14:33:25.761390,25.7,71.6,False,0,OFF
2026-02-23T14:33:30.770520,25.7,71.6,False,0,OFF
2026-02-23T14:33:35.784615,25.7,71.6,False,0,OFF
2026-02-23T14:33:40.970459,25.7,71.7,False,0,OFF
2026-02-23T14:33:45.774027,25.7,71.7,False,0,OFF
2026-02-23T14:33:50.848692,25.7,71.7,False,0,OFF
2026-02-23T14:33:55.792670,25.7,71.7,False,0,OFF
2026-02-23T14:34:00.762534,25.7,71.7,False,0,OFF
2026-02-23T14:34:05.764133,25.7,71.7,False,0,OFF
2026-02-23T14:34:10.763012,25.7,71.8,False,0,OFF
2026-02-23T14:34:15.765286,25.7,71.7,False,0,OFF
2026-02-23T14:34:20.762275,25.7,71.7,False,0,OFF
2026-02-23T14:34:25.763036,25.7,71.7,False,0,OFF
2026-02-23T14:34:30.763400,25.7,71.7,False,0,OFF
2026-02-23T14:34:35.764726,25.7,71.6,False,0,OFF
2026-02-23T14:34:40.769674,25.7,71.7,False,0,OFF
2026-02-23T14:34:45.763623,25.7,71.7,False,0,OFF
2026-02-23T14:34:50.781746,25.7,71.7,False,0,OFF
2026-02-23T14:34:55.769159,25.7,71.7,False,0,OFF
2026-02-23T14:35:00.788579,25.7,71.7,False,0,OFF
2026-02-23T14:35:05.763903,25.7,71.8,False,0,OFF
2026-02-23T14:35:10.764713,25.7,71.7,False,0,OFF
2026-02-23T14:35:15.806721,25.7,71.7,False,0,OFF
2026-02-23T14:35:20.767195,25.7,71.7,False,0,OFF
2026-02-23T14:35:25.782589,25.7,71.7,False,0,OFF
2026-02-23T14:35:30.766837,25.7,71.7,False,0,OFF
2026-02-23T14:35:35.765303,25.7,71.7,False,0,OFF
2026-02-23T14:35:40.765966,25.7,71.7,False,0,OFF
2026-02-23T14:35:45.762304,25.7,71.6,False,0,OFF
2026-02-23T14:35:50.765198,25.7,71.6,False,0,OFF
2026-02-23T14:35:55.766633,25.7,71.6,False,0,OFF
2026-02-23T14:36:00.768023,25.7,71.6,False,0,OFF
2026-02-23T14:36:05.769035,25.7,71.5,False,0,OFF
2026-02-23T14:36:10.766441,25.7,71.5,False,0,OFF
2026-02-23T14:36:15.767177,25.7,71.5,False,0,OFF
2026-02-23T14:36:20.775785,25.7,71.5,False,0,OFF
2026-02-23T14:36:25.779527,25.7,71.5,False,0,OFF
2026-02-23T14:36:30.776295,25.7,71.5,False,0,OFF
2026-02-23T14:36:35.796031,25.7,71.5,False,0,OFF
2026-02-23T14:36:40.772519,25.7,71.5,False,0,OFF
2026-02-23T14:36:45.768858,25.7,71.4,False,0,OFF
2026-02-23T14:36:50.769998,25.7,71.4,False,0,OFF
2026-02-23T14:36:55.770427,25.7,71.3,False,0,OFF
2026-02-23T14:37:00.767655,25.7,71.3,False,0,OFF
2026-02-23T14:37:05.767709,25.7,71.2,False,0,OFF
2026-02-23T14:37:10.768154,25.7,71.2,False,0,OFF
2026-02-23T14:37:15.769041,25.7,71.2,False,0,OFF
2026-02-23T14:37:20.772833,25.7,71.3,False,0,OFF
2026-02-23T14:37:25.776129,25.7,71.2,False,0,OFF
2026-02-23T14:37:30.770431,25.7,71.2,False,0,OFF
2026-02-23T14:37:35.768822,25.7,71.2,False,0,OFF
2026-02-23T14:37:40.790059,25.7,71.1,False,0,OFF
2026-02-23T14:37:45.776319,25.7,71.1,False,0,OFF
2026-02-23T14:37:50.781758,25.7,71.1,False,0,OFF
2026-02-23T14:37:55.862252,25.7,71,False,0,OFF
2026-02-23T14:38:00.783708,25.7,71,False,0,OFF
2026-02-23T14:38:05.795718,25.7,70.9,False,0,OFF
2026-02-23T14:38:10.769618,25.7,70.9,False,0,OFF
2026-02-23T14:38:15.789598,25.7,70.9,False,0,OFF
2026-02-23T14:38:20.777079,25.7,70.8,False,0,OFF
2026-02-23T14:38:25.784952,25.7,70.9,False,0,OFF
2026-02-23T14:38:30.771247,25.6,70.9,False,0,OFF
2026-02-23T14:38:35.771716,25.7,70.9,False,0,OFF
2026-02-23T14:38:40.770433,25.6,70.8,False,0,OFF
2026-02-23T14:38:45.770749,25.7,70.7,False,0,OFF
2026-02-23T14:38:50.769108,25.7,70.7,False,0,OFF
2026-02-23T14:38:55.771021,25.7,70.6,False,0,OFF
2026-02-23T14:39:00.771807,25.7,70.7,False,0,OFF
2026-02-23T14:39:05.773022,25.7,70.6,False,0,OFF
2026-02-23T14:39:10.800735,25.6,70.6,False,0,OFF
2026-02-23T14:39:15.771716,25.6,70.5,False,0,OFF
2026-02-23T14:39:20.776692,25.7,70.6,False,0,OFF
2026-02-23T14:39:25.774459,25.6,70.5,False,0,OFF
2026-02-23T14:39:30.785494,25.6,70.5,False,0,OFF
2026-02-23T14:39:35.774149,25.6,70.4,False,0,OFF
2026-02-23T14:39:40.772359,25.7,70.3,False,0,OFF
2026-02-23T14:39:45.780837,25.6,70.4,False,0,OFF
2026-02-23T14:39:50.772702,25.6,70.4,False,0,OFF
2026-02-23T14:39:55.773226,25.6,70.3,False,0,OFF
2026-02-23T14:40:00.772546,25.6,70.4,False,0,OFF
2026-02-23T14:40:05.773040,25.6,70.3,False,0,OFF
2026-02-23T14:40:10.793833,25.6,70.3,False,0,OFF
2026-02-23T14:40:15.815135,25.6,70.3,False,0,OFF
2026-02-23T14:40:20.773396,25.7,70.3,False,0,OFF
2026-02-23T14:40:25.774040,25.6,70.2,False,0,OFF
2026-02-23T14:40:30.774426,25.6,70.2,False,0,OFF
2026-02-23T14:40:35.778157,25.6,70.1,False,0,OFF
2026-02-23T14:40:40.787017,25.6,70.1,False,0,OFF
2026-02-23T14:40:45.778618,25.6,70,False,0,OFF
2026-02-23T14:40:50.787318,25.6,70,False,0,OFF
2026-02-23T14:40:55.777366,25.6,70,False,0,OFF
2026-02-23T14:41:00.793027,25.7,69.9,False,0,OFF
2026-02-23T14:41:05.781061,25.6,69.9,False,0,OFF
2026-02-23T14:41:10.776429,25.6,69.9,False,0,OFF
2026-02-23T14:41:15.775011,25.6,69.8,False,0,OFF
2026-02-23T14:41:20.789765,25.6,69.8,False,0,OFF
2026-02-23T14:41:25.777897,25.6,69.8,False,0,OFF
2026-02-23T14:41:30.776078,25.6,69.9,False,0,OFF
2026-02-23T14:41:35.784462,25.6,69.8,False,0,OFF
2026-02-23T14:41:40.792135,25.7,69.7,False,0,OFF
2026-02-23T14:41:45.777927,25.6,69.7,False,0,OFF
2026-02-23T14:41:50.795731,25.6,69.7,False,0,OFF
2026-02-23T14:41:55.789485,25.6,69.7,False,0,OFF
2026-02-23T14:42:00.775964,25.6,69.7,False,0,OFF
2026-02-23T14:42:05.792871,25.6,69.7,False,0,OFF
2026-02-23T14:42:10.776394,25.6,69.7,False,0,OFF
2026-02-23T14:42:15.778934,25.6,69.7,False,0,OFF
2026-02-23T14:42:20.775997,25.6,69.6,False,0,OFF
2026-02-23T14:42:25.781694,25.6,69.6,False,0,OFF
2026-02-23T14:42:30.778196,25.6,69.6,False,0,OFF
2026-02-23T14:42:35.788738,25.6,69.5,False,0,OFF
2026-02-23T14:42:40.786467,25.6,69.5,False,0,OFF
2026-02-23T14:42:45.783547,25.6,69.5,False,0,OFF
2026-02-23T14:42:50.778746,25.6,69.4,False,0,OFF
2026-02-23T14:42:55.788840,25.6,69.4,False,0,OFF
2026-02-23T14:43:00.780962,25.6,69.4,False,0,OFF
2026-02-23T14:43:05.817896,25.6,69.3,False,0,OFF
2026-02-23T14:43:10.852812,25.6,69.3,False,0,OFF
2026-02-23T14:43:15.786305,25.6,69.3,False,0,OFF
2026-02-23T14:43:20.833962,25.6,69.4,False,0,OFF
2026-02-23T14:43:25.779887,25.6,69.3,False,0,OFF
2026-02-23T14:43:30.827814,25.6,69.3,False,0,OFF
2026-02-23T14:43:35.856073,25.6,69.3,False,0,OFF
2026-02-23T14:43:40.794772,25.6,69.3,False,0,OFF
2026-02-23T14:43:45.780148,25.6,69.3,False,0,OFF
2026-02-23T14:43:50.793602,25.6,69.2,False,0,OFF
2026-02-23T14:43:55.781277,25.6,69.2,False,0,OFF
2026-02-23T14:44:00.781003,25.6,69.2,False,0,OFF
2026-02-23T14:44:05.848380,25.6,69.2,False,0,OFF
2026-02-23T14:44:10.781358,25.6,69.2,False,0,OFF
2026-02-23T14:44:15.784902,25.6,69.2,False,0,OFF
2026-02-23T14:44:20.798786,25.6,69.1,False,0,OFF
2026-02-23T14:44:25.782419,25.6,69.1,False,0,OFF
2026-02-23T14:44:30.792566,25.6,69.1,False,0,OFF
2026-02-23T14:44:35.852385,25.6,69.1,False,0,OFF
2026-02-23T14:44:40.787941,25.6,69,False,0,OFF
2026-02-23T14:44:45.887401,25.6,69,False,0,OFF
2026-02-23T14:44:50.822364,25.6,68.9,False,0,OFF
2026-02-23T14:44:55.783295,25.6,68.9,False,0,OFF
2026-02-23T14:45:00.786941,25.6,68.9,False,0,OFF
2026-02-23T14:45:05.785276,25.5,68.9,False,0,OFF
2026-02-23T14:45:10.780631,25.5,68.9,False,0,OFF
2026-02-23T14:45:15.785098,25.5,68.9,False,0,OFF
2026-02-23T14:45:20.907460,25.6,69,False,0,OFF
2026-02-23T14:45:25.784008,25.6,69,False,0,OFF
2026-02-23T14:45:30.784708,25.6,68.9,False,0,OFF
2026-02-23T14:45:35.784423,25.5,68.9,False,0,OFF
2026-02-23T14:45:40.782756,25.6,68.9,False,0,OFF
2026-02-23T14:45:45.789882,25.5,68.9,False,0,OFF
2026-02-23T14:45:50.808388,25.5,69,False,0,OFF
2026-02-23T14:45:55.783960,25.5,68.9,False,0,OFF
2026-02-23T14:46:00.794140,25.5,68.9,False,0,OFF
2026-02-23T14:46:05.787853,25.5,68.8,False,0,OFF
2026-02-23T14:46:10.788701,25.5,68.8,False,0,OFF
2026-02-23T14:46:15.810306,25.5,68.8,False,0,OFF
2026-02-23T14:46:20.819506,25.5,68.8,False,0,OFF
2026-02-23T14:46:25.783392,25.5,68.8,False,0,OFF
2026-02-23T14:46:30.847479,25.5,68.8,False,0,OFF
2026-02-23T14:46:35.784824,25.5,68.8,False,0,OFF
2026-02-23T14:46:40.785218,25.5,68.8,False,0,OFF
2026-02-23T14:46:45.788543,25.5,68.8,False,0,OFF
2026-02-23T14:47:00.815203,25.5,68.8,False,0,OFF
2026-02-23T14:47:02.306644,25.5,68.8,False,0,OFF
2026-02-23T14:47:02.307393,25.5,68.8,False,0,OFF
2026-02-23T14:47:05.787483,25.5,68.7,False,0,OFF
2026-02-23T14:47:10.792840,25.5,68.7,False,0,OFF
2026-02-23T14:47:15.787835,25.5,68.7,False,0,OFF
2026-02-23T14:47:20.788016,25.5,68.6,False,0,OFF
2026-02-23T14:47:25.835999,25.5,68.7,False,0,OFF
2026-02-23T14:47:30.845138,25.5,68.7,False,0,OFF
2026-02-23T14:47:35.871010,25.5,68.7,False,0,OFF
2026-02-23T14:47:40.788596,25.5,68.7,False,0,OFF
2026-02-23T14:47:45.907291,25.5,68.6,False,0,OFF
2026-02-23T14:47:50.797223,25.5,68.6,False,0,OFF
2026-02-23T14:47:55.816979,25.5,68.5,False,0,OFF
2026-02-23T14:48:00.790333,25.5,68.5,False,0,OFF
2026-02-23T14:48:05.789591,25.5,68.5,False,0,OFF
2026-02-23T14:48:12.324113,25.5,68.5,False,0,OFF
2026-02-23T14:48:15.823442,25.5,68.4,False,0,OFF
2026-02-23T14:48:20.794025,25.5,68.4,False,0,OFF
2026-02-23T14:48:25.842709,25.5,68.4,False,0,OFF
2026-02-23T14:48:30.859085,25.5,68.4,False,0,OFF
2026-02-23T14:48:35.797014,25.5,68.4,False,0,OFF
2026-02-23T14:48:40.808729,25.5,68.4,False,0,OFF
2026-02-23T14:48:45.790212,25.5,68.4,False,0,OFF
2026-02-23T14:48:50.795651,25.5,68.4,False,0,OFF
2026-02-23T14:48:55.792912,25.5,68.4,False,0,OFF
2026-02-23T14:49:00.791474,25.5,68.3,False,0,OFF
2026-02-23T14:49:05.880170,25.5,68.3,False,0,OFF
2026-02-23T14:49:10.803124,25.5,68.3,False,0,OFF
2026-02-23T14:49:15.794750,25.5,68.3,False,0,OFF
2026-02-23T14:49:20.842015,25.5,68.3,False,0,OFF
2026-02-23T14:49:25.820238,25.5,68.4,False,0,OFF
2026-02-23T14:49:30.809797,25.5,68.3,False,0,OFF
2026-02-23T14:49:35.794918,25.5,68.3,False,0,OFF
2026-02-23T14:49:40.809611,25.5,68.3,False,0,OFF
2026-02-23T14:49:45.838118,25.5,68.3,False,0,OFF
2026-02-23T14:49:50.793142,25.5,68.3,False,0,OFF
2026-02-23T14:49:55.814768,25.5,68.3,False,0,OFF
2026-02-23T14:50:00.800307,25.5,68.3,False,0,OFF
2026-02-23T14:50:05.886585,25.5,68.2,False,0,OFF
2026-02-23T14:50:10.904247,25.5,68.1,False,0,OFF
2026-02-23T14:50:15.793519,25.5,68,False,0,OFF
2026-02-23T14:50:20.796411,25.5,68.1,False,0,OFF
2026-02-23T14:50:25.804980,25.5,68,False,0,OFF
2026-02-23T14:50:30.862038,25.5,68,False,0,OFF
2026-02-23T14:50:35.816177,25.5,68,False,0,OFF
2026-02-23T14:50:40.794911,25.5,68,False,0,OFF
2026-02-23T14:50:45.810981,25.5,68.1,False,0,OFF
2026-02-23T14:50:50.840387,25.5,68.1,False,0,OFF
2026-02-23T14:50:55.813796,25.5,68.1,False,0,OFF
2026-02-23T14:51:00.795875,25.5,68.1,False,0,OFF
2026-02-23T14:51:05.796350,25.5,68.1,False,0,OFF
2026-02-23T14:51:10.910976,25.5,68,False,0,OFF
2026-02-23T14:51:15.806346,25.5,68,False,0,OFF
2026-02-23T14:51:20.844358,25.5,68,False,0,OFF
2026-02-23T14:51:25.798323,25.5,68,False,0,OFF
2026-02-23T14:51:30.878896,25.5,67.9,False,0,OFF
2026-02-23T14:51:35.797205,25.5,68,False,0,OFF
2026-02-23T14:51:40.797360,25.5,67.9,False,0,OFF
2026-02-23T14:51:45.797652,25.5,68,False,0,OFF
2026-02-23T14:51:50.846061,25.5,68,False,0,OFF
2026-02-23T14:51:55.833777,25.5,68,False,0,OFF
2026-02-23T14:52:00.798453,25.5,67.9,False,0,OFF
2026-02-23T14:52:05.800593,25.5,67.9,False,0,OFF
2026-02-23T14:52:10.797655,25.5,67.9,False,0,OFF
2026-02-23T14:52:15.798518,25.5,67.8,False,0,OFF
2026-02-23T14:52:20.849992,25.5,67.8,False,0,OFF
2026-02-23T14:52:25.804912,25.5,67.8,False,0,OFF
2026-02-23T14:52:30.800726,25.5,67.8,False,0,OFF
2026-02-23T14:52:35.806049,25.5,67.8,False,0,OFF
2026-02-23T14:52:40.799714,25.5,67.8,False,0,OFF
2026-02-23T14:52:45.819405,25.5,67.7,False,0,OFF
2026-02-23T14:52:50.853359,25.5,67.7,False,0,OFF
2026-02-23T14:52:55.816872,25.5,67.7,False,0,OFF
2026-02-23T14:53:00.802437,25.5,67.7,False,0,OFF
2026-02-23T14:53:05.801794,25.5,67.7,False,0,OFF
2026-02-23T14:53:10.812886,25.5,67.7,False,0,OFF
2026-02-23T14:53:15.804768,25.5,67.7,False,0,OFF
2026-02-23T14:53:20.881419,25.5,67.6,False,0,OFF
2026-02-23T14:53:25.804797,25.5,67.6,False,0,OFF
2026-02-23T14:53:30.892924,25.5,67.6,False,0,OFF
2026-02-23T14:53:35.821008,25.4,67.7,False,0,OFF
2026-02-23T14:53:40.810285,25.4,67.7,False,0,OFF
2026-02-23T14:53:45.843777,25.4,67.7,False,0,OFF
2026-02-23T14:53:50.861019,25.4,67.7,False,0,OFF
2026-02-23T14:53:55.803418,25.4,67.7,False,0,OFF
2026-02-23T14:54:00.806867,25.4,67.6,False,0,OFF
2026-02-23T14:54:05.915483,25.4,67.6,False,0,OFF
2026-02-23T14:54:10.816998,25.4,67.6,False,0,OFF
2026-02-23T14:54:15.847548,25.4,67.5,False,0,OFF
2026-02-23T14:54:20.806707,25.4,67.5,False,0,OFF
2026-02-23T14:54:25.883953,25.4,67.5,False,0,OFF
2026-02-23T14:54:30.818907,25.4,67.5,False,0,OFF
2026-02-23T14:54:35.918819,25.4,67.5,False,0,OFF
2026-02-23T14:54:40.809141,25.4,67.6,False,0,OFF
2026-02-23T14:54:45.852258,25.4,67.5,False,0,OFF
2026-02-23T14:54:50.830648,25.4,67.6,False,0,OFF
2026-02-23T14:54:55.835877,25.4,67.5,False,0,OFF
2026-02-23T14:55:00.810366,25.4,67.5,False,0,OFF
2026-02-23T14:55:09.896613,25.4,67.5,False,0,OFF
2026-02-23T14:55:11.847249,25.4,67.5,False,0,OFF
2026-02-23T14:55:15.856840,25.4,67.5,False,0,OFF
2026-02-23T14:55:20.815636,25.4,67.5,False,0,OFF
2026-02-23T14:55:25.811051,25.4,67.5,False,0,OFF
2026-02-23T14:55:30.810825,25.4,67.5,False,0,OFF
2026-02-23T14:55:35.927295,25.4,67.6,False,0,OFF
2026-02-23T14:55:40.810841,25.4,67.6,False,0,OFF
2026-02-23T14:55:45.810961,25.4,67.5,False,0,OFF
2026-02-23T14:55:50.810289,25.4,67.5,False,0,OFF
2026-02-23T14:55:55.837214,25.4,67.5,False,0,OFF
2026-02-23T14:56:20.825112,25.4,67.5,False,0,OFF
2026-02-23T14:56:25.814315,25.4,67.5,False,0,OFF
2026-02-23T14:56:30.819202,25.4,67.5,False,0,OFF
2026-02-23T14:56:35.821113,25.4,67.5,False,0,OFF
2026-02-23T14:56:40.870473,25.4,67.5,False,0,OFF
2026-02-23T14:56:45.974470,25.4,67.5,False,0,OFF
2026-02-23T14:56:50.820794,25.4,67.5,False,0,OFF
2026-02-23T14:56:55.836974,25.4,67.5,False,0,OFF
2026-02-23T14:57:00.820776,25.4,67.5,False,0,OFF
2026-02-23T14:57:05.940181,25.4,67.3,False,0,OFF
2026-02-23T14:57:10.876193,25.4,67.4,False,0,OFF
2026-02-23T14:57:15.823146,25.4,67.4,False,0,OFF
2026-02-23T14:57:20.817358,25.4,67.4,False,0,OFF
2026-02-23T14:57:25.834847,25.4,67.4,False,0,OFF
2026-02-23T14:57:30.984878,25.4,67.4,False,0,OFF
2026-02-23T14:57:35.820470,25.4,67.4,False,0,OFF
2026-02-23T14:57:40.846027,25.4,67.5,False,0,OFF
2026-02-23T14:57:45.841959,25.4,67.5,False,0,OFF
2026-02-23T14:57:50.823487,25.4,67.5,False,0,OFF
2026-02-23T14:57:55.842565,25.4,67.4,False,0,OFF
2026-02-23T14:58:00.928073,25.4,67.3,False,0,OFF
2026-02-23T14:58:05.835525,25.4,67.4,False,0,OFF
2026-02-23T14:58:10.851049,25.4,67.3,False,0,OFF
2026-02-23T14:58:15.833980,25.4,67.4,False,0,OFF
2026-02-23T14:58:20.829409,25.4,67.4,False,0,OFF
2026-02-23T14:58:26.355393,25.4,67.4,False,0,OFF
2026-02-23T14:58:30.852288,25.4,67.4,False,0,OFF
2026-02-23T14:58:35.846350,25.4,67.4,False,0,OFF
2026-02-23T14:58:40.895696,25.4,67.4,False,0,OFF
2026-02-23T14:58:51.780242,25.4,67.3,False,0,OFF
2026-02-23T14:58:51.844499,25.4,67.3,False,0,OFF
2026-02-23T14:58:55.919814,25.4,67.3,False,0,OFF
2026-02-23T14:59:00.826744,25.4,67.3,False,0,OFF
2026-02-23T14:59:05.831808,25.4,67.4,False,0,OFF
2026-02-23T14:59:10.839256,25.4,67.4,False,0,OFF
2026-02-23T14:59:15.843200,25.4,67.4,False,0,OFF
2026-02-23T14:59:22.876494,25.4,67.4,False,0,OFF
2026-02-23T14:59:25.896961,25.4,67.4,False,0,OFF
2026-02-23T14:59:30.877545,25.4,67.4,False,0,OFF
2026-02-23T14:59:35.864385,25.4,67.5,False,0,OFF
2026-02-23T14:59:41.889379,25.4,67.5,False,0,OFF
2026-02-23T14:59:45.823077,25.4,67.5,False,0,OFF
2026-02-23T14:59:51.944516,25.4,67.5,False,0,OFF
2026-02-23T14:59:59.966740,25.4,67.6,False,0,OFF
2026-02-23T15:00:00.948974,25.4,67.8,False,0,OFF
2026-02-23T15:00:05.835951,25.4,67.9,False,0,OFF
2026-02-23T15:00:10.860970,25.3,68,False,0,OFF
