timestamp,lux,occupancy,brightness,lamp_state
2026-02-10T14:54:13.066896,6.7,False,0,unknown
2026-02-10T14:54:16.043695,6.7,False,0,unknown
2026-02-10T14:54:19.043878,6.7,False,0,unknown
2026-02-10T14:54:23.435879,6.7,False,0,unknown
2026-02-10T14:54:25.063417,6.7,False,0,unknown
2026-02-10T14:54:28.064160,6.7,False,0,unknown
2026-02-10T14:54:31.083186,6.7,False,0,unknown
2026-02-10T14:54:34.058838,6.7,False,0,unknown
2026-02-10T14:54:37.065184,7.5,False,0,unknown
2026-02-10T14:54:40.081373,6.7,False,0,unknown
2026-02-10T14:54:43.074026,7.5,False,0,unknown
2026-02-10T14:54:46.080983,7.5,False,0,unknown
2026-02-10T14:54:49.099320,7.5,False,0,unknown
2026-02-10T14:54:52.092406,7.5,False,0,unknown
2026-02-10T14:54:55.106571,7.5,False,0,unknown
2026-02-10T14:54:58.115897,7.5,False,0,unknown
2026-02-10T14:55:01.151595,7.5,False,0,unknown
2026-02-10T14:55:04.113147,7.5,False,0,unknown
2026-02-10T14:55:07.098181,7.5,False,0,unknown
2026-02-10T14:55:10.127021,7.5,False,0,unknown
2026-02-10T14:55:13.099354,7.5,False,0,unknown
2026-02-10T14:55:16.109484,7.5,False,0,unknown
2026-02-10T14:55:19.113055,7.5,False,0,unknown
2026-02-10T14:55:22.113074,7.5,False,0,unknown
2026-02-10T14:55:25.110216,7.5,False,0,unknown
2026-02-10T14:55:28.135730,7.5,False,0,unknown
2026-02-10T14:55:31.131907,7.5,False,0,unknown
2026-02-10T14:55:34.131059,7.5,False,0,unknown
2026-02-10T14:55:37.157629,7.5,False,0,unknown
2026-02-10T14:55:40.441962,7.5,False,0,unknown
2026-02-10T14:55:43.146330,7.5,False,0,unknown
2026-02-10T14:55:46.140426,7.5,False,0,unknown
2026-02-10T14:55:49.173710,7.5,False,0,unknown
2026-02-10T14:55:52.146478,13.3,False,0,unknown
2026-02-10T14:55:55.140454,10,False,0,unknown
2026-02-10T14:55:58.143623,9.2,False,0,unknown
2026-02-10T14:56:02.437561,7.5,False,0,unknown
2026-02-10T14:56:04.216880,12.5,False,0,unknown
2026-02-10T14:56:07.166538,10,False,0,unknown
2026-02-10T14:56:10.363852,10,False,0,unknown
2026-02-10T14:56:13.163936,10,False,0,unknown
2026-02-10T14:56:16.235549,10,False,0,unknown
2026-02-10T14:56:19.167821,10,False,0,unknown
2026-02-10T14:56:22.276506,10,False,0,unknown
2026-02-10T14:56:25.174107,10,False,0,unknown
2026-02-10T14:56:28.184450,10,False,0,unknown
2026-02-10T14:56:31.294516,10,False,0,unknown
2026-02-10T14:56:34.183000,10,False,0,unknown
2026-02-10T14:56:37.185861,10,False,0,unknown
2026-02-10T14:56:40.228339,10,False,0,unknown
2026-02-10T14:56:43.192161,10,False,0,unknown
2026-02-10T14:56:46.195415,10,False,0,unknown
2026-02-10T14:56:49.200920,10,False,0,unknown
2026-02-10T14:56:52.202031,10,False,0,unknown
2026-02-10T14:56:55.206599,10,False,0,unknown
2026-02-10T14:56:58.219699,10,False,0,unknown
2026-02-10T14:57:01.220675,10,False,0,unknown
2026-02-10T14:57:04.215103,10,False,0,unknown
2026-02-10T14:57:07.239079,10,False,0,unknown
2026-02-10T14:57:10.248304,10,False,0,unknown
2026-02-10T14:57:13.257588,10,False,0,unknown
2026-02-10T14:57:17.109655,10,False,0,unknown
2026-02-10T14:57:19.607924,10.8,False,0,unknown
2026-02-10T14:57:22.304429,10.8,False,0,unknown
2026-02-10T14:57:25.264042,10.8,False,0,unknown
2026-02-10T14:57:28.242034,10.8,False,0,unknown
2026-02-10T14:57:31.245060,10.8,False,0,unknown
2026-02-10T14:57:34.327338,10.8,False,0,unknown
2026-02-10T14:57:37.294393,10.8,False,0,unknown
2026-02-10T14:57:40.274406,10.8,False,0,unknown
2026-02-10T14:57:43.278358,10.8,False,0,unknown
2026-02-10T14:57:46.285717,10.8,False,0,unknown
2026-02-10T14:57:49.291253,10.8,False,0,unknown
2026-02-10T14:57:52.289338,10.8,False,0,unknown
2026-02-10T14:57:55.262808,10.8,False,0,unknown
2026-02-10T14:57:58.289529,10.8,False,0,unknown
2026-02-10T14:58:01.308237,10.8,False,0,unknown
2026-02-10T14:58:04.314411,10.8,False,0,unknown
2026-02-10T14:58:07.343410,10.8,False,0,unknown
2026-02-10T14:58:10.297249,10.8,False,0,unknown
2026-02-10T14:58:13.309914,10.8,False,0,unknown
2026-02-10T14:58:16.298541,10.8,False,0,unknown
2026-02-10T14:58:19.304746,10.8,False,0,unknown
2026-02-10T14:58:22.332314,10.8,False,0,unknown
2026-02-10T14:58:25.296154,10.8,False,0,unknown
2026-02-10T14:58:28.360020,10.8,False,0,unknown
2026-02-10T14:58:31.323232,10.8,False,0,unknown
2026-02-10T14:58:34.534516,10.8,False,0,unknown
2026-02-10T14:58:37.328775,10.8,False,0,unknown
2026-02-10T14:58:40.351538,10.8,False,0,unknown
2026-02-10T14:58:43.335746,10.8,False,0,unknown
2026-02-10T14:58:46.349342,10.8,False,0,unknown
2026-02-10T14:58:49.323678,10.8,False,0,unknown
2026-02-10T14:58:52.325911,11.7,False,0,unknown
2026-02-10T14:58:55.328851,11.7,False,0,unknown
2026-02-10T14:58:58.373767,11.7,False,0,unknown
2026-02-10T14:59:01.487209,11.7,False,0,unknown
2026-02-10T14:59:04.339482,11.7,False,0,unknown
2026-02-10T14:59:07.350532,11.7,False,0,unknown
2026-02-10T14:59:10.344657,11.7,False,0,unknown
2026-02-10T14:59:13.348468,11.7,False,0,unknown
2026-02-10T14:59:16.360334,11.7,False,0,unknown
2026-02-10T14:59:19.355339,11.7,False,0,unknown
2026-02-10T14:59:22.365929,11.7,False,0,unknown
2026-02-10T14:59:25.487499,11.7,False,0,unknown
2026-02-10T14:59:28.389443,11.7,False,0,unknown
2026-02-10T14:59:31.375516,11.7,False,0,unknown
2026-02-10T14:59:34.370126,11.7,False,0,unknown
2026-02-10T14:59:37.371686,11.7,False,0,unknown
2026-02-10T14:59:40.376390,11.7,False,0,unknown
2026-02-10T14:59:43.442897,11.7,False,0,unknown
2026-02-10T14:59:46.401286,11.7,False,0,unknown
2026-02-10T14:59:49.387545,11.7,False,0,unknown
2026-02-10T14:59:52.385211,11.7,False,0,unknown
2026-02-10T14:59:55.390536,11.7,False,0,unknown
2026-02-10T14:59:58.404401,11.7,False,0,unknown
2026-02-10T15:00:01.403380,11.7,False,0,unknown
2026-02-10T15:00:04.407215,11.7,False,0,unknown
2026-02-10T15:00:07.402688,11.7,False,0,unknown
2026-02-10T15:00:10.429103,11.7,False,0,unknown
2026-02-10T15:00:13.419196,11.7,False,0,unknown
2026-02-10T15:00:16.414154,11.7,False,0,unknown
2026-02-10T15:00:19.414758,11.7,False,0,unknown
2026-02-10T15:00:22.415125,11.7,False,0,unknown
2026-02-10T15:00:25.507849,11.7,False,0,unknown
2026-02-10T15:00:28.425127,11.7,False,0,unknown
2026-02-10T15:00:31.455095,11.7,False,0,unknown
2026-02-10T15:00:34.434157,11.7,False,0,unknown
2026-02-10T15:00:37.435170,11.7,False,0,unknown
2026-02-10T15:00:40.447673,11.7,False,0,unknown
2026-02-10T15:00:43.457298,11.7,False,0,unknown
2026-02-10T15:00:46.491956,11.7,False,0,unknown
2026-02-10T15:00:49.490763,12.5,False,0,unknown
2026-02-10T15:00:52.457327,12.5,False,0,unknown
2026-02-10T15:00:55.511943,12.5,False,0,unknown
2026-02-10T15:00:58.669729,12.5,False,0,unknown
2026-02-10T15:01:01.466378,12.5,False,0,unknown
2026-02-10T15:01:04.462573,12.5,False,0,unknown
2026-02-10T15:01:07.478348,12.5,False,0,unknown
2026-02-10T15:01:10.470741,12.5,False,0,unknown
2026-02-10T15:01:13.471581,12.5,False,0,unknown
2026-02-10T15:01:16.477634,12.5,False,0,unknown
2026-02-10T15:01:19.474392,12.5,False,0,unknown
2026-02-10T15:01:22.479199,12.5,False,0,unknown
2026-02-10T15:01:25.520357,12.5,False,0,unknown
2026-02-10T15:01:28.501937,12.5,False,0,unknown
2026-02-10T15:01:31.528753,12.5,False,0,unknown
2026-02-10T15:01:34.543123,12.5,False,0,unknown
2026-02-10T15:01:37.555637,12.5,False,0,unknown
2026-02-10T15:01:41.273286,12.5,False,0,unknown
2026-02-10T15:01:43.654341,12.5,False,0,unknown
2026-02-10T15:01:46.774285,13.3,False,0,unknown
2026-02-10T15:01:49.558744,13.3,False,0,unknown
2026-02-10T15:01:52.614409,13.3,False,0,unknown
2026-02-10T15:01:55.892457,13.3,False,0,unknown
2026-02-10T15:01:59.320891,13.3,False,0,unknown
2026-02-10T15:02:01.573144,13.3,False,0,unknown
2026-02-10T15:02:04.552808,13.3,False,0,unknown
2026-02-10T15:02:12.970871,13.3,False,0,unknown
2026-02-10T15:02:13.021580,13.3,False,0,unknown
2026-02-10T15:02:13.555368,13.3,False,0,unknown
2026-02-10T15:02:16.556499,13.3,False,0,unknown
2026-02-10T15:02:19.858333,13.3,False,0,unknown
2026-02-10T15:02:22.580323,13.3,False,0,unknown
2026-02-10T15:02:25.552403,13.3,False,0,unknown
2026-02-10T15:02:28.598950,13.3,False,0,unknown
2026-02-10T15:02:31.833033,13.3,False,0,unknown
2026-02-10T15:02:34.569876,13.3,False,0,unknown
2026-02-10T15:02:37.563513,14.2,False,0,unknown
2026-02-10T15:02:40.593464,13.3,False,0,unknown
2026-02-10T15:02:43.652295,14.2,False,0,unknown
2026-02-10T15:02:46.598378,14.2,False,0,unknown
2026-02-10T15:02:49.573779,14.2,False,0,unknown
2026-02-10T15:02:52.598220,14.2,False,0,unknown
2026-02-10T15:02:55.603825,17.5,False,0,unknown
2026-02-10T15:02:58.581385,13.3,False,0,unknown
2026-02-10T15:03:01.582891,15,False,0,unknown
2026-02-10T15:03:04.598906,15,False,0,unknown
2026-02-10T15:03:07.600677,12.5,False,0,unknown
2026-02-10T15:03:10.604953,11.7,False,0,unknown
2026-02-10T15:03:13.634790,11.7,False,0,unknown
2026-02-10T15:03:16.627646,11.7,False,0,unknown
2026-02-10T15:03:19.707724,11.7,False,0,unknown
2026-02-10T15:03:24.885251,11.7,False,0,unknown
2026-02-10T15:03:25.925929,11.7,False,0,unknown
2026-02-10T15:03:28.656304,11.7,False,0,unknown
2026-02-10T15:03:31.619411,11.7,False,0,unknown
2026-02-10T15:03:36.173561,11.7,False,0,unknown
2026-02-10T15:03:37.652436,11.7,False,0,unknown
2026-02-10T15:03:40.635442,15,False,0,unknown
2026-02-10T15:03:43.721933,15,False,0,unknown
2026-02-10T15:03:46.627934,13.3,False,0,unknown
2026-02-10T15:03:50.977551,13.3,False,0,unknown
2026-02-10T15:03:52.645162,13.3,False,0,unknown
2026-02-10T15:03:55.682427,11.7,False,0,unknown
2026-02-10T15:03:58.656906,11.7,False,0,unknown
2026-02-10T15:04:01.651330,15,False,0,unknown
2026-02-10T15:04:04.643268,15,False,0,unknown
2026-02-10T15:04:07.661735,12.5,False,0,unknown
2026-02-10T15:04:10.852639,11.7,False,0,unknown
2026-02-10T15:04:13.663475,11.7,False,0,unknown
2026-02-10T15:04:16.673915,11.7,False,0,unknown
2026-02-10T15:04:19.678541,11.7,False,0,unknown
2026-02-10T15:04:22.769866,11.7,False,0,unknown
2026-02-10T15:04:25.704635,11.7,False,0,unknown
2026-02-10T15:04:28.676294,11.7,False,0,unknown
2026-02-10T15:04:31.690375,11.7,False,0,unknown
2026-02-10T15:04:34.690026,12.5,False,0,unknown
2026-02-10T15:04:37.685129,11.7,False,0,unknown
2026-02-10T15:04:40.689736,11.7,False,0,unknown
2026-02-10T15:04:43.706189,12.5,False,0,unknown
2026-02-10T15:04:46.700697,12.5,False,0,unknown
2026-02-10T15:04:49.712693,12.5,False,0,unknown
2026-02-10T15:04:52.709688,12.5,False,0,unknown
2026-02-10T15:04:55.700331,12.5,False,0,unknown
2026-02-10T15:04:58.723613,12.5,False,0,unknown
2026-02-10T15:05:01.737665,12.5,False,0,unknown
2026-02-10T15:05:04.864867,12.5,False,0,unknown
2026-02-10T15:05:07.760373,12.5,False,0,unknown
2026-02-10T15:05:11.786353,12.5,False,0,unknown
2026-02-10T15:05:13.748814,12.5,False,0,unknown
2026-02-10T15:05:17.147829,11.7,False,0,unknown
2026-02-10T15:05:19.903094,11.7,False,0,unknown
2026-02-10T15:05:22.756137,11.7,False,0,unknown
2026-02-10T15:05:25.760125,11.7,False,0,unknown
2026-02-10T15:05:28.741868,11.7,False,0,unknown
2026-02-10T15:05:31.764400,11.7,False,0,unknown
2026-02-10T15:05:34.742448,11.7,False,0,unknown
2026-02-10T15:05:37.749996,11.7,False,0,unknown
2026-02-10T15:05:40.746983,11.7,False,0,unknown
2026-02-10T15:05:43.758012,11.7,False,0,unknown
2026-02-10T15:05:46.777762,11.7,False,0,unknown
2026-02-10T15:05:49.877787,11.7,False,0,unknown
2026-02-10T15:05:52.779327,11.7,False,0,unknown
2026-02-10T15:05:55.762164,11.7,False,0,unknown
2026-02-10T15:05:58.957688,11.7,False,0,unknown
2026-02-10T15:06:01.812483,11.7,False,0,unknown
2026-02-10T15:06:04.841239,11.7,False,0,unknown
2026-02-10T15:06:11.722987,11.7,False,0,unknown
2026-02-10T15:06:11.723263,11.7,False,0,unknown
2026-02-10T15:06:14.040251,11.7,False,0,unknown
2026-02-10T15:06:16.795011,11.7,False,0,unknown
2026-02-10T15:06:19.810286,11.7,False,0,unknown
2026-02-10T15:06:22.905374,11.7,False,0,unknown
2026-02-10T15:06:25.810042,11.7,False,0,unknown
2026-02-10T15:06:28.858803,11.7,False,0,unknown
2026-02-10T15:06:31.829530,11.7,False,0,unknown
2026-02-10T15:06:34.910852,11.7,False,0,unknown
2026-02-10T15:06:39.669553,11.7,False,0,unknown
2026-02-10T15:06:40.827460,11.7,False,0,unknown
2026-02-10T15:06:43.841923,11.7,False,0,unknown
2026-02-10T15:06:46.808017,11.7,False,0,unknown
2026-02-10T15:06:49.906219,11.7,False,0,unknown
2026-02-10T15:06:52.842768,11.7,False,0,unknown
2026-02-10T15:06:56.140337,10.8,False,0,unknown
2026-02-10T15:06:58.873885,10.8,False,0,unknown
2026-02-10T15:07:01.859545,10.8,False,0,unknown
2026-02-10T15:07:04.928435,10.8,False,0,unknown
2026-02-10T15:07:08.981733,10.8,False,0,unknown
2026-02-10T15:07:10.831823,11.7,False,0,unknown
2026-02-10T15:07:13.853873,11.7,False,0,unknown
2026-02-10T15:07:16.836116,11.7,False,0,unknown
2026-02-10T15:07:20.191192,11.7,False,0,unknown
2026-02-10T15:07:22.853380,11.7,False,0,unknown
2026-02-10T15:07:25.939408,11.7,False,0,unknown
2026-02-10T15:07:28.991428,11.7,False,0,unknown
2026-02-10T15:07:31.919445,11.7,False,0,unknown
2026-02-10T15:07:34.851295,11.7,False,0,unknown
2026-02-10T15:07:37.873557,11.7,False,0,unknown
2026-02-10T15:07:40.874201,11.7,False,0,unknown
2026-02-10T15:07:43.918100,11.7,False,0,unknown
2026-02-10T15:07:46.889702,11.7,False,0,unknown
2026-02-10T15:07:49.871652,11.7,False,0,unknown
2026-02-10T15:07:52.874601,11.7,False,0,unknown
2026-02-10T15:07:55.887247,11.7,False,0,unknown
2026-02-10T15:07:58.877414,11.7,False,0,unknown
2026-02-10T15:08:01.924733,11.7,False,0,unknown
2026-02-10T15:08:04.935937,10.8,False,0,unknown
2026-02-10T15:08:07.890658,10.8,False,0,unknown
2026-02-10T15:08:10.937024,10.8,False,0,unknown
2026-02-10T15:08:13.920120,10.8,False,0,unknown
2026-02-10T15:08:16.903156,10.8,False,0,unknown
2026-02-10T15:08:20.170924,10.8,False,0,unknown
2026-02-10T15:08:22.901967,10.8,False,0,unknown
2026-02-10T15:08:25.903630,10.8,False,0,unknown
2026-02-10T15:08:28.917403,10.8,False,0,unknown
2026-02-10T15:08:31.914741,10.8,False,0,unknown
2026-02-10T15:08:34.935932,10.8,False,0,unknown
2026-02-10T15:08:37.925194,10.8,False,0,unknown
2026-02-10T15:08:40.917388,10.8,False,0,unknown
2026-02-10T15:08:43.921681,10.8,False,0,unknown
2026-02-10T15:08:46.924436,10.8,False,0,unknown
2026-02-10T15:08:49.933855,10.8,False,0,unknown
2026-02-10T15:08:52.930399,10.8,False,0,unknown
2026-02-10T15:08:55.958677,10.8,False,0,unknown
2026-02-10T15:08:58.959996,10.8,False,0,unknown
2026-02-10T15:09:01.937247,10.8,False,0,unknown
2026-02-10T15:09:04.947648,10.8,False,0,unknown
2026-02-10T15:09:07.948848,10.8,False,0,unknown
2026-02-10T15:09:10.950107,10.8,False,0,unknown
2026-02-10T15:09:13.953126,10.8,False,0,unknown
2026-02-10T15:09:16.995438,10.8,False,0,unknown
2026-02-10T15:09:19.959707,10.8,False,0,unknown
2026-02-10T15:09:23.009164,10.8,False,0,unknown
2026-02-10T15:09:25.975629,10.8,False,0,unknown
2026-02-10T15:09:29.221983,10.8,False,0,unknown
2026-02-10T15:09:32.207699,10.8,False,0,unknown
2026-02-10T15:09:35.271288,10.8,False,0,unknown
2026-02-10T15:09:41.190092,10.8,False,0,unknown
2026-02-10T15:09:42.487240,10.8,False,0,unknown
2026-02-10T15:09:47.990994,10.8,False,0,unknown
2026-02-10T15:09:48.019719,10.8,False,0,unknown
2026-02-10T15:09:49.986004,10.8,False,0,unknown
2026-02-10T15:09:52.987144,10.8,False,0,unknown
2026-02-10T15:09:55.991772,10.8,False,0,unknown
2026-02-10T15:09:58.995351,10.8,False,0,unknown
2026-02-10T15:10:02.001772,10.8,False,0,unknown
2026-02-10T15:10:05.000829,10.8,False,0,unknown
2026-02-10T15:10:09.039659,10.8,False,0,unknown
2026-02-10T15:10:11.007056,10.8,False,0,unknown
2026-02-10T15:10:14.013916,10.8,False,0,unknown
2026-02-10T15:10:17.016477,10.8,False,0,unknown
2026-02-10T15:10:20.015820,10.8,False,0,unknown
2026-02-10T15:10:23.097856,10.8,False,0,unknown
2026-02-10T15:10:26.017808,10.8,False,0,unknown
2026-02-10T15:10:29.035310,10.8,False,0,unknown
2026-02-10T15:10:32.106070,10.8,False,0,unknown
2026-02-10T15:10:35.044236,10.8,False,0,unknown
2026-02-10T15:10:38.201559,10.8,False,0,unknown
2026-02-10T15:10:41.040471,10.8,False,0,unknown
2026-02-10T15:10:44.046023,10.8,False,0,unknown
2026-02-10T15:10:47.051305,10.8,False,0,unknown
2026-02-10T15:10:50.049517,10.8,False,0,unknown
2026-02-10T15:10:53.132477,10.8,False,0,unknown
2026-02-10T15:10:56.058387,10.8,False,0,unknown
2026-02-10T15:10:59.087186,10.8,False,0,unknown
2026-02-10T15:11:02.439353,10.8,False,0,unknown
2026-02-10T15:11:05.164154,10.8,False,0,unknown
2026-02-10T15:11:08.351984,10.8,False,0,unknown
2026-02-10T15:11:11.118579,10.8,False,0,unknown
2026-02-10T15:11:14.065870,10.8,False,0,unknown
2026-02-10T15:11:17.096123,10.8,False,0,unknown
2026-02-10T15:11:20.098686,10.8,False,0,unknown
2026-02-10T15:11:23.080634,10.8,False,0,unknown
2026-02-10T15:11:26.101619,10.8,False,0,unknown
2026-02-10T15:11:29.084826,10.8,False,0,unknown
2026-02-10T15:11:32.086722,11.7,False,0,unknown
2026-02-10T15:11:35.090938,11.7,False,0,unknown
2026-02-10T15:11:38.110145,11.7,False,0,unknown
2026-02-10T15:11:41.095694,11.7,False,0,unknown
2026-02-10T15:11:44.101762,11.7,False,0,unknown
2026-02-10T15:11:47.100773,10.8,False,0,unknown
2026-02-10T15:11:50.112565,10.8,False,0,unknown
2026-02-10T15:11:53.121059,10.8,False,0,unknown
2026-02-10T15:11:56.132204,10.8,False,0,unknown
2026-02-10T15:11:59.117930,8.3,False,0,unknown
2026-02-10T15:12:02.118693,8.3,False,0,unknown
2026-02-10T15:12:05.121383,8.3,False,0,unknown
2026-02-10T15:12:09.504550,8.3,False,0,unknown
2026-02-10T15:12:11.130935,8.3,False,0,unknown
2026-02-10T15:12:14.131785,8.3,False,0,unknown
2026-02-10T15:12:17.147464,8.3,False,0,unknown
2026-02-10T15:12:20.238545,8.3,False,0,unknown
2026-02-10T15:12:23.198293,8.3,False,0,unknown
2026-02-10T15:12:26.148182,8.3,False,0,unknown
2026-02-10T15:12:29.145409,8.3,False,0,unknown
2026-02-10T15:12:32.157059,8.3,False,0,unknown
2026-02-10T15:12:35.155046,8.3,False,0,unknown
2026-02-10T15:12:38.174297,8.3,False,0,unknown
2026-02-10T15:12:41.156692,8.3,False,0,unknown
2026-02-10T15:12:44.166235,8.3,False,0,unknown
2026-02-10T15:12:47.180136,8.3,False,0,unknown
2026-02-10T15:12:50.168112,8.3,False,0,unknown
2026-02-10T15:12:53.219115,8.3,False,0,unknown
2026-02-10T15:12:56.182701,8.3,False,0,unknown
2026-02-10T15:12:59.174227,8.3,False,0,unknown
2026-02-10T15:13:02.180266,8.3,False,0,unknown
2026-02-10T15:13:05.199673,8.3,False,0,unknown
2026-02-10T15:13:08.193755,8.3,False,0,unknown
2026-02-10T15:13:11.194948,8.3,False,0,unknown
2026-02-10T15:13:14.201954,8.3,False,0,unknown
2026-02-10T15:13:17.252191,8.3,False,0,unknown
2026-02-10T15:13:20.240659,8.3,False,0,unknown
2026-02-10T15:13:23.200083,8.3,False,0,unknown
2026-02-10T15:13:26.201341,8.3,False,0,unknown
2026-02-10T15:13:29.203872,8.3,False,0,unknown
2026-02-10T15:13:32.226972,8.3,False,0,unknown
2026-02-10T15:13:35.214365,8.3,False,0,unknown
2026-02-10T15:13:38.212620,8.3,False,0,unknown
2026-02-10T15:13:41.272075,8.3,False,0,unknown
2026-02-10T15:13:44.217898,8.3,False,0,unknown
2026-02-10T15:13:47.246248,8.3,False,0,unknown
2026-02-10T15:13:50.249336,8.3,False,0,unknown
2026-02-10T15:13:53.237725,8.3,False,0,unknown
2026-02-10T15:13:56.234708,8.3,False,0,unknown
2026-02-10T15:13:59.237025,8.3,False,0,unknown
2026-02-10T15:14:02.237988,8.3,False,0,unknown
2026-02-10T15:14:05.269747,8.3,False,0,unknown
2026-02-10T15:14:08.292358,8.3,False,0,unknown
2026-02-10T15:14:11.248256,8.3,False,0,unknown
2026-02-10T15:14:14.636839,8.3,False,0,unknown
2026-02-10T15:14:17.260375,8.3,False,0,unknown
2026-02-10T15:14:20.267305,8.3,False,0,unknown
2026-02-10T15:14:23.282188,8.3,False,0,unknown
2026-02-10T15:14:26.262977,8.3,False,0,unknown
2026-02-10T15:14:29.268369,7.5,False,0,unknown
2026-02-10T15:14:32.272235,8.3,False,0,unknown
2026-02-10T15:14:35.270387,7.5,False,0,unknown
2026-02-10T15:14:38.273833,7.5,False,0,unknown
2026-02-10T15:14:41.321689,7.5,False,0,unknown
2026-02-10T15:14:44.452150,7.5,False,0,unknown
2026-02-10T15:14:47.285042,7.5,False,0,unknown
2026-02-10T15:14:50.315579,7.5,False,0,unknown
2026-02-10T15:14:53.299362,7.5,False,0,unknown
2026-02-10T15:14:56.607105,7.5,False,0,unknown
2026-02-10T15:14:59.321834,7.5,False,0,unknown
2026-02-10T15:15:02.355856,7.5,False,0,unknown
2026-02-10T15:15:05.305365,7.5,False,0,unknown
2026-02-10T15:15:08.301625,7.5,False,0,unknown
2026-02-10T15:15:11.314722,7.5,False,0,unknown
2026-02-10T15:15:14.310671,7.5,False,0,unknown
2026-02-10T15:15:17.314958,7.5,False,0,unknown
2026-02-10T15:15:20.318807,7.5,False,0,unknown
2026-02-10T15:15:23.332078,7.5,False,0,unknown
2026-02-10T15:15:26.327736,7.5,False,0,unknown
2026-02-10T15:16:01.796387,7.5,False,0,unknown
2026-02-10T15:16:04.789152,7.5,False,0,unknown
2026-02-10T15:16:07.819342,7.5,False,0,unknown
2026-02-10T15:16:10.806107,7.5,False,0,unknown
2026-02-10T15:16:13.818965,7.5,False,0,unknown
2026-02-10T15:16:16.822384,7.5,False,0,unknown
2026-02-10T15:16:19.907804,7.5,False,0,unknown
2026-02-10T15:16:22.827164,7.5,False,0,unknown
2026-02-10T15:16:25.806152,7.5,False,0,unknown
2026-02-10T15:16:30.303513,7.5,False,0,unknown
2026-02-10T15:16:31.986049,7.5,False,0,unknown
2026-02-10T15:16:34.908517,7.5,False,0,unknown
2026-02-10T15:16:37.849458,7.5,False,0,unknown
2026-02-10T15:16:40.854296,7.5,False,0,unknown
2026-02-10T15:16:43.875300,7.5,False,0,unknown
2026-02-10T15:16:46.860498,7.5,False,0,unknown
2026-02-10T15:16:49.936848,7.5,False,0,unknown
2026-02-10T15:16:52.836825,7.5,False,0,unknown
2026-02-10T15:16:55.839809,7.5,False,0,unknown
2026-02-10T15:16:58.854107,7.5,False,0,unknown
2026-02-10T15:17:02.248149,7.5,False,0,unknown
2026-02-10T15:17:05.084286,7.5,False,0,unknown
2026-02-10T15:17:07.867786,7.5,False,0,unknown
2026-02-10T15:17:10.914231,7.5,False,0,unknown
2026-02-10T15:17:13.888571,7.5,False,0,unknown
2026-02-10T15:17:16.920105,7.5,False,0,unknown
2026-02-10T15:17:19.865512,6.7,False,0,unknown
2026-02-10T15:17:22.878269,7.5,False,0,unknown
2026-02-10T15:17:25.889521,7.5,False,0,unknown
2026-02-10T15:17:28.906833,7.5,False,0,unknown
2026-02-10T15:17:31.879044,7.5,False,0,unknown
2026-02-10T15:17:34.909469,7.5,False,0,unknown
2026-02-10T15:17:37.947545,6.7,False,0,unknown
2026-02-10T15:17:40.902356,7.5,False,0,unknown
2026-02-10T15:17:43.961568,7.5,False,0,unknown
2026-02-10T15:17:46.926743,7.5,False,0,unknown
2026-02-10T15:17:49.919214,6.7,False,0,unknown
2026-02-10T15:17:52.910319,7.5,False,0,unknown
2026-02-10T15:17:55.924642,7.5,False,0,unknown
2026-02-10T15:17:58.922284,7.5,False,0,unknown
2026-02-10T15:18:01.912073,6.7,False,0,unknown
2026-02-10T15:18:04.949699,7.5,False,0,unknown
2026-02-10T15:18:07.924077,6.7,False,0,unknown
2026-02-10T15:18:10.935843,6.7,False,0,unknown
2026-02-10T15:18:13.928746,7.5,False,0,unknown
2026-02-10T15:18:16.934918,6.7,False,0,unknown
2026-02-10T15:18:19.958494,7.5,False,0,unknown
2026-02-10T15:18:22.960180,6.7,False,0,unknown
2026-02-10T15:18:25.948685,7.5,False,0,unknown
2026-02-10T15:18:28.949907,7.5,False,0,unknown
2026-02-10T15:18:31.960105,7.5,False,0,unknown
2026-02-10T15:18:34.946001,7.5,False,0,unknown
2026-02-10T15:18:37.947468,7.5,False,0,unknown
2026-02-10T15:18:40.945525,7.5,False,0,unknown
2026-02-10T15:18:44.031840,7.5,False,0,unknown
2026-02-10T15:18:46.954097,7.5,False,0,unknown
2026-02-10T15:18:49.984415,7.5,False,0,unknown
2026-02-10T15:18:52.989877,7.5,False,0,unknown
2026-02-10T15:18:55.961202,7.5,False,0,unknown
2026-02-10T15:18:58.979541,7.5,False,0,unknown
2026-02-10T15:19:02.008183,7.5,False,0,unknown
2026-02-10T15:19:04.983330,7.5,False,0,unknown
2026-02-10T15:19:08.012680,7.5,False,0,unknown
2026-02-10T15:19:10.987377,7.5,False,0,unknown
2026-02-10T15:19:13.978572,7.5,False,0,unknown
2026-02-10T15:19:16.981834,7.5,False,0,unknown
2026-02-10T15:19:20.001954,7.5,False,0,unknown
2026-02-10T15:19:23.029599,7.5,False,0,unknown
2026-02-10T15:19:25.994350,7.5,False,0,unknown
2026-02-10T15:19:29.044849,7.5,False,0,unknown
2026-02-10T15:19:32.027279,7.5,False,0,unknown
2026-02-10T15:19:35.026227,7.5,False,0,unknown
2026-02-10T15:19:38.015026,7.5,False,0,unknown
2026-02-10T15:19:41.017162,7.5,False,0,unknown
2026-02-10T15:19:45.322936,7.5,False,0,unknown
2026-02-10T15:19:47.017964,7.5,False,0,unknown
2026-02-10T15:19:50.021831,7.5,False,0,unknown
2026-02-10T15:19:53.047410,7.5,False,0,unknown
2026-02-10T15:19:56.022702,7.5,False,0,unknown
2026-02-10T15:19:59.055418,7.5,False,0,unknown
2026-02-10T15:20:02.032226,7.5,False,0,unknown
2026-02-10T15:20:05.035147,7.5,False,0,unknown
2026-02-10T15:20:08.035255,7.5,False,0,unknown
2026-02-10T15:20:11.039367,7.5,False,0,unknown
2026-02-10T15:20:14.078792,7.5,False,0,unknown
2026-02-10T15:20:17.047464,7.5,False,0,unknown
2026-02-10T15:20:20.050527,7.5,False,0,unknown
2026-02-10T15:20:23.053108,7.5,False,0,unknown
2026-02-10T15:20:26.056348,7.5,False,0,unknown
2026-02-10T15:20:29.063104,7.5,False,0,unknown
2026-02-10T15:20:32.067361,7.5,False,0,unknown
2026-02-10T15:20:35.062711,7.5,False,0,unknown
2026-02-10T15:20:38.070658,7.5,False,0,unknown
2026-02-10T15:20:41.079112,7.5,False,0,unknown
2026-02-10T15:20:44.076383,7.5,False,0,unknown
2026-02-10T15:20:47.103400,7.5,False,0,unknown
2026-02-10T15:20:50.091609,7.5,False,0,unknown
2026-02-10T15:20:53.085993,7.5,False,0,unknown
2026-02-10T15:20:56.084831,7.5,False,0,unknown
2026-02-10T15:20:59.090624,7.5,False,0,unknown
2026-02-10T15:21:02.093956,7.5,False,0,unknown
2026-02-10T15:21:05.097420,7.5,False,0,unknown
2026-02-10T15:21:08.110944,7.5,False,0,unknown
2026-02-10T15:21:11.100793,7.5,False,0,unknown
2026-02-10T15:21:14.106658,7.5,False,0,unknown
2026-02-10T15:21:17.111474,8.3,False,0,unknown
2026-02-10T15:21:20.113475,10.8,False,0,unknown
2026-02-10T15:21:23.117442,10.8,False,0,unknown
2026-02-10T15:21:26.117180,11.7,False,0,unknown
2026-02-10T15:21:29.129652,11.7,False,0,unknown
2026-02-10T15:21:32.122593,11.7,False,0,unknown
2026-02-10T15:21:35.155297,11.7,False,0,unknown
2026-02-10T15:21:38.134585,11.7,False,0,unknown
2026-02-10T15:21:41.135491,8.3,False,0,unknown
2026-02-10T15:21:44.166662,7.5,False,0,unknown
2026-02-10T15:21:47.143315,7.5,False,0,unknown
2026-02-10T15:21:50.146849,7.5,False,0,unknown
2026-02-10T15:21:53.168801,7.5,False,0,unknown
2026-02-10T15:21:56.174174,7.5,False,0,unknown
2026-02-10T15:21:59.171392,8.3,False,0,unknown
2026-02-10T15:22:02.156319,8.3,False,0,unknown
2026-02-10T15:22:05.163621,8.3,False,0,unknown
2026-02-10T15:22:09.326843,8.3,False,0,unknown
2026-02-10T15:22:11.190516,8.3,False,0,unknown
2026-02-10T15:22:14.193860,8.3,False,0,unknown
2026-02-10T15:22:17.177484,8.3,False,0,unknown
2026-02-10T15:22:20.176783,8.3,False,0,unknown
2026-02-10T15:22:23.276068,8.3,False,0,unknown
2026-02-10T15:22:26.184543,8.3,False,0,unknown
2026-02-10T15:22:29.190412,8.3,False,0,unknown
2026-02-10T15:22:32.285374,8.3,False,0,unknown
2026-02-10T15:22:35.191374,8.3,False,0,unknown
2026-02-10T15:22:38.196129,8.3,False,0,unknown
2026-02-10T15:22:41.198465,8.3,False,0,unknown
2026-02-10T15:22:44.265537,8.3,False,0,unknown
2026-02-10T15:22:47.205412,8.3,False,0,unknown
2026-02-10T15:22:50.211735,8.3,False,0,unknown
2026-02-10T15:22:53.279050,9.2,False,0,unknown
2026-02-10T15:22:56.214802,9.2,False,0,unknown
2026-02-10T15:22:59.321199,9.2,False,0,unknown
2026-02-10T15:23:02.218808,9.2,False,0,unknown
2026-02-10T15:23:05.221683,9.2,False,0,unknown
2026-02-10T15:23:08.235151,9.2,False,0,unknown
2026-02-10T15:23:11.227800,9.2,False,0,unknown
2026-02-10T15:23:14.235969,9.2,False,0,unknown
2026-02-10T15:23:17.239808,9.2,False,0,unknown
2026-02-10T15:23:20.238687,9.2,False,0,unknown
2026-02-10T15:23:23.240397,9.2,False,0,unknown
2026-02-10T15:23:26.251028,9.2,False,0,unknown
2026-02-10T15:23:29.326089,9.2,False,0,unknown
2026-02-10T15:23:32.295397,9.2,False,0,unknown
2026-02-10T15:23:35.253591,9.2,False,0,unknown
2026-02-10T15:23:38.256357,9.2,False,0,unknown
2026-02-10T15:23:41.260285,9.2,False,0,unknown
2026-02-10T15:23:45.338095,9.2,False,0,unknown
2026-02-10T15:23:47.270799,9.2,False,0,unknown
2026-02-10T15:23:50.272586,9.2,False,0,unknown
2026-02-10T15:23:53.285383,9.2,False,0,unknown
2026-02-10T15:23:56.275916,9.2,False,0,unknown
2026-02-10T15:23:59.277298,9.2,False,0,unknown
2026-02-10T15:24:02.281211,9.2,False,0,unknown
2026-02-10T15:24:05.283931,9.2,False,0,unknown
2026-02-10T15:24:08.303361,9.2,False,0,unknown
2026-02-10T15:24:11.292777,10,False,0,unknown
2026-02-10T15:24:14.384739,10,False,0,unknown
2026-02-10T15:24:17.296345,10,False,0,unknown
2026-02-10T15:24:20.303811,10,False,0,unknown
2026-02-10T15:24:23.304992,10,False,0,unknown
2026-02-10T15:24:26.307527,10,False,0,unknown
2026-02-10T15:24:29.332472,10,False,0,unknown
2026-02-10T15:24:32.311992,10,False,0,unknown
2026-02-10T15:24:35.319167,10,False,0,unknown
2026-02-10T15:24:38.320772,10,False,0,unknown
2026-02-10T15:24:41.321670,10,False,0,unknown
2026-02-10T15:24:44.324380,10,False,0,unknown
2026-02-10T15:24:47.327444,10,False,0,unknown
2026-02-10T15:24:50.333583,10,False,0,unknown
2026-02-10T15:24:53.341719,10,False,0,unknown
2026-02-10T15:24:56.337684,10,False,0,unknown
2026-02-10T15:24:59.337195,10,False,0,unknown
2026-02-10T15:25:02.349176,10,False,0,unknown
2026-02-10T15:25:05.350522,10,False,0,unknown
2026-02-10T15:25:08.452276,10,False,0,unknown
2026-02-10T15:25:11.364251,10,False,0,unknown
2026-02-10T15:25:14.357679,10,False,0,unknown
2026-02-10T15:25:17.358457,10,False,0,unknown
2026-02-10T15:25:20.362956,10,False,0,unknown
2026-02-10T15:25:23.368536,10,False,0,unknown
2026-02-10T15:25:26.372364,10,False,0,unknown
2026-02-10T15:25:29.372102,10,False,0,unknown
2026-02-10T15:25:32.531043,10,False,0,unknown
2026-02-10T15:25:35.384192,10,False,0,unknown
2026-02-10T15:25:38.380882,10,False,0,unknown
2026-02-10T15:25:41.384889,10,False,0,unknown
2026-02-10T15:25:44.492319,10,False,0,unknown
2026-02-10T15:25:47.392773,10,False,0,unknown
2026-02-10T15:25:50.394829,10,False,0,unknown
2026-02-10T15:25:53.506511,10,False,0,unknown
2026-02-10T15:25:56.399496,10,False,0,unknown
2026-02-10T15:25:59.503100,10,False,0,unknown
2026-02-10T15:26:02.439554,10,False,0,unknown
2026-02-10T15:26:05.412474,10,False,0,unknown
2026-02-10T15:26:08.415073,10,False,0,unknown
2026-02-10T15:26:11.415110,10,False,0,unknown
2026-02-10T15:26:14.418574,10,False,0,unknown
2026-02-10T15:26:17.450656,10,False,0,unknown
2026-02-10T15:26:20.426456,10,False,0,unknown
2026-02-10T15:26:23.453172,10,False,0,unknown
2026-02-10T15:26:26.429203,10,False,0,unknown
2026-02-10T15:26:29.437500,10,False,0,unknown
2026-02-10T15:26:32.435630,10,False,0,unknown
2026-02-10T15:26:35.444582,10,False,0,unknown
2026-02-10T15:26:38.463474,10,False,0,unknown
2026-02-10T15:26:41.448039,10,False,0,unknown
2026-02-10T15:26:44.502762,10,False,0,unknown
2026-02-10T15:26:47.579957,10,False,0,unknown
2026-02-10T15:26:50.458607,10,False,0,unknown
2026-02-10T15:26:53.530476,10,False,0,unknown
2026-02-10T15:26:56.463507,10,False,0,unknown
2026-02-10T15:26:59.556312,10,False,0,unknown
2026-02-10T15:27:02.470225,9.2,False,0,unknown
2026-02-10T15:27:05.471746,9.2,False,0,unknown
2026-02-10T15:27:08.474813,9.2,False,0,unknown
2026-02-10T15:27:11.482692,9.2,False,0,unknown
2026-02-10T15:27:14.518133,9.2,False,0,unknown
2026-02-10T15:27:17.490661,9.2,False,0,unknown
2026-02-10T15:27:20.487165,9.2,False,0,unknown
2026-02-10T15:27:23.493626,9.2,False,0,unknown
2026-02-10T15:27:26.520032,9.2,False,0,unknown
2026-02-10T15:27:29.763117,9.2,False,0,unknown
2026-02-10T15:27:32.505973,9.2,False,0,unknown
2026-02-10T15:27:35.501843,9.2,False,0,unknown
2026-02-10T15:27:38.508647,9.2,False,0,unknown
2026-02-10T15:27:41.528013,9.2,False,0,unknown
2026-02-10T15:27:44.517002,9.2,False,0,unknown
2026-02-10T15:27:47.517764,9.2,False,0,unknown
2026-02-10T15:27:50.530638,9.2,False,0,unknown
2026-02-10T15:27:53.567228,9.2,False,0,unknown
2026-02-10T15:27:56.627983,8.3,False,0,unknown
2026-02-10T15:27:59.524397,8.3,False,0,unknown
2026-02-10T15:28:02.570567,8.3,False,0,unknown
2026-02-10T15:28:05.544055,8.3,False,0,unknown
2026-02-10T15:28:08.537536,8.3,False,0,unknown
2026-02-10T15:28:11.561728,8.3,False,0,unknown
2026-02-10T15:28:14.794351,8.3,False,0,unknown
2026-02-10T15:28:17.547934,8.3,False,0,unknown
2026-02-10T15:28:20.568099,8.3,False,0,unknown
2026-02-10T15:28:23.565544,8.3,False,0,unknown
2026-02-10T15:28:26.551962,8.3,False,0,unknown
2026-02-10T15:28:29.566583,8.3,False,0,unknown
2026-02-10T15:28:32.562038,8.3,False,0,unknown
2026-02-10T15:28:35.591532,8.3,False,0,unknown
2026-02-10T15:28:38.572925,8.3,False,0,unknown
2026-02-10T15:28:41.660800,7.5,False,0,unknown
2026-02-10T15:28:44.590830,7.5,False,0,unknown
2026-02-10T15:28:47.699676,7.5,False,0,unknown
2026-02-10T15:28:50.606085,7.5,False,0,unknown
2026-02-10T15:28:53.583425,7.5,False,0,unknown
2026-02-10T15:28:56.583062,7.5,False,0,unknown
2026-02-10T15:28:59.707296,7.5,False,0,unknown
2026-02-10T15:29:02.619124,7.5,False,0,unknown
2026-02-10T15:29:05.615868,7.5,False,0,unknown
2026-02-10T15:29:08.626749,7.5,False,0,unknown
2026-02-10T15:29:11.628308,7.5,False,0,unknown
2026-02-10T15:29:14.640830,7.5,False,0,unknown
2026-02-10T15:29:17.606450,7.5,False,0,unknown
2026-02-10T15:29:20.608458,7.5,False,0,unknown
2026-02-10T15:29:23.613822,6.7,False,0,unknown
2026-02-10T15:29:26.618565,6.7,False,0,unknown
2026-02-10T15:29:29.618715,6.7,False,0,unknown
2026-02-10T15:29:32.623752,6.7,False,0,unknown
2026-02-10T15:29:35.656278,10,False,0,unknown
2026-02-10T15:29:38.626833,10,False,0,unknown
2026-02-10T15:29:41.815466,10,False,0,unknown
2026-02-10T15:29:44.659857,6.7,False,0,unknown
2026-02-10T15:29:47.650778,6.7,False,0,unknown
2026-02-10T15:29:50.644656,6.7,False,0,unknown
2026-02-10T15:29:53.645210,6.7,False,0,unknown
2026-02-10T15:29:56.646560,10,False,0,unknown
2026-02-10T15:29:59.683429,10,False,0,unknown
2026-02-10T15:30:02.664238,10,False,0,unknown
2026-02-10T15:30:05.677118,10,False,0,unknown
2026-02-10T15:30:08.679998,10,False,0,unknown
2026-02-10T15:30:11.686193,10,False,0,unknown
2026-02-10T15:30:14.966467,5.8,False,0,unknown
2026-02-10T15:30:17.666709,5.8,False,0,unknown
2026-02-10T15:30:20.691342,5.8,False,0,unknown
2026-02-10T15:30:23.699789,5.8,False,0,unknown
2026-02-10T15:30:26.675840,5.8,False,0,unknown
2026-02-10T15:30:29.691124,5.8,False,0,unknown
2026-02-10T15:30:32.709418,5.8,False,0,unknown
2026-02-10T15:30:35.699524,5.8,False,0,unknown
2026-02-10T15:30:38.691752,5.8,False,0,unknown
2026-02-10T15:30:41.712277,5.8,False,0,unknown
2026-02-10T15:30:44.814096,5.8,False,0,unknown
2026-02-10T15:30:47.698685,5.8,False,0,unknown
2026-02-10T15:30:50.701545,5.8,False,0,unknown
2026-02-10T15:30:53.751289,5.8,False,0,unknown
2026-02-10T15:30:56.709050,5.8,False,0,unknown
2026-02-10T15:30:59.713564,5.8,False,0,unknown
2026-02-10T15:31:02.715877,5.8,False,0,unknown
2026-02-10T15:31:05.726841,5.8,False,0,unknown
2026-02-10T15:31:08.994157,5.8,False,0,unknown
2026-02-10T15:31:11.733157,5.8,False,0,unknown
2026-02-10T15:31:14.728896,5.8,False,0,unknown
2026-02-10T15:31:17.731967,5.8,False,0,unknown
2026-02-10T15:31:20.733459,5.8,False,0,unknown
2026-02-10T15:31:24.012505,5.8,False,0,unknown
2026-02-10T15:31:26.739390,5.8,False,0,unknown
2026-02-10T15:31:29.741804,5.8,False,0,unknown
2026-02-10T15:31:32.745207,5.8,False,0,unknown
2026-02-10T15:31:35.748073,5.8,False,0,unknown
2026-02-10T15:31:38.752513,5.8,False,0,unknown
2026-02-10T15:31:41.760853,5.8,False,0,unknown
2026-02-10T15:31:44.762450,5.8,False,0,unknown
2026-02-10T15:31:47.760700,5.8,False,0,unknown
2026-02-10T15:31:50.765606,5.8,False,0,unknown
2026-02-10T15:31:53.767380,5.8,False,0,unknown
2026-02-10T15:31:57.075651,5.8,False,0,unknown
2026-02-10T15:31:59.774664,5.8,False,0,unknown
2026-02-10T15:32:02.779911,5.8,False,0,unknown
2026-02-10T15:32:05.782340,5.8,False,0,unknown
2026-02-10T15:32:08.852038,5.8,False,0,unknown
2026-02-10T15:32:11.788010,5.8,False,0,unknown
2026-02-10T15:32:14.822468,5.8,False,0,unknown
2026-02-10T15:32:17.810748,5.8,False,0,unknown
2026-02-10T15:32:20.803639,5.8,False,0,unknown
2026-02-10T15:32:23.798162,5.8,False,0,unknown
2026-02-10T15:32:26.803052,5.8,False,0,unknown
2026-02-10T15:32:29.812194,5.8,False,0,unknown
2026-02-10T15:32:32.812302,5.8,False,0,unknown
2026-02-10T15:32:35.811378,5.8,False,0,unknown
2026-02-10T15:32:38.842162,5.8,False,0,unknown
2026-02-10T15:32:41.871324,5.8,False,0,unknown
2026-02-10T15:32:44.820564,5.8,False,0,unknown
2026-02-10T15:32:47.831232,5.8,False,0,unknown
2026-02-10T15:32:50.890367,5.8,False,0,unknown
2026-02-10T15:32:53.928883,5.8,False,0,unknown
2026-02-10T15:32:56.863951,5.8,False,0,unknown
2026-02-10T15:32:59.871009,5.8,False,0,unknown
2026-02-10T15:33:02.888856,5.8,False,0,unknown
2026-02-10T15:33:05.933615,5.8,False,0,unknown
2026-02-10T15:33:10.667660,5.8,False,0,unknown
2026-02-10T15:33:11.866496,6.7,False,0,unknown
2026-02-10T15:33:14.856348,6.7,False,0,unknown
2026-02-10T15:33:17.955764,6.7,False,0,unknown
2026-02-10T15:33:20.876566,6.7,False,0,unknown
2026-02-10T15:33:23.867919,6.7,False,0,unknown
2026-02-10T15:33:26.868377,6.7,False,0,unknown
2026-02-10T15:33:29.869196,6.7,False,0,unknown
2026-02-10T15:33:32.870935,6.7,False,0,unknown
2026-02-10T15:33:35.876017,6.7,False,0,unknown
2026-02-10T15:33:38.879622,6.7,False,0,unknown
2026-02-10T15:33:41.896096,6.7,False,0,unknown
2026-02-10T15:33:44.882852,6.7,False,0,unknown
2026-02-10T15:33:47.888631,6.7,False,0,unknown
2026-02-10T15:33:50.889017,6.7,False,0,unknown
2026-02-10T15:33:53.893802,6.7,False,0,unknown
2026-02-10T15:33:56.901467,6.7,False,0,unknown
2026-02-10T15:33:59.899683,6.7,False,0,unknown
2026-02-10T15:34:02.910876,6.7,False,0,unknown
2026-02-10T15:34:06.142919,6.7,False,0,unknown
2026-02-10T15:34:08.922557,6.7,False,0,unknown
2026-02-10T15:34:11.935290,6.7,False,0,unknown
2026-02-10T15:34:14.916755,6.7,False,0,unknown
2026-02-10T15:34:17.918519,6.7,False,0,unknown
2026-02-10T15:34:20.922824,6.7,False,0,unknown
2026-02-10T15:34:23.927224,6.7,False,0,unknown
2026-02-10T15:34:26.932049,6.7,False,0,unknown
2026-02-10T15:34:29.934331,6.7,False,0,unknown
2026-02-10T15:34:32.943817,6.7,False,0,unknown
2026-02-10T15:34:35.958801,6.7,False,0,unknown
2026-02-10T15:34:38.965453,6.7,False,0,unknown
2026-02-10T15:34:41.947302,6.7,False,0,unknown
2026-02-10T15:34:44.952556,6.7,False,0,unknown
2026-02-10T15:34:48.260686,6.7,False,0,unknown
2026-02-10T15:34:50.956130,6.7,False,0,unknown
2026-02-10T15:34:53.957142,6.7,False,0,unknown
2026-02-10T15:34:56.969122,6.7,False,0,unknown
2026-02-10T15:35:00.003760,6.7,False,0,unknown
2026-02-10T15:35:02.970167,7.5,False,0,unknown
2026-02-10T15:35:06.021984,7.5,False,0,unknown
2026-02-10T15:35:08.992257,6.7,False,0,unknown
2026-02-10T15:35:11.999240,7.5,False,0,unknown
2026-02-10T15:35:14.998563,7.5,False,0,unknown
2026-02-10T15:35:17.997519,7.5,False,0,unknown
2026-02-10T15:35:21.024297,7.5,False,0,unknown
2026-02-10T15:35:24.021873,7.5,False,0,unknown
2026-02-10T15:35:27.004217,7.5,False,0,unknown
2026-02-10T15:35:30.001066,7.5,False,0,unknown
2026-02-10T15:35:33.014299,7.5,False,0,unknown
2026-02-10T15:35:36.029861,7.5,False,0,unknown
2026-02-10T15:35:39.007026,103.3,False,0,unknown
2026-02-10T15:35:42.045553,7.5,False,0,unknown
2026-02-10T15:35:45.028032,7.5,False,0,unknown
2026-02-10T15:35:52.400044,865,False,0,unknown
2026-02-10T15:35:52.416257,677.5,False,0,unknown
2026-02-10T15:35:54.031905,720.8,False,0,unknown
2026-02-10T15:35:57.072552,435,False,0,unknown
2026-02-10T15:36:00.025952,7.5,False,0,unknown
2026-02-10T15:36:03.106877,7.5,False,0,unknown
2026-02-10T15:36:07.671076,7.5,False,0,unknown
2026-02-10T15:36:09.501455,7.5,False,0,unknown
2026-02-10T15:36:26.416360,7.5,False,0,unknown
2026-02-10T15:36:26.456491,7.5,False,0,unknown
2026-02-10T15:36:26.456632,7.5,False,0,unknown
2026-02-10T15:36:26.456700,7.5,False,0,unknown
2026-02-10T15:36:26.456760,7.5,False,0,unknown
2026-02-10T15:36:27.055517,7.5,False,0,unknown
2026-02-10T15:36:30.210890,7.5,False,0,unknown
2026-02-10T15:36:33.140733,7.5,False,0,unknown
2026-02-10T15:36:36.064864,7.5,False,0,unknown
2026-02-10T15:36:39.059676,7.5,False,0,unknown
2026-02-10T15:36:42.072703,7.5,False,0,unknown
2026-02-10T15:36:45.065941,7.5,False,0,unknown
2026-02-10T15:36:48.071998,8.3,False,0,unknown
2026-02-10T15:36:51.075620,8.3,False,0,unknown
2026-02-10T15:36:54.108822,8.3,False,0,unknown
2026-02-10T15:36:57.120399,8.3,False,0,unknown
2026-02-10T15:37:00.095241,8.3,False,0,unknown
2026-02-10T15:37:03.105580,8.3,False,0,unknown
2026-02-10T15:37:06.100702,8.3,False,0,unknown
2026-02-10T15:37:09.112304,8.3,False,0,unknown
2026-02-10T15:37:12.109066,8.3,False,0,unknown
2026-02-10T15:37:15.107515,8.3,False,0,unknown
2026-02-10T15:37:18.122612,8.3,False,0,unknown
2026-02-10T15:37:21.105362,8.3,False,0,unknown
2026-02-10T15:37:24.113708,8.3,False,0,unknown
2026-02-10T15:37:27.127014,10,False,0,unknown
2026-02-10T15:37:30.118172,10,False,0,unknown
2026-02-10T15:37:33.136790,10,False,0,unknown
2026-02-10T15:37:36.121912,8.3,False,0,unknown
2026-02-10T15:37:39.131485,8.3,False,0,unknown
2026-02-10T15:37:42.178496,8.3,False,0,unknown
2026-02-10T15:37:45.139610,9.2,False,0,unknown
2026-02-10T15:37:48.164227,12.5,False,0,unknown
2026-02-10T15:37:51.143462,12.5,False,0,unknown
2026-02-10T15:37:54.146846,12.5,False,0,unknown
2026-02-10T15:37:57.145333,12.5,False,0,unknown
2026-02-10T15:38:04.401787,12.5,False,0,unknown
2026-02-10T15:38:04.423854,12.5,False,0,unknown
2026-02-10T15:38:06.148327,12.5,False,0,unknown
2026-02-10T15:38:09.245910,12.5,False,0,unknown
2026-02-10T15:38:12.297552,12.5,False,0,unknown
2026-02-10T15:38:15.164306,8.3,False,0,unknown
2026-02-10T15:38:18.196473,8.3,False,0,unknown
2026-02-10T15:38:21.177109,8.3,False,0,unknown
2026-02-10T15:38:24.174103,8.3,False,0,unknown
2026-02-10T15:38:27.170582,8.3,False,0,unknown
2026-02-10T15:38:30.173876,8.3,False,0,unknown
2026-02-10T15:38:33.191593,8.3,False,0,unknown
2026-02-10T15:38:36.182984,8.3,False,0,unknown
2026-02-10T15:38:39.208465,8.3,False,0,unknown
2026-02-10T15:38:42.192266,9.2,False,0,unknown
2026-02-10T15:38:45.190712,9.2,False,0,unknown
2026-02-10T15:38:48.218949,9.2,False,0,unknown
2026-02-10T15:38:51.196370,9.2,False,0,unknown
2026-02-10T15:38:54.211121,9.2,False,0,unknown
2026-02-10T15:38:57.207742,9.2,False,0,unknown
2026-02-10T15:39:00.219813,9.2,False,0,unknown
2026-02-10T15:39:03.209532,9.2,False,0,unknown
2026-02-10T15:39:06.243624,9.2,False,0,unknown
2026-02-10T15:39:09.213531,9.2,False,0,unknown
2026-02-10T15:39:12.221181,9.2,False,0,unknown
2026-02-10T15:39:15.221014,9.2,False,0,unknown
2026-02-10T15:39:18.252460,9.2,False,0,unknown
2026-02-10T15:39:21.225703,9.2,False,0,unknown
2026-02-10T15:39:24.237123,9.2,False,0,unknown
2026-02-10T15:39:27.408171,9.2,False,0,unknown
2026-02-10T15:39:30.235653,9.2,False,0,unknown
2026-02-10T15:39:33.240542,9.2,False,0,unknown
2026-02-10T15:39:36.241116,9.2,False,0,unknown
2026-02-10T15:39:39.261280,9.2,False,0,unknown
2026-02-10T15:39:42.255759,9.2,False,0,unknown
2026-02-10T15:39:45.247129,9.2,False,0,unknown
2026-02-10T15:39:48.254036,9.2,False,0,unknown
2026-02-10T15:39:51.274488,9.2,False,0,unknown
2026-02-10T15:39:54.258311,9.2,False,0,unknown
2026-02-10T15:39:57.260173,9.2,False,0,unknown
2026-02-10T15:40:00.276849,9.2,False,0,unknown
2026-02-10T15:40:03.277134,9.2,False,0,unknown
2026-02-10T15:40:06.291641,9.2,False,0,unknown
2026-02-10T15:40:09.284440,9.2,False,0,unknown
2026-02-10T15:40:12.290841,9.2,False,0,unknown
2026-02-10T15:40:15.303224,9.2,False,0,unknown
2026-02-10T15:40:18.315231,9.2,False,0,unknown
2026-02-10T15:40:21.309273,9.2,False,0,unknown
2026-02-10T15:40:24.311920,9.2,False,0,unknown
2026-02-10T15:40:27.317401,9.2,False,0,unknown
2026-02-10T15:40:30.290504,9.2,False,0,unknown
2026-02-10T15:40:33.291644,9.2,False,0,unknown
2026-02-10T15:40:36.298697,9.2,False,0,unknown
2026-02-10T15:40:39.306251,9.2,False,0,unknown
2026-02-10T15:40:42.305697,9.2,False,0,unknown
2026-02-10T15:40:45.324573,9.2,False,0,unknown
2026-02-10T15:40:48.307603,9.2,False,0,unknown
2026-02-10T15:40:51.338904,9.2,False,0,unknown
2026-02-10T15:40:54.314527,9.2,False,0,unknown
2026-02-10T15:40:57.316457,9.2,False,0,unknown
2026-02-10T15:41:00.330695,9.2,False,0,unknown
2026-02-10T15:41:03.321550,9.2,False,0,unknown
2026-02-10T15:41:06.324456,9.2,False,0,unknown
2026-02-10T15:41:09.332469,9.2,False,0,unknown
2026-02-10T15:41:12.327480,9.2,False,0,unknown
2026-02-10T15:41:15.390223,9.2,False,0,unknown
2026-02-10T15:41:18.364364,9.2,False,0,unknown
2026-02-10T15:41:21.344318,9.2,False,0,unknown
2026-02-10T15:41:24.372498,9.2,False,0,unknown
2026-02-10T15:41:27.357635,9.2,False,0,unknown
2026-02-10T15:41:30.353176,9.2,False,0,unknown
2026-02-10T15:41:33.347087,9.2,False,0,unknown
2026-02-10T15:41:36.352256,9.2,False,0,unknown
2026-02-10T15:41:39.356999,9.2,False,0,unknown
2026-02-10T15:41:42.357746,9.2,False,0,unknown
2026-02-10T15:41:45.370684,9.2,False,0,unknown
2026-02-10T15:41:48.425482,9.2,False,0,unknown
2026-02-10T15:42:05.481000,9.2,False,0,unknown
2026-02-10T15:42:05.481342,9.2,False,0,unknown
2026-02-10T15:42:05.481923,9.2,False,0,unknown
2026-02-10T15:42:05.482116,9.2,False,0,unknown
2026-02-10T15:42:05.482236,9.2,False,0,unknown
2026-02-10T15:42:06.432086,9.2,False,0,unknown
2026-02-10T15:42:09.444226,9.2,False,0,unknown
2026-02-10T15:42:12.411464,9.2,False,0,unknown
2026-02-10T15:42:15.383755,9.2,False,0,unknown
2026-02-10T15:42:18.393479,9.2,False,0,unknown
2026-02-10T15:42:21.389364,9.2,False,0,unknown
2026-02-10T15:42:24.392546,9.2,False,0,unknown
2026-02-10T15:42:27.395195,9.2,False,0,unknown
2026-02-10T15:42:30.401170,9.2,False,0,unknown
2026-02-10T15:42:35.471656,9.2,False,0,unknown
2026-02-10T15:42:36.410129,9.2,False,0,unknown
2026-02-10T15:42:39.439157,9.2,False,0,unknown
2026-02-10T15:42:42.410048,9.2,False,0,unknown
2026-02-10T15:42:47.405508,9.2,False,0,unknown
2026-02-10T15:42:48.412907,9.2,False,0,unknown
2026-02-10T15:42:51.425609,9.2,False,0,unknown
2026-02-10T15:42:54.479516,9.2,False,0,unknown
2026-02-10T15:42:57.455025,9.2,False,0,unknown
2026-02-10T15:43:01.943250,9.2,False,0,unknown
2026-02-10T15:43:03.461038,9.2,False,0,unknown
2026-02-10T15:43:06.454833,9.2,False,0,unknown
2026-02-10T15:43:09.677840,9.2,False,0,unknown
2026-02-10T15:43:12.473557,9.2,False,0,unknown
2026-02-10T15:43:15.462365,9.2,False,0,unknown
2026-02-10T15:43:18.474282,9.2,False,0,unknown
2026-02-10T15:43:21.447241,9.2,False,0,unknown
2026-02-10T15:43:24.450692,9.2,False,0,unknown
2026-02-10T15:43:27.491965,9.2,False,0,unknown
2026-02-10T15:43:30.494296,9.2,False,0,unknown
2026-02-10T15:43:33.494413,9.2,False,0,unknown
2026-02-10T15:43:36.490403,9.2,False,0,unknown
2026-02-10T15:43:39.471511,9.2,False,0,unknown
2026-02-10T15:43:42.493335,9.2,False,0,unknown
2026-02-10T15:43:45.494268,9.2,False,0,unknown
2026-02-10T15:43:48.476213,8.3,False,0,unknown
2026-02-10T15:43:51.483766,9.2,False,0,unknown
2026-02-10T15:43:54.485661,9.2,False,0,unknown
2026-02-10T15:43:57.477730,8.3,False,0,unknown
2026-02-10T15:44:00.490035,8.3,False,0,unknown
2026-02-10T15:44:03.486558,8.3,False,0,unknown
2026-02-10T15:44:06.491963,8.3,False,0,unknown
2026-02-10T15:44:09.495220,8.3,False,0,unknown
2026-02-10T15:44:12.494116,8.3,False,0,unknown
2026-02-10T15:44:15.557693,8.3,False,0,unknown
2026-02-10T15:44:18.676732,8.3,False,0,unknown
2026-02-10T15:44:21.522774,8.3,False,0,unknown
2026-02-10T15:44:24.552277,8.3,False,0,unknown
2026-02-10T15:44:27.574052,8.3,False,0,unknown
2026-02-10T15:44:30.547380,8.3,False,0,unknown
2026-02-10T15:44:33.516139,8.3,False,0,unknown
2026-02-10T15:44:36.534320,8.3,False,0,unknown
2026-02-10T15:44:39.522785,8.3,False,0,unknown
2026-02-10T15:44:42.525154,8.3,False,0,unknown
2026-02-10T15:44:45.547831,8.3,False,0,unknown
2026-02-10T15:44:48.536346,8.3,False,0,unknown
2026-02-10T15:44:51.578446,8.3,False,0,unknown
2026-02-10T15:44:54.558194,8.3,False,0,unknown
2026-02-10T15:44:57.568368,8.3,False,0,unknown
2026-02-10T15:45:00.564563,8.3,False,0,unknown
2026-02-10T15:45:03.599610,8.3,False,0,unknown
2026-02-10T15:45:06.544281,8.3,False,0,unknown
2026-02-10T15:45:09.546271,8.3,False,0,unknown
2026-02-10T15:45:12.565900,8.3,False,0,unknown
2026-02-10T15:45:15.575245,8.3,False,0,unknown
2026-02-10T15:45:18.568623,8.3,False,0,unknown
2026-02-10T15:45:21.580122,8.3,False,0,unknown
2026-02-10T15:45:24.560516,8.3,False,0,unknown
2026-02-10T15:45:27.563151,8.3,False,0,unknown
2026-02-10T15:45:30.569535,8.3,False,0,unknown
2026-02-10T15:45:33.571471,8.3,False,0,unknown
2026-02-10T15:45:36.578002,8.3,False,0,unknown
2026-02-10T15:45:39.591783,9.2,False,0,unknown
2026-02-10T15:45:42.579520,9.2,False,0,unknown
2026-02-10T15:45:46.080433,9.2,False,0,unknown
2026-02-10T15:45:48.582871,9.2,False,0,unknown
2026-02-10T15:45:51.586023,9.2,False,0,unknown
2026-02-10T15:45:54.723302,9.2,False,0,unknown
2026-02-10T15:45:57.598878,9.2,False,0,unknown
2026-02-10T15:46:00.594097,9.2,False,0,unknown
2026-02-10T15:46:03.621613,9.2,False,0,unknown
2026-02-10T15:46:06.609671,9.2,False,0,unknown
2026-02-10T15:46:09.786097,9.2,False,0,unknown
2026-02-10T15:46:12.612828,9.2,False,0,unknown
2026-02-10T15:46:15.611435,9.2,False,0,unknown
2026-02-10T15:46:18.617783,9.2,False,0,unknown
2026-02-10T15:46:21.647445,9.2,False,0,unknown
2026-02-10T15:46:24.638851,9.2,False,0,unknown
2026-02-10T15:46:27.658425,9.2,False,0,unknown
2026-02-10T15:46:30.632867,9.2,False,0,unknown
2026-02-10T15:46:33.651439,9.2,False,0,unknown
2026-02-10T15:46:36.662332,9.2,False,0,unknown
2026-02-10T15:46:39.639970,9.2,False,0,unknown
2026-02-10T15:46:42.657294,9.2,False,0,unknown
2026-02-10T15:46:45.678008,9.2,False,0,unknown
2026-02-10T15:46:48.670649,9.2,False,0,unknown
2026-02-10T15:46:51.663890,9.2,False,0,unknown
2026-02-10T15:46:54.694539,9.2,False,0,unknown
2026-02-10T15:46:57.663579,9.2,False,0,unknown
2026-02-10T15:47:00.682435,9.2,False,0,unknown
2026-02-10T15:47:03.688628,9.2,False,0,unknown
2026-02-10T15:47:06.662744,9.2,False,0,unknown
2026-02-10T15:47:09.663013,9.2,False,0,unknown
2026-02-10T15:47:12.676286,9.2,False,0,unknown
2026-02-10T15:47:15.684901,9.2,False,0,unknown
2026-02-10T15:47:18.679874,9.2,False,0,unknown
2026-02-10T15:47:21.681491,9.2,False,0,unknown
2026-02-10T15:47:24.692534,9.2,False,0,unknown
2026-02-10T15:47:27.711357,9.2,False,0,unknown
2026-02-10T15:47:30.713597,9.2,False,0,unknown
2026-02-10T15:47:33.685287,9.2,False,0,unknown
2026-02-10T15:47:36.695457,9.2,False,0,unknown
2026-02-10T15:47:39.717371,9.2,False,0,unknown
2026-02-10T15:47:42.731401,9.2,False,0,unknown
2026-02-10T15:47:45.890604,9.2,False,0,unknown
2026-02-10T15:47:48.733872,9.2,False,0,unknown
2026-02-10T15:47:51.733518,9.2,False,0,unknown
2026-02-10T15:47:54.738032,9.2,False,0,unknown
2026-02-10T15:47:57.752635,9.2,False,0,unknown
2026-02-10T15:48:06.601794,9.2,False,0,unknown
2026-02-10T15:48:06.602310,9.2,False,0,unknown
2026-02-10T15:48:09.444745,9.2,False,0,unknown
2026-02-10T15:48:09.752247,9.2,False,0,unknown
2026-02-10T15:48:12.740288,9.2,False,0,unknown
2026-02-10T15:48:15.737149,9.2,False,0,unknown
2026-02-10T15:48:18.740392,9.2,False,0,unknown
2026-02-10T15:48:21.737618,9.2,False,0,unknown
2026-02-10T15:48:24.741231,9.2,False,0,unknown
2026-02-10T15:48:27.746748,9.2,False,0,unknown
2026-02-10T15:48:31.168346,9.2,False,0,unknown
2026-02-10T15:48:33.758428,9.2,False,0,unknown
2026-02-10T15:48:36.821642,9.2,False,0,unknown
2026-02-10T15:48:39.754295,9.2,False,0,unknown
2026-02-10T15:48:43.051941,9.2,False,0,unknown
2026-02-10T15:48:45.770188,9.2,False,0,unknown
2026-02-10T15:48:48.763375,9.2,False,0,unknown
2026-02-10T15:48:51.773438,9.2,False,0,unknown
2026-02-10T15:48:54.769919,10,False,0,unknown
2026-02-10T15:48:57.776789,10,False,0,unknown
2026-02-10T15:49:00.785855,10,False,0,unknown
2026-02-10T15:49:03.783067,10,False,0,unknown
2026-02-10T15:49:06.783825,10,False,0,unknown
2026-02-10T15:49:09.839165,10,False,0,unknown
2026-02-10T15:49:12.803751,10,False,0,unknown
2026-02-10T15:49:15.981366,10,False,0,unknown
2026-02-10T15:49:18.820552,10,False,0,unknown
2026-02-10T15:49:21.807052,10,False,0,unknown
2026-02-10T15:49:24.799764,10,False,0,unknown
2026-02-10T15:49:27.805672,10,False,0,unknown
2026-02-10T15:49:30.822320,10,False,0,unknown
2026-02-10T15:49:34.111963,10,False,0,unknown
2026-02-10T15:49:36.810774,10,False,0,unknown
2026-02-10T15:49:39.836629,10,False,0,unknown
2026-02-10T15:49:42.819994,10,False,0,unknown
2026-02-10T15:49:45.855372,10,False,0,unknown
2026-02-10T15:49:48.892480,10,False,0,unknown
2026-02-10T15:49:53.917294,10,False,0,unknown
2026-02-10T15:49:54.829764,10,False,0,unknown
2026-02-10T15:49:57.838718,10,False,0,unknown
2026-02-10T15:50:00.894667,10,False,0,unknown
2026-02-10T15:50:08.415373,10,False,0,unknown
2026-02-10T15:50:08.416169,10,False,0,unknown
2026-02-10T15:50:09.848020,10,False,0,unknown
2026-02-10T15:50:12.899213,10,False,0,unknown
2026-02-10T15:50:15.871713,10,False,0,unknown
2026-02-10T15:50:18.871604,10,False,0,unknown
2026-02-10T15:50:21.855313,10,False,0,unknown
2026-02-10T15:50:24.882825,10,False,0,unknown
2026-02-10T15:50:27.873030,10,False,0,unknown
2026-02-10T15:50:31.902277,10,False,0,unknown
2026-02-10T15:50:33.868238,10,False,0,unknown
2026-02-10T15:50:37.185109,10,False,0,unknown
2026-02-10T15:50:39.871487,10,False,0,unknown
2026-02-10T15:50:42.875731,10,False,0,unknown
2026-02-10T15:50:45.883328,10,False,0,unknown
2026-02-10T15:50:49.171181,10,False,0,unknown
2026-02-10T15:50:51.926234,10,False,0,unknown
2026-02-10T15:50:54.888980,10,False,0,unknown
2026-02-10T15:50:57.901910,10,False,0,unknown
2026-02-10T15:51:00.913843,10,False,0,unknown
2026-02-10T15:51:03.919047,10,False,0,unknown
2026-02-10T15:51:06.921963,10,False,0,unknown
2026-02-10T15:51:09.913159,10,False,0,unknown
2026-02-10T15:51:12.931762,10,False,0,unknown
2026-02-10T15:51:15.923007,10,False,0,unknown
2026-02-10T15:51:18.932045,10,False,0,unknown
2026-02-10T15:51:21.929470,10,False,0,unknown
2026-02-10T15:51:54.642647,10,False,0,unknown
2026-02-10T15:51:58.710869,10,False,0,unknown
2026-02-10T15:52:00.589123,10,False,0,unknown
2026-02-10T15:52:03.594316,10,False,0,unknown
2026-02-10T15:52:07.733875,10,False,0,unknown
2026-02-10T15:52:09.597290,10,False,0,unknown
2026-02-10T15:52:12.651601,10,False,0,unknown
2026-02-10T15:52:15.596919,10,False,0,unknown
2026-02-10T15:52:18.608814,10,False,0,unknown
2026-02-10T15:52:21.629979,10,False,0,unknown
2026-02-10T15:52:24.603499,10,False,0,unknown
2026-02-10T15:52:27.638805,10,False,0,unknown
2026-02-10T15:52:30.615387,10,False,0,unknown
2026-02-10T15:52:33.613887,10,False,0,unknown
2026-02-10T15:52:36.615780,10,False,0,unknown
2026-02-10T15:52:40.701870,10,False,0,unknown
2026-02-10T15:52:42.944437,10,False,0,unknown
2026-02-10T15:52:45.634103,10,False,0,unknown
2026-02-10T15:52:48.848189,10,False,0,unknown
2026-02-10T15:52:51.658313,10,False,0,unknown
2026-02-10T15:52:54.675275,10,False,0,unknown
2026-02-10T15:52:57.762655,10,False,0,unknown
2026-02-10T15:53:00.642818,10,False,0,unknown
2026-02-10T15:53:04.701803,10,False,0,unknown
2026-02-10T15:53:06.649619,10,False,0,unknown
2026-02-10T15:53:09.648510,10,False,0,unknown
2026-02-10T15:53:12.768343,10,False,0,unknown
2026-02-10T15:53:15.659025,10,False,0,unknown
2026-02-10T15:53:18.686288,10,False,0,unknown
2026-02-10T15:53:21.964080,10,False,0,unknown
2026-02-10T15:53:24.967577,10,False,0,unknown
2026-02-10T15:53:27.668284,10,False,0,unknown
2026-02-10T15:53:30.675965,10,False,0,unknown
2026-02-10T15:53:33.697196,10,False,0,unknown
2026-02-10T15:53:36.683852,10,False,0,unknown
2026-02-10T15:53:39.710914,10,False,0,unknown
2026-02-10T15:53:42.747891,10,False,0,unknown
2026-02-10T15:53:45.693917,10,False,0,unknown
2026-02-10T15:53:48.699039,10,False,0,unknown
2026-02-10T15:53:51.699425,10,False,0,unknown
2026-02-10T15:53:54.695913,10,False,0,unknown
2026-02-10T15:53:57.738001,10,False,0,unknown
2026-02-10T15:54:00.701306,10,False,0,unknown
2026-02-10T15:54:03.709880,10,False,0,unknown
2026-02-10T15:54:06.712517,10,False,0,unknown
2026-02-10T15:54:09.749931,10,False,0,unknown
2026-02-10T15:54:12.753122,10,False,0,unknown
2026-02-10T15:54:15.725101,10,False,0,unknown
2026-02-10T15:54:18.736229,10,False,0,unknown
2026-02-10T15:54:21.729321,10,False,0,unknown
2026-02-10T15:54:24.728219,10,False,0,unknown
2026-02-10T15:54:27.733535,9.2,False,0,unknown
2026-02-10T15:54:30.746242,9.2,False,0,unknown
2026-02-10T15:54:33.752611,9.2,False,0,unknown
2026-02-10T15:54:36.784138,9.2,False,0,unknown
2026-02-10T15:54:39.813299,9.2,False,0,unknown
2026-02-10T15:54:42.781393,9.2,False,0,unknown
2026-02-10T15:54:45.760262,9.2,False,0,unknown
2026-02-10T15:54:48.781215,9.2,False,0,unknown
2026-02-10T15:54:51.795096,9.2,False,0,unknown
2026-02-10T15:54:54.822016,9.2,False,0,unknown
2026-02-10T15:54:57.763036,9.2,False,0,unknown
2026-02-10T15:55:00.789953,9.2,False,0,unknown
2026-02-10T15:55:03.818106,9.2,False,0,unknown
2026-02-10T15:55:06.792295,9.2,False,0,unknown
2026-02-10T15:55:09.776274,9.2,False,0,unknown
2026-02-10T15:55:12.794214,9.2,False,0,unknown
2026-02-10T15:55:15.795964,9.2,False,0,unknown
2026-02-10T15:55:18.806965,9.2,False,0,unknown
2026-02-10T15:55:21.806311,9.2,False,0,unknown
2026-02-10T15:55:24.794648,9.2,False,0,unknown
2026-02-10T15:55:27.790075,9.2,False,0,unknown
2026-02-10T15:55:30.794381,9.2,False,0,unknown
2026-02-10T15:55:33.796990,9.2,False,0,unknown
2026-02-10T15:55:36.825611,9.2,False,0,unknown
2026-02-10T15:55:39.800682,9.2,False,0,unknown
2026-02-10T15:55:42.924563,9.2,False,0,unknown
2026-02-10T15:55:45.831298,9.2,False,0,unknown
2026-02-10T15:55:48.810777,9.2,False,0,unknown
2026-02-10T15:55:51.814890,9.2,False,0,unknown
2026-02-10T15:55:54.850469,9.2,False,0,unknown
2026-02-10T15:55:57.874541,9.2,False,0,unknown
2026-02-10T15:56:00.821670,9.2,False,0,unknown
2026-02-10T15:56:03.830236,9.2,False,0,unknown
2026-02-10T15:56:07.110400,9.2,False,0,unknown
2026-02-10T15:56:09.836367,9.2,False,0,unknown
2026-02-10T15:56:12.853327,9.2,False,0,unknown
2026-02-10T15:56:15.933473,9.2,False,0,unknown
2026-02-10T15:56:18.888276,9.2,False,0,unknown
2026-02-10T15:56:21.862980,9.2,False,0,unknown
2026-02-10T15:56:24.874419,9.2,False,0,unknown
2026-02-10T15:56:27.884365,9.2,False,0,unknown
2026-02-10T15:56:30.885819,9.2,False,0,unknown
2026-02-10T15:56:33.869354,9.2,False,0,unknown
2026-02-10T15:56:36.868496,9.2,False,0,unknown
2026-02-10T15:56:39.866435,9.2,False,0,unknown
2026-02-10T15:56:42.865152,9.2,False,0,unknown
2026-02-10T15:56:45.904373,9.2,False,0,unknown
2026-02-10T15:57:18.398637,8.3,False,0,unknown
2026-02-10T15:57:21.405167,8.3,False,0,unknown
2026-02-10T15:57:24.401880,8.3,False,0,unknown
2026-02-10T15:57:27.400834,8.3,False,0,unknown
2026-02-10T15:57:30.413038,8.3,False,0,unknown
2026-02-10T15:57:33.413431,8.3,False,0,unknown
2026-02-10T15:57:36.405394,8.3,False,0,unknown
2026-02-10T15:57:39.434108,8.3,False,0,unknown
2026-02-10T15:57:42.418098,8.3,False,0,unknown
2026-02-10T15:57:45.448437,8.3,False,0,unknown
2026-02-10T15:57:48.446156,8.3,False,0,unknown
2026-02-10T15:57:51.448196,8.3,False,0,unknown
2026-02-10T15:57:54.448476,8.3,False,0,unknown
2026-02-10T15:57:57.437837,8.3,False,0,unknown
2026-02-10T15:58:00.491580,8.3,False,0,unknown
2026-02-10T15:58:03.444428,8.3,False,0,unknown
2026-02-10T15:58:06.443492,8.3,False,0,unknown
2026-02-10T15:58:09.480171,8.3,False,0,unknown
2026-02-10T15:58:12.444518,8.3,False,0,unknown
2026-02-10T15:58:15.457230,8.3,False,0,unknown
2026-02-10T15:58:18.564826,8.3,False,0,unknown
2026-02-10T15:58:21.458503,8.3,False,0,unknown
2026-02-10T15:58:24.486679,8.3,False,0,unknown
2026-02-10T15:58:27.466468,8.3,False,0,unknown
2026-02-10T15:58:30.466420,8.3,False,0,unknown
2026-02-10T15:58:33.463280,8.3,False,0,unknown
2026-02-10T15:58:36.522549,8.3,False,0,unknown
2026-02-10T15:58:39.470418,8.3,False,0,unknown
2026-02-10T15:58:42.491869,8.3,False,0,unknown
2026-02-10T15:58:45.480589,8.3,False,0,unknown
2026-02-10T15:58:48.483027,8.3,False,0,unknown
2026-02-10T15:58:51.495367,7.5,False,0,unknown
2026-02-10T15:58:54.536708,7.5,False,0,unknown
2026-02-10T15:58:57.524421,7.5,False,0,unknown
2026-02-10T15:59:00.512474,7.5,False,0,unknown
2026-02-10T15:59:03.523574,7.5,False,0,unknown
2026-02-10T15:59:06.508163,7.5,False,0,unknown
2026-02-10T15:59:09.524508,7.5,False,0,unknown
2026-02-10T15:59:12.507656,7.5,False,0,unknown
2026-02-10T15:59:15.537690,7.5,False,0,unknown
2026-02-10T15:59:18.516370,7.5,False,0,unknown
2026-02-10T15:59:21.525053,7.5,False,0,unknown
2026-02-10T15:59:24.538182,7.5,False,0,unknown
2026-02-10T15:59:27.532194,7.5,False,0,unknown
2026-02-10T15:59:40.724450,7.5,False,0,unknown
2026-02-10T15:59:40.736850,7.5,False,0,unknown
2026-02-10T15:59:40.737569,7.5,False,0,unknown
2026-02-10T15:59:40.737722,7.5,False,0,unknown
2026-02-10T15:59:42.535726,7.5,False,0,unknown
2026-02-10T16:00:06.554313,7.5,False,0,unknown
2026-02-10T16:00:09.575505,7.5,False,0,unknown
2026-02-10T16:00:12.559557,7.5,False,0,unknown
2026-02-10T16:00:15.567033,7.5,False,0,unknown
2026-02-10T16:00:18.565748,7.5,False,0,unknown
2026-02-10T16:00:21.568100,7.5,False,0,unknown
2026-02-10T16:00:24.579187,6.7,False,0,unknown
2026-02-10T16:00:27.582274,7.5,False,0,unknown
2026-02-10T16:00:30.587792,7.5,False,0,unknown
2026-02-10T16:00:33.625688,6.7,False,0,unknown
2026-02-10T16:00:36.584741,6.7,False,0,unknown
2026-02-10T16:00:39.589481,6.7,False,0,unknown
2026-02-10T16:00:42.590806,6.7,False,0,unknown
2026-02-10T16:00:45.612243,6.7,False,0,unknown
2026-02-10T16:00:48.605281,6.7,False,0,unknown
2026-02-10T16:00:51.603052,6.7,False,0,unknown
2026-02-10T16:00:54.621839,6.7,False,0,unknown
2026-02-10T16:00:57.608254,6.7,False,0,unknown
2026-02-10T16:01:00.608149,6.7,False,0,unknown
2026-02-10T16:01:03.614458,6.7,False,0,unknown
2026-02-10T16:01:06.613819,6.7,False,0,unknown
2026-02-10T16:01:09.667820,6.7,False,0,unknown
2026-02-10T16:01:12.630214,6.7,False,0,unknown
2026-02-10T16:01:19.730470,6.7,False,0,unknown
2026-02-10T16:01:19.740250,6.7,False,0,unknown
2026-02-10T16:01:21.635703,6.7,False,0,unknown
2026-02-10T16:01:24.635104,6.7,False,0,unknown
2026-02-10T16:01:27.634928,6.7,False,0,unknown
2026-02-10T16:01:30.639025,6.7,False,0,unknown
2026-02-10T16:01:33.661729,6.7,False,0,unknown
2026-02-10T16:01:36.640694,6.7,False,0,unknown
2026-02-10T16:01:39.672705,6.7,False,0,unknown
2026-02-10T16:01:42.663821,6.7,False,0,unknown
2026-02-10T16:01:46.759291,6.7,False,0,unknown
2026-02-10T16:01:50.412664,6.7,False,0,unknown
2026-02-10T16:01:51.716263,6.7,False,0,unknown
2026-02-10T16:01:54.764658,6.7,False,0,unknown
2026-02-10T16:01:57.718144,6.7,False,0,unknown
2026-02-10T16:02:00.687834,6.7,False,0,unknown
2026-02-10T16:02:03.835641,6.7,False,0,unknown
2026-02-10T16:02:06.678259,6.7,False,0,unknown
2026-02-10T16:02:09.698514,6.7,False,0,unknown
2026-02-10T16:02:12.683681,6.7,False,0,unknown
2026-02-10T16:02:15.688402,6.7,False,0,unknown
2026-02-10T16:02:18.703720,6.7,False,0,unknown
2026-02-10T16:02:21.702149,6.7,False,0,unknown
2026-02-10T16:02:24.700419,6.7,False,0,unknown
2026-02-10T16:02:27.751902,6.7,False,0,unknown
2026-02-10T16:02:37.836357,6.7,False,0,unknown
2026-02-10T16:02:38.291919,6.7,False,0,unknown
2026-02-10T16:02:38.292154,6.7,False,0,unknown
2026-02-10T16:02:39.724346,6.7,False,0,unknown
2026-02-10T16:02:42.708720,6.7,False,0,unknown
2026-02-10T16:02:45.716301,6.7,False,0,unknown
2026-02-10T16:02:48.725995,6.7,False,0,unknown
2026-02-10T16:02:51.727817,6.7,False,0,unknown
2026-02-10T16:02:54.781903,6.7,False,0,unknown
2026-02-10T16:02:57.737173,6.7,False,0,unknown
2026-02-10T16:03:00.734923,6.7,False,0,unknown
2026-02-10T16:03:03.736317,6.7,False,0,unknown
2026-02-10T16:03:06.768523,6.7,False,0,unknown
2026-02-10T16:03:09.748289,6.7,False,0,unknown
2026-02-10T16:03:12.751688,6.7,False,0,unknown
2026-02-10T16:03:15.767073,6.7,False,0,unknown
2026-02-10T16:03:18.783826,6.7,False,0,unknown
2026-02-10T16:03:21.760626,6.7,False,0,unknown
2026-02-10T16:03:24.778913,6.7,False,0,unknown
2026-02-10T16:03:27.797668,6.7,False,0,unknown
2026-02-10T16:03:30.797191,6.7,False,0,unknown
2026-02-10T16:03:33.801553,6.7,False,0,unknown
2026-02-10T16:03:36.782356,6.7,False,0,unknown
2026-02-10T16:03:41.085622,6.7,False,0,unknown
2026-02-10T16:03:42.853628,6.7,False,0,unknown
2026-02-10T16:03:45.808939,6.7,False,0,unknown
2026-02-10T16:03:48.807008,6.7,False,0,unknown
2026-02-10T16:03:51.852728,6.7,False,0,unknown
2026-02-10T16:03:54.822494,6.7,False,0,unknown
2026-02-10T16:03:57.823754,6.7,False,0,unknown
2026-02-10T16:04:00.804317,6.7,False,0,unknown
2026-02-10T16:04:03.804240,6.7,False,0,unknown
2026-02-10T16:04:06.837624,6.7,False,0,unknown
2026-02-10T16:04:09.802415,6.7,False,0,unknown
2026-02-10T16:04:12.819020,6.7,False,0,unknown
2026-02-10T16:04:15.843062,6.7,False,0,unknown
2026-02-10T16:04:19.019730,6.7,False,0,unknown
2026-02-10T16:04:21.839142,6.7,False,0,unknown
2026-02-10T16:04:24.835289,6.7,False,0,unknown
2026-02-10T16:04:27.835123,5.8,False,0,unknown
2026-02-10T16:04:30.830728,6.7,False,0,unknown
2026-02-10T16:04:33.837112,6.7,False,0,unknown
2026-02-10T16:04:36.923396,6.7,False,0,unknown
2026-02-10T16:04:39.837890,6.7,False,0,unknown
2026-02-10T16:04:42.850289,6.7,False,0,unknown
2026-02-10T16:04:45.850946,6.7,False,0,unknown
2026-02-10T16:04:48.849093,6.7,False,0,unknown
2026-02-10T16:04:51.848447,6.7,False,0,unknown
2026-02-10T16:04:54.859275,6.7,False,0,unknown
2026-02-10T16:04:57.871479,5.8,False,0,unknown
2026-02-10T16:05:00.856924,5.8,False,0,unknown
2026-02-10T16:05:03.924192,5.8,False,0,unknown
2026-02-10T16:05:06.864190,5.8,False,0,unknown
2026-02-10T16:05:09.869648,5.8,False,0,unknown
2026-02-10T16:05:12.887431,5.8,False,0,unknown
2026-02-10T16:05:15.879863,5.8,False,0,unknown
2026-02-10T16:05:18.914382,5.8,False,0,unknown
2026-02-10T16:05:21.888764,5.8,False,0,unknown
2026-02-10T16:05:24.921228,5.8,False,0,unknown
2026-02-10T16:05:35.250526,5.8,False,0,unknown
2026-02-10T16:05:35.307136,5.8,False,0,unknown
2026-02-10T16:05:35.307350,5.8,False,0,unknown
2026-02-10T16:05:38.328731,5.8,False,0,unknown
2026-02-10T16:06:13.319333,5.8,False,0,unknown
2026-02-10T16:06:17.706765,5.8,False,0,unknown
2026-02-10T16:06:19.597785,5.8,False,0,unknown
2026-02-10T16:06:35.576217,5.8,False,0,unknown
2026-02-10T16:06:35.576462,5.8,False,0,unknown
2026-02-10T16:06:35.576575,5.8,False,0,unknown
2026-02-10T16:06:35.576663,5.8,False,0,unknown
2026-02-10T16:06:35.576750,5.8,False,0,unknown
2026-02-10T16:06:37.094963,5.8,False,0,unknown
2026-02-10T16:06:39.968759,5.8,False,0,unknown
2026-02-10T16:06:43.001309,5.8,False,0,unknown
2026-02-10T16:06:45.965169,5.8,False,0,unknown
2026-02-10T16:06:49.739378,5.8,False,0,unknown
2026-02-10T16:06:52.025624,5.8,False,0,unknown
2026-02-10T16:07:05.276224,5.8,False,0,unknown
2026-02-10T16:07:05.293098,5.8,False,0,unknown
2026-02-10T16:07:05.293263,5.8,False,0,unknown
2026-02-10T16:07:05.293333,5.8,False,0,unknown
2026-02-10T16:07:07.091199,5.8,False,0,unknown
2026-02-10T16:07:10.145149,5.8,False,0,unknown
2026-02-10T16:07:12.968098,5.8,False,0,unknown
2026-02-10T16:07:15.973579,5.8,False,0,unknown
2026-02-10T16:07:18.991809,5.8,False,0,unknown
2026-02-10T16:07:21.976775,5.8,False,0,unknown
2026-02-10T16:07:24.982916,5.8,False,0,unknown
2026-02-10T16:07:27.994983,5.8,False,0,unknown
2026-02-10T16:07:30.989301,5.8,False,0,unknown
2026-02-10T16:07:34.001893,5.8,False,0,unknown
2026-02-10T16:07:37.092637,5.8,False,0,unknown
2026-02-10T16:07:40.006843,5.8,False,0,unknown
2026-02-10T16:07:47.253352,5.8,False,0,unknown
2026-02-10T16:07:47.262634,5.8,False,0,unknown
2026-02-10T16:07:49.040670,5.8,False,0,unknown
2026-02-10T16:07:52.014968,5.8,False,0,unknown
2026-02-10T16:07:55.025770,5.8,False,0,unknown
2026-02-10T16:07:58.020579,5.8,False,0,unknown
2026-02-10T16:08:01.025114,5.8,False,0,unknown
2026-02-10T16:08:04.047464,5.8,False,0,unknown
2026-02-10T16:08:07.026785,5.8,False,0,unknown
2026-02-10T16:08:10.039511,5.8,False,0,unknown
2026-02-10T16:08:13.030978,5.8,False,0,unknown
2026-02-10T16:08:16.048360,5.8,False,0,unknown
2026-02-10T16:08:19.097109,5.8,False,0,unknown
2026-02-10T16:08:22.043204,5.8,False,0,unknown
2026-02-10T16:08:25.043627,5.8,False,0,unknown
2026-02-10T16:08:28.055383,5.8,False,0,unknown
2026-02-10T16:08:31.046838,5.8,False,0,unknown
2026-02-10T16:08:34.055659,5.8,False,0,unknown
2026-02-10T16:08:37.064589,5.8,False,0,unknown
2026-02-10T16:08:40.057391,5.8,False,0,unknown
2026-02-10T16:08:43.079814,5.8,False,0,unknown
2026-02-10T16:08:46.065373,5.8,False,0,unknown
2026-02-10T16:08:49.077959,5.8,False,0,unknown
2026-02-10T16:08:52.104289,5.8,False,0,unknown
2026-02-10T16:08:55.094951,5.8,False,0,unknown
2026-02-10T16:08:58.081077,5.8,False,0,unknown
2026-02-10T16:09:05.260912,5.8,False,0,unknown
2026-02-10T16:09:05.278245,5.8,False,0,unknown
2026-02-10T16:09:08.268444,5.8,False,0,unknown
2026-02-10T16:09:10.100198,5.8,False,0,unknown
2026-02-10T16:09:13.406864,5.8,False,0,unknown
2026-02-10T16:09:16.103355,5.8,False,0,unknown
2026-02-10T16:09:19.236290,5.8,False,0,unknown
2026-02-10T16:09:22.161484,5.8,False,0,unknown
2026-02-10T16:09:25.226403,5.8,False,0,unknown
2026-02-10T16:09:30.385904,5.8,False,0,unknown
2026-02-10T16:09:31.284403,5,False,0,unknown
2026-02-10T16:09:34.148354,5,False,0,unknown
2026-02-10T16:09:37.129592,5,False,0,unknown
2026-02-10T16:09:42.267018,5.8,False,0,unknown
2026-02-10T16:09:43.423530,5.8,False,0,unknown
2026-02-10T16:09:46.148487,5.8,False,0,unknown
2026-02-10T16:09:49.156329,5,False,0,unknown
2026-02-10T16:09:52.128392,5.8,False,0,unknown
2026-02-10T16:09:55.156942,5.8,False,0,unknown
2026-02-10T16:09:58.142258,5,False,0,unknown
2026-02-10T16:10:01.190950,5.8,False,0,unknown
2026-02-10T16:10:04.143612,5,False,0,unknown
2026-02-10T16:10:07.144155,5.8,False,0,unknown
2026-02-10T16:10:10.156001,5,False,0,unknown
2026-02-10T16:10:13.153021,5,False,0,unknown
2026-02-10T16:10:17.303592,5,False,0,unknown
2026-02-10T16:10:19.325317,5,False,0,unknown
2026-02-10T16:10:37.187726,5,False,0,unknown
2026-02-10T16:10:40.202857,5,False,0,unknown
2026-02-10T16:10:43.206643,5,False,0,unknown
2026-02-10T16:10:46.185711,5,False,0,unknown
2026-02-10T16:10:49.205393,5,False,0,unknown
2026-02-10T16:10:52.196211,5,False,0,unknown
2026-02-10T16:10:55.207710,5,False,0,unknown
2026-02-10T16:10:58.191858,5,False,0,unknown
2026-02-10T16:11:01.770928,5,False,0,unknown
2026-02-10T16:11:04.424007,5,False,0,unknown
2026-02-10T16:11:07.207684,5,False,0,unknown
2026-02-10T16:11:10.231183,5,False,0,unknown
2026-02-10T16:11:13.210038,5,False,0,unknown
2026-02-10T16:11:16.225254,5,False,0,unknown
2026-02-10T16:11:19.267643,5,False,0,unknown
2026-02-10T16:11:22.293450,5,False,0,unknown
2026-02-10T16:11:25.247801,5,False,0,unknown
2026-02-10T16:11:28.225312,5,False,0,unknown
2026-02-10T16:11:31.231846,5,False,0,unknown
2026-02-10T16:11:34.238480,5,False,0,unknown
2026-02-10T16:11:37.238949,5,False,0,unknown
2026-02-10T16:11:40.241138,5,False,0,unknown
2026-02-10T16:11:43.270073,5,False,0,unknown
2026-02-10T16:11:46.244240,5,False,0,unknown
2026-02-10T16:11:49.275560,5,False,0,unknown
2026-02-10T16:11:57.739691,5,False,0,unknown
2026-02-10T16:12:00.139421,5,False,0,unknown
2026-02-10T16:12:00.139753,5,False,0,unknown
2026-02-10T16:12:04.308036,5,False,0,unknown
2026-02-10T16:12:04.481969,5,False,0,unknown
2026-02-10T16:12:07.523034,5,False,0,unknown
2026-02-10T16:12:10.273768,5,False,0,unknown
2026-02-10T16:12:13.608882,5,False,0,unknown
2026-02-10T16:12:16.272424,5,False,0,unknown
2026-02-10T16:12:19.400460,5,False,0,unknown
2026-02-10T16:12:22.281930,5,False,0,unknown
2026-02-10T16:12:25.282167,5,False,0,unknown
2026-02-10T16:12:28.380825,5,False,0,unknown
2026-02-10T16:12:32.780023,5,False,0,unknown
2026-02-10T16:12:34.289190,5,False,0,unknown
2026-02-10T16:12:37.295349,5,False,0,unknown
2026-02-10T16:12:40.321259,5,False,0,unknown
2026-02-10T16:12:43.298456,5,False,0,unknown
2026-02-10T16:12:47.776408,5,False,0,unknown
2026-02-10T16:12:49.315894,5,False,0,unknown
2026-02-10T16:12:52.321886,5,False,0,unknown
2026-02-10T16:12:55.365676,5,False,0,unknown
2026-02-10T16:12:58.319356,5,False,0,unknown
2026-02-10T16:13:01.408091,5,False,0,unknown
2026-02-10T16:13:04.516544,5,False,0,unknown
2026-02-10T16:13:07.661956,5,False,0,unknown
2026-02-10T16:13:10.337219,5,False,0,unknown
2026-02-10T16:13:13.331171,5,False,0,unknown
2026-02-10T16:13:16.337958,5,False,0,unknown
2026-02-10T16:13:19.342368,5,False,0,unknown
2026-02-10T16:13:22.343941,5,False,0,unknown
2026-02-10T16:13:25.346676,5,False,0,unknown
2026-02-10T16:13:28.349397,5,False,0,unknown
2026-02-10T16:13:31.350868,5,False,0,unknown
2026-02-10T16:13:34.353881,5,False,0,unknown
2026-02-10T16:13:37.355026,5,False,0,unknown
2026-02-10T16:13:40.358126,5,False,0,unknown
2026-02-10T16:13:43.358665,5,False,0,unknown
2026-02-10T16:13:46.366609,5,False,0,unknown
2026-02-10T16:13:49.366635,5,False,0,unknown
2026-02-10T16:13:52.388444,5,False,0,unknown
2026-02-10T16:13:55.372535,5,False,0,unknown
2026-02-10T16:13:58.374365,5,False,0,unknown
2026-02-10T16:14:01.382901,5,False,0,unknown
2026-02-10T16:14:04.379678,5,False,0,unknown
2026-02-10T16:14:07.432730,5,False,0,unknown
2026-02-10T16:14:10.387220,5,False,0,unknown
2026-02-10T16:14:13.386035,5,False,0,unknown
2026-02-10T16:14:16.400499,5,False,0,unknown
2026-02-10T16:14:19.400441,5,False,0,unknown
2026-02-10T16:14:22.399133,5,False,0,unknown
2026-02-10T16:14:25.408607,5,False,0,unknown
2026-02-10T16:14:28.408555,5,False,0,unknown
2026-02-10T16:14:31.406868,5,False,0,unknown
2026-02-10T16:14:34.425612,5,False,0,unknown
2026-02-10T16:14:37.415640,5,False,0,unknown
2026-02-10T16:14:40.420704,5,False,0,unknown
2026-02-10T16:14:43.418684,5,False,0,unknown
2026-02-10T16:14:46.437891,5,False,0,unknown
2026-02-10T16:14:49.427761,5,False,0,unknown
2026-02-10T16:14:52.431772,5,False,0,unknown
2026-02-10T16:14:55.465377,5,False,0,unknown
2026-02-10T16:14:58.438335,5,False,0,unknown
2026-02-10T16:15:01.436574,5,False,0,unknown
2026-02-10T16:15:04.445951,5,False,0,unknown
2026-02-10T16:15:07.451578,5,False,0,unknown
2026-02-10T16:15:10.452991,5,False,0,unknown
2026-02-10T16:15:13.461203,5,False,0,unknown
2026-02-10T16:15:16.448868,4.2,False,0,unknown
2026-02-10T16:15:19.454607,5,False,0,unknown
2026-02-10T16:15:22.482629,4.2,False,0,unknown
2026-02-10T16:15:25.464065,4.2,False,0,unknown
2026-02-10T16:15:28.466873,4.2,False,0,unknown
2026-02-10T16:15:31.467266,4.2,False,0,unknown
2026-02-10T16:15:34.470467,4.2,False,0,unknown
2026-02-10T16:15:37.473059,4.2,False,0,unknown
2026-02-10T16:15:40.501918,4.2,False,0,unknown
2026-02-10T16:15:43.483262,4.2,False,0,unknown
2026-02-10T16:15:46.486896,4.2,False,0,unknown
2026-02-10T16:15:49.484101,4.2,False,0,unknown
2026-02-10T16:15:52.494036,4.2,False,0,unknown
2026-02-10T16:15:55.494177,4.2,False,0,unknown
2026-02-10T16:15:58.670420,4.2,False,0,unknown
2026-02-10T16:16:01.507838,4.2,False,0,unknown
2026-02-10T16:16:04.554462,4.2,False,0,unknown
2026-02-10T16:16:07.504552,4.2,False,0,unknown
2026-02-10T16:16:10.517009,4.2,False,0,unknown
2026-02-10T16:16:13.511536,4.2,False,0,unknown
2026-02-10T16:16:16.515131,4.2,False,0,unknown
2026-02-10T16:16:19.520728,4.2,False,0,unknown
2026-02-10T16:16:22.516102,4.2,False,0,unknown
2026-02-10T16:16:25.519654,4.2,False,0,unknown
2026-02-10T16:16:28.523704,4.2,False,0,unknown
2026-02-10T16:16:31.530157,4.2,False,0,unknown
2026-02-10T16:16:34.532169,4.2,False,0,unknown
2026-02-10T16:16:37.528873,4.2,False,0,unknown
2026-02-10T16:16:40.535563,4.2,False,0,unknown
2026-02-10T16:16:43.544783,4.2,False,0,unknown
2026-02-10T16:16:46.542596,4.2,False,0,unknown
2026-02-10T16:16:49.545373,4.2,False,0,unknown
2026-02-10T16:16:52.562085,4.2,False,0,unknown
2026-02-10T16:16:55.553786,4.2,False,0,unknown
2026-02-10T16:16:58.568617,4.2,False,0,unknown
2026-02-10T16:17:01.560451,4.2,False,0,unknown
2026-02-10T16:17:04.586638,4.2,False,0,unknown
2026-02-10T16:17:07.564080,4.2,False,0,unknown
2026-02-10T16:17:10.565692,4.2,False,0,unknown
2026-02-10T16:17:13.577535,4.2,False,0,unknown
2026-02-10T16:17:16.572696,4.2,False,0,unknown
2026-02-10T16:17:19.578857,4.2,False,0,unknown
2026-02-10T16:17:22.590183,4.2,False,0,unknown
2026-02-10T16:17:25.601709,4.2,False,0,unknown
2026-02-10T16:17:28.586618,4.2,False,0,unknown
2026-02-10T16:17:31.594997,4.2,False,0,unknown
2026-02-10T16:17:34.592996,4.2,False,0,unknown
2026-02-10T16:17:37.591897,4.2,False,0,unknown
2026-02-10T16:17:40.706293,4.2,False,0,unknown
2026-02-10T16:17:43.626362,4.2,False,0,unknown
2026-02-10T16:17:46.611582,4.2,False,0,unknown
2026-02-10T16:17:49.614483,4.2,False,0,unknown
2026-02-10T16:17:52.614676,4.2,False,0,unknown
2026-02-10T16:17:55.614545,4.2,False,0,unknown
2026-02-10T16:17:58.650545,4.2,False,0,unknown
2026-02-10T16:18:01.613826,4.2,False,0,unknown
2026-02-10T16:18:04.630241,4.2,False,0,unknown
2026-02-10T16:18:07.632401,4.2,False,0,unknown
2026-02-10T16:18:10.715456,4.2,False,0,unknown
2026-02-10T16:18:13.684126,4.2,False,0,unknown
2026-02-10T16:18:16.634284,4.2,False,0,unknown
2026-02-10T16:18:19.633755,4.2,False,0,unknown
2026-02-10T16:18:22.640679,4.2,False,0,unknown
2026-02-10T16:18:25.646705,4.2,False,0,unknown
2026-02-10T16:18:28.699313,3.3,False,0,unknown
2026-02-10T16:18:31.643798,4.2,False,0,unknown
2026-02-10T16:18:34.649806,3.3,False,0,unknown
2026-02-10T16:18:37.663400,3.3,False,0,unknown
2026-02-10T16:18:40.663280,4.2,False,0,unknown
2026-02-10T16:18:43.662790,3.3,False,0,unknown
2026-02-10T16:18:46.659714,3.3,False,0,unknown
2026-02-10T16:18:49.666942,3.3,False,0,unknown
2026-02-10T16:18:52.665219,3.3,False,0,unknown
2026-02-10T16:18:55.666213,3.3,False,0,unknown
2026-02-10T16:18:58.679698,3.3,False,0,unknown
2026-02-10T16:19:01.679651,3.3,False,0,unknown
2026-02-10T16:19:04.699625,3.3,False,0,unknown
2026-02-10T16:19:07.680454,3.3,False,0,unknown
2026-02-10T16:19:10.992590,3.3,False,0,unknown
2026-02-10T16:19:13.711420,3.3,False,0,unknown
2026-02-10T16:19:16.694818,3.3,False,0,unknown
2026-02-10T16:19:19.696233,3.3,False,0,unknown
2026-02-10T16:19:22.697573,3.3,False,0,unknown
2026-02-10T16:19:25.767165,3.3,False,0,unknown
2026-02-10T16:19:28.715633,3.3,False,0,unknown
2026-02-10T16:19:31.712518,3.3,False,0,unknown
2026-02-10T16:19:34.713308,3.3,False,0,unknown
2026-02-10T16:19:37.708334,3.3,False,0,unknown
2026-02-10T16:19:40.815808,3.3,False,0,unknown
2026-02-10T16:19:43.717487,3.3,False,0,unknown
2026-02-10T16:19:46.724208,3.3,False,0,unknown
2026-02-10T16:19:49.758425,3.3,False,0,unknown
2026-02-10T16:19:52.725815,3.3,False,0,unknown
2026-02-10T16:19:55.731152,3.3,False,0,unknown
2026-02-10T16:19:58.745021,3.3,False,0,unknown
2026-02-10T16:20:01.740007,3.3,False,0,unknown
2026-02-10T16:20:04.744266,3.3,False,0,unknown
2026-02-10T16:20:07.745628,3.3,False,0,unknown
2026-02-10T16:20:10.746440,3.3,False,0,unknown
2026-02-10T16:20:13.779722,3.3,False,0,unknown
2026-02-10T16:20:16.762413,3.3,False,0,unknown
2026-02-10T16:20:19.756341,3.3,False,0,unknown
2026-02-10T16:20:22.758243,3.3,False,0,unknown
2026-02-10T16:20:25.764798,3.3,False,0,unknown
2026-02-10T16:20:28.766072,3.3,False,0,unknown
2026-02-10T16:20:31.765825,3.3,False,0,unknown
2026-02-10T16:20:34.772310,3.3,False,0,unknown
2026-02-10T16:20:37.794015,3.3,False,0,unknown
2026-02-10T16:20:40.777891,3.3,False,0,unknown
2026-02-10T16:20:43.781475,3.3,False,0,unknown
2026-02-10T16:20:46.797637,3.3,False,0,unknown
2026-02-10T16:20:49.798749,3.3,False,0,unknown
2026-02-10T16:20:52.789051,3.3,False,0,unknown
2026-02-10T16:20:55.808289,3.3,False,0,unknown
2026-02-10T16:20:58.812231,3.3,False,0,unknown
2026-02-10T16:21:01.815537,3.3,False,0,unknown
2026-02-10T16:21:04.799088,3.3,False,0,unknown
2026-02-10T16:21:07.808683,3.3,False,0,unknown
2026-02-10T16:21:10.810029,3.3,False,0,unknown
2026-02-10T16:21:13.808922,3.3,False,0,unknown
2026-02-10T16:21:16.818024,3.3,False,0,unknown
2026-02-10T16:21:19.813242,3.3,False,0,unknown
2026-02-10T16:21:22.825334,3.3,False,0,unknown
2026-02-10T16:21:25.838363,3.3,False,0,unknown
2026-02-10T16:21:28.838557,3.3,False,0,unknown
2026-02-10T16:21:31.854976,3.3,False,0,unknown
2026-02-10T16:21:34.839516,3.3,False,0,unknown
2026-02-10T16:21:37.844758,3.3,False,0,unknown
2026-02-10T16:21:40.854655,3.3,False,0,unknown
2026-02-10T16:21:43.835281,3.3,False,0,unknown
2026-02-10T16:21:46.843219,3.3,False,0,unknown
2026-02-10T16:21:49.852654,3.3,False,0,unknown
2026-02-10T16:21:52.922185,3.3,False,0,unknown
2026-02-10T16:21:55.860571,3.3,False,0,unknown
2026-02-10T16:21:58.853692,3.3,False,0,unknown
2026-02-10T16:22:01.889169,3.3,False,0,unknown
2026-02-10T16:22:04.879244,3.3,False,0,unknown
2026-02-10T16:22:07.888788,3.3,False,0,unknown
2026-02-10T16:22:10.869525,3.3,False,0,unknown
2026-02-10T16:22:13.893257,3.3,False,0,unknown
2026-02-10T16:22:16.876998,3.3,False,0,unknown
2026-02-10T16:22:19.871741,3.3,False,0,unknown
2026-02-10T16:22:22.894021,3.3,False,0,unknown
2026-02-10T16:22:25.888584,3.3,False,0,unknown
2026-02-10T16:22:28.888467,3.3,False,0,unknown
2026-02-10T16:22:31.884871,3.3,False,0,unknown
2026-02-10T16:22:34.937860,3.3,False,0,unknown
2026-02-10T16:22:37.899632,3.3,False,0,unknown
2026-02-10T16:22:40.900182,3.3,False,0,unknown
2026-02-10T16:22:43.927227,3.3,False,0,unknown
2026-02-10T16:22:46.923315,3.3,False,0,unknown
2026-02-10T16:22:49.900963,3.3,False,0,unknown
2026-02-10T16:22:52.916479,3.3,False,0,unknown
2026-02-10T16:22:55.932871,3.3,False,0,unknown
2026-02-10T16:22:58.910001,3.3,False,0,unknown
2026-02-10T16:23:01.935355,3.3,False,0,unknown
2026-02-10T16:23:04.923112,3.3,False,0,unknown
2026-02-10T16:23:07.919137,3.3,False,0,unknown
2026-02-10T16:23:10.948323,3.3,False,0,unknown
2026-02-10T16:23:13.944114,3.3,False,0,unknown
2026-02-10T16:23:16.928492,3.3,False,0,unknown
2026-02-10T16:23:19.934069,3.3,False,0,unknown
2026-02-10T16:23:22.970075,3.3,False,0,unknown
2026-02-10T16:23:25.959555,3.3,False,0,unknown
2026-02-10T16:23:28.943932,3.3,False,0,unknown
2026-02-10T16:23:31.955468,3.3,False,0,unknown
2026-02-10T16:23:34.952070,3.3,False,0,unknown
2026-02-10T16:23:37.995576,3.3,False,0,unknown
2026-02-10T16:23:40.979851,3.3,False,0,unknown
2026-02-10T16:23:43.972066,3.3,False,0,unknown
2026-02-10T16:23:46.979532,3.3,False,0,unknown
2026-02-10T16:23:49.970141,3.3,False,0,unknown
2026-02-10T16:23:52.968548,3.3,False,0,unknown
2026-02-10T16:23:55.980993,3.3,False,0,unknown
2026-02-10T16:23:58.987007,3.3,False,0,unknown
2026-02-10T16:24:01.979745,3.3,False,0,unknown
2026-02-10T16:24:04.980049,3.3,False,0,unknown
2026-02-10T16:24:07.983771,3.3,False,0,unknown
2026-02-10T16:24:10.986832,3.3,False,0,unknown
2026-02-10T16:24:13.989243,3.3,False,0,unknown
2026-02-10T16:24:16.997136,3.3,False,0,unknown
2026-02-10T16:24:19.996683,3.3,False,0,unknown
2026-02-10T16:24:23.003833,3.3,False,0,unknown
2026-02-10T16:24:26.005048,3.3,False,0,unknown
2026-02-10T16:24:29.004886,3.3,False,0,unknown
2026-02-10T16:24:32.004407,3.3,False,0,unknown
2026-02-10T16:24:35.011998,3.3,False,0,unknown
2026-02-10T16:24:38.020370,3.3,False,0,unknown
2026-02-10T16:24:41.018458,3.3,False,0,unknown
2026-02-10T16:24:44.037042,3.3,False,0,unknown
2026-02-10T16:24:47.023102,3.3,False,0,unknown
2026-02-10T16:24:50.025954,3.3,False,0,unknown
2026-02-10T16:24:53.050962,3.3,False,0,unknown
2026-02-10T16:24:56.236773,3.3,False,0,unknown
2026-02-10T16:24:59.042434,3.3,False,0,unknown
2026-02-10T16:25:02.037776,3.3,False,0,unknown
2026-02-10T16:25:05.052866,3.3,False,0,unknown
2026-02-10T16:25:08.049115,3.3,False,0,unknown
2026-02-10T16:25:11.058975,3.3,False,0,unknown
2026-02-10T16:25:14.052511,3.3,False,0,unknown
2026-02-10T16:25:17.053387,3.3,False,0,unknown
2026-02-10T16:25:20.056043,3.3,False,0,unknown
2026-02-10T16:25:23.059216,3.3,False,0,unknown
2026-02-10T16:25:26.069117,3.3,False,0,unknown
2026-02-10T16:25:30.315214,3.3,False,0,unknown
2026-02-10T16:25:32.078928,3.3,False,0,unknown
2026-02-10T16:25:35.074700,3.3,False,0,unknown
2026-02-10T16:25:38.084590,3.3,False,0,unknown
2026-02-10T16:25:41.082922,3.3,False,0,unknown
2026-02-10T16:25:44.085701,3.3,False,0,unknown
2026-02-10T16:25:47.085257,3.3,False,0,unknown
2026-02-10T16:25:50.095107,3.3,False,0,unknown
2026-02-10T16:25:53.117518,3.3,False,0,unknown
2026-02-10T16:25:56.095173,3.3,False,0,unknown
2026-02-10T16:25:59.095923,3.3,False,0,unknown
2026-02-10T16:26:02.098221,3.3,False,0,unknown
2026-02-10T16:26:05.103397,3.3,False,0,unknown
2026-02-10T16:26:08.103729,3.3,False,0,unknown
2026-02-10T16:26:11.128521,3.3,False,0,unknown
2026-02-10T16:26:14.142652,3.3,False,0,unknown
2026-02-10T16:26:17.114257,3.3,False,0,unknown
2026-02-10T16:26:20.118067,3.3,False,0,unknown
2026-02-10T16:26:23.118149,3.3,False,0,unknown
2026-02-10T16:26:26.119128,3.3,False,0,unknown
2026-02-10T16:26:29.125613,3.3,False,0,unknown
2026-02-10T16:26:32.125720,3.3,False,0,unknown
2026-02-10T16:26:35.141473,3.3,False,0,unknown
2026-02-10T16:26:38.133925,3.3,False,0,unknown
2026-02-10T16:26:41.137399,3.3,False,0,unknown
2026-02-10T16:26:44.139766,3.3,False,0,unknown
2026-02-10T16:26:47.154976,3.3,False,0,unknown
2026-02-10T16:26:50.144009,3.3,False,0,unknown
2026-02-10T16:26:53.193902,3.3,False,0,unknown
2026-02-10T16:26:56.153431,3.3,False,0,unknown
2026-02-10T16:26:59.152794,3.3,False,0,unknown
2026-02-10T16:27:02.173602,3.3,False,0,unknown
2026-02-10T16:27:05.192713,3.3,False,0,unknown
2026-02-10T16:27:09.320133,3.3,False,0,unknown
2026-02-10T16:27:11.191678,3.3,False,0,unknown
2026-02-10T16:27:14.192687,3.3,False,0,unknown
2026-02-10T16:27:17.191538,3.3,False,0,unknown
2026-02-10T16:27:20.211777,3.3,False,0,unknown
2026-02-10T16:27:23.318339,3.3,False,0,unknown
2026-02-10T16:27:27.820969,3.3,False,0,unknown
2026-02-10T16:27:33.315113,3.3,False,0,unknown
2026-02-10T16:27:33.354031,3.3,False,0,unknown
2026-02-10T16:27:35.190894,3.3,False,0,unknown
2026-02-10T16:27:38.191828,3.3,False,0,unknown
2026-02-10T16:27:41.201313,3.3,False,0,unknown
2026-02-10T16:27:44.200153,3.3,False,0,unknown
2026-02-10T16:27:47.237240,3.3,False,0,unknown
2026-02-10T16:27:50.348467,3.3,False,0,unknown
2026-02-10T16:27:53.235902,3.3,False,0,unknown
2026-02-10T16:27:56.213490,3.3,False,0,unknown
2026-02-10T16:27:59.221841,3.3,False,0,unknown
2026-02-10T16:28:02.226432,3.3,False,0,unknown
2026-02-10T16:28:05.228692,3.3,False,0,unknown
2026-02-10T16:28:08.239947,3.3,False,0,unknown
2026-02-10T16:28:11.254744,3.3,False,0,unknown
2026-02-10T16:28:14.256757,3.3,False,0,unknown
2026-02-10T16:28:17.244589,3.3,False,0,unknown
2026-02-10T16:28:20.245038,3.3,False,0,unknown
2026-02-10T16:28:23.250566,3.3,False,0,unknown
2026-02-10T16:28:26.244018,3.3,False,0,unknown
2026-02-10T16:28:29.255218,3.3,False,0,unknown
2026-02-10T16:28:32.261575,3.3,False,0,unknown
2026-02-10T16:28:35.274630,3.3,False,0,unknown
2026-02-10T16:28:38.277397,3.3,False,0,unknown
2026-02-10T16:28:41.264193,3.3,False,0,unknown
2026-02-10T16:28:44.268387,3.3,False,0,unknown
2026-02-10T16:28:47.278123,3.3,False,0,unknown
2026-02-10T16:28:50.286784,3.3,False,0,unknown
2026-02-10T16:28:53.335658,3.3,False,0,unknown
2026-02-10T16:28:56.274993,3.3,False,0,unknown
2026-02-10T16:28:59.279721,3.3,False,0,unknown
2026-02-10T16:29:02.290270,3.3,False,0,unknown
2026-02-10T16:29:05.285501,3.3,False,0,unknown
2026-02-10T16:29:08.294715,3.3,False,0,unknown
2026-02-10T16:29:11.320488,3.3,False,0,unknown
2026-02-10T16:29:14.295058,3.3,False,0,unknown
2026-02-10T16:29:17.296408,3.3,False,0,unknown
2026-02-10T16:29:20.324224,3.3,False,0,unknown
2026-02-10T16:29:23.300399,3.3,False,0,unknown
2026-02-10T16:29:26.305179,3.3,False,0,unknown
2026-02-10T16:29:29.319590,3.3,False,0,unknown
2026-02-10T16:29:32.312636,3.3,False,0,unknown
2026-02-10T16:29:35.314341,3.3,False,0,unknown
2026-02-10T16:29:38.325691,3.3,False,0,unknown
2026-02-10T16:29:41.320538,3.3,False,0,unknown
2026-02-10T16:29:44.323467,3.3,False,0,unknown
2026-02-10T16:29:47.344736,3.3,False,0,unknown
2026-02-10T16:29:50.329257,3.3,False,0,unknown
2026-02-10T16:29:53.331163,3.3,False,0,unknown
2026-02-10T16:29:56.341065,3.3,False,0,unknown
2026-02-10T16:29:59.339105,3.3,False,0,unknown
2026-02-10T16:30:02.341688,3.3,False,0,unknown
2026-02-10T16:30:05.366224,3.3,False,0,unknown
2026-02-10T16:30:08.358855,3.3,False,0,unknown
2026-02-10T16:30:11.354173,3.3,False,0,unknown
2026-02-10T16:30:14.355262,3.3,False,0,unknown
2026-02-10T16:30:17.372356,3.3,False,0,unknown
2026-02-10T16:30:20.362193,3.3,False,0,unknown
2026-02-10T16:30:23.360968,3.3,False,0,unknown
2026-02-10T16:30:26.370981,3.3,False,0,unknown
2026-02-10T16:30:29.369091,3.3,False,0,unknown
2026-02-10T16:30:32.374063,3.3,False,0,unknown
2026-02-10T16:30:35.382596,3.3,False,0,unknown
2026-02-10T16:30:38.400551,3.3,False,0,unknown
2026-02-10T16:30:41.382218,3.3,False,0,unknown
2026-02-10T16:30:44.384502,3.3,False,0,unknown
2026-02-10T16:30:47.390229,3.3,False,0,unknown
2026-02-10T16:30:50.395705,3.3,False,0,unknown
2026-02-10T16:30:53.424658,3.3,False,0,unknown
2026-02-10T16:30:56.420840,3.3,False,0,unknown
2026-02-10T16:30:59.420960,3.3,False,0,unknown
2026-02-10T16:31:02.403058,3.3,False,0,unknown
2026-02-10T16:31:05.408100,3.3,False,0,unknown
2026-02-10T16:31:08.408646,3.3,False,0,unknown
2026-02-10T16:31:11.423965,3.3,False,0,unknown
2026-02-10T16:31:14.444476,3.3,False,0,unknown
2026-02-10T16:31:17.419789,3.3,False,0,unknown
2026-02-10T16:31:20.425298,3.3,False,0,unknown
2026-02-10T16:31:23.462277,3.3,False,0,unknown
2026-02-10T16:31:26.429080,3.3,False,0,unknown
2026-02-10T16:31:29.435771,3.3,False,0,unknown
2026-02-10T16:31:32.460117,3.3,False,0,unknown
2026-02-10T16:31:35.441467,3.3,False,0,unknown
2026-02-10T16:31:38.442256,3.3,False,0,unknown
2026-02-10T16:31:41.445626,3.3,False,0,unknown
2026-02-10T16:31:44.479422,3.3,False,0,unknown
2026-02-10T16:31:47.468631,3.3,False,0,unknown
2026-02-10T16:31:50.475890,3.3,False,0,unknown
2026-02-10T16:31:53.453491,3.3,False,0,unknown
2026-02-10T16:31:56.457706,3.3,False,0,unknown
2026-02-10T16:31:59.460304,3.3,False,0,unknown
2026-02-10T16:32:02.482299,3.3,False,0,unknown
2026-02-10T16:32:05.475307,3.3,False,0,unknown
2026-02-10T16:32:08.503273,3.3,False,0,unknown
2026-02-10T16:32:11.495085,3.3,False,0,unknown
2026-02-10T16:32:14.477583,3.3,False,0,unknown
2026-02-10T16:32:17.476238,3.3,False,0,unknown
2026-02-10T16:32:20.482963,3.3,False,0,unknown
2026-02-10T16:32:23.487301,3.3,False,0,unknown
2026-02-10T16:32:26.488616,3.3,False,0,unknown
2026-02-10T16:32:29.499537,3.3,False,0,unknown
2026-02-10T16:32:32.495347,3.3,False,0,unknown
2026-02-10T16:32:35.499723,3.3,False,0,unknown
2026-02-10T16:32:38.515552,3.3,False,0,unknown
2026-02-10T16:32:41.506462,3.3,False,0,unknown
2026-02-10T16:32:44.537069,3.3,False,0,unknown
2026-02-10T16:32:47.510038,3.3,False,0,unknown
2026-02-10T16:32:50.512994,3.3,False,0,unknown
2026-02-10T16:32:53.518985,3.3,False,0,unknown
2026-02-10T16:32:56.522481,3.3,False,0,unknown
2026-02-10T16:32:59.524806,3.3,False,0,unknown
2026-02-10T16:33:02.546457,3.3,False,0,unknown
2026-02-10T16:33:05.551336,3.3,False,0,unknown
2026-02-10T16:33:08.533153,3.3,False,0,unknown
2026-02-10T16:33:11.613645,3.3,False,0,unknown
2026-02-10T16:33:14.557878,3.3,False,0,unknown
2026-02-10T16:33:17.565698,3.3,False,0,unknown
2026-02-10T16:33:20.544479,3.3,False,0,unknown
2026-02-10T16:33:23.543809,3.3,False,0,unknown
2026-02-10T16:33:26.557894,3.3,False,0,unknown
2026-02-10T16:33:29.553045,3.3,False,0,unknown
2026-02-10T16:33:32.557567,3.3,False,0,unknown
2026-02-10T16:33:35.560876,3.3,False,0,unknown
2026-02-10T16:33:38.595072,3.3,False,0,unknown
2026-02-10T16:33:41.573580,3.3,False,0,unknown
2026-02-10T16:33:44.581079,3.3,False,0,unknown
2026-02-10T16:33:47.585330,3.3,False,0,unknown
2026-02-10T16:33:50.571322,3.3,False,0,unknown
2026-02-10T16:33:53.607786,3.3,False,0,unknown
2026-02-10T16:33:56.595581,3.3,False,0,unknown
2026-02-10T16:33:59.584952,3.3,False,0,unknown
2026-02-10T16:34:02.587096,3.3,False,0,unknown
2026-02-10T16:34:05.590468,3.3,False,0,unknown
2026-02-10T16:34:08.596947,3.3,False,0,unknown
2026-02-10T16:34:11.597534,3.3,False,0,unknown
2026-02-10T16:34:14.619725,3.3,False,0,unknown
2026-02-10T16:34:17.600369,3.3,False,0,unknown
2026-02-10T16:34:20.645110,3.3,False,0,unknown
2026-02-10T16:34:23.639117,3.3,False,0,unknown
2026-02-10T16:34:26.611461,3.3,False,0,unknown
2026-02-10T16:34:29.613436,3.3,False,0,unknown
2026-02-10T16:34:32.618778,3.3,False,0,unknown
2026-02-10T16:34:35.619320,3.3,False,0,unknown
2026-02-10T16:34:38.620711,3.3,False,0,unknown
2026-02-10T16:34:41.627461,3.3,False,0,unknown
2026-02-10T16:34:44.628841,3.3,False,0,unknown
2026-02-10T16:34:47.633640,3.3,False,0,unknown
2026-02-10T16:34:50.667393,3.3,False,0,unknown
2026-02-10T16:34:53.669706,3.3,False,0,unknown
2026-02-10T16:34:56.671693,3.3,False,0,unknown
2026-02-10T16:34:59.645467,3.3,False,0,unknown
2026-02-10T16:35:02.651551,3.3,False,0,unknown
2026-02-10T16:35:05.678308,3.3,False,0,unknown
2026-02-10T16:35:08.650302,3.3,False,0,unknown
2026-02-10T16:35:11.663350,3.3,False,0,unknown
2026-02-10T16:35:14.712606,3.3,False,0,unknown
2026-02-10T16:35:17.703538,3.3,False,0,unknown
2026-02-10T16:35:20.675888,3.3,False,0,unknown
2026-02-10T16:35:23.720064,3.3,False,0,unknown
2026-02-10T16:35:26.672516,3.3,False,0,unknown
2026-02-10T16:35:29.674780,3.3,False,0,unknown
2026-02-10T16:35:32.678232,3.3,False,0,unknown
2026-02-10T16:35:35.681118,3.3,False,0,unknown
2026-02-10T16:35:38.686226,3.3,False,0,unknown
2026-02-10T16:35:41.687057,3.3,False,0,unknown
2026-02-10T16:35:44.689937,3.3,False,0,unknown
2026-02-10T16:35:47.694478,3.3,False,0,unknown
2026-02-10T16:35:50.696332,3.3,False,0,unknown
2026-02-10T16:35:53.698125,3.3,False,0,unknown
2026-02-10T16:35:56.703090,3.3,False,0,unknown
2026-02-10T16:35:59.728710,3.3,False,0,unknown
2026-02-10T16:36:03.851080,3.3,False,0,unknown
2026-02-10T16:36:05.716234,3.3,False,0,unknown
2026-02-10T16:36:08.713757,3.3,False,0,unknown
2026-02-10T16:36:11.727908,3.3,False,0,unknown
2026-02-10T16:36:14.720616,3.3,False,0,unknown
2026-02-10T16:36:17.762572,3.3,False,0,unknown
2026-02-10T16:36:20.741205,3.3,False,0,unknown
2026-02-10T16:36:23.728364,3.3,False,0,unknown
2026-02-10T16:36:26.734446,3.3,False,0,unknown
2026-02-10T16:36:29.739917,3.3,False,0,unknown
2026-02-10T16:36:32.739749,3.3,False,0,unknown
2026-02-10T16:36:35.761120,3.3,False,0,unknown
2026-02-10T16:36:38.743351,3.3,False,0,unknown
2026-02-10T16:36:41.751654,3.3,False,0,unknown
2026-02-10T16:36:44.785260,3.3,False,0,unknown
2026-02-10T16:36:47.755727,3.3,False,0,unknown
2026-02-10T16:36:50.762078,3.3,False,0,unknown
2026-02-10T16:36:53.758880,3.3,False,0,unknown
2026-02-10T16:36:56.766672,3.3,False,0,unknown
2026-02-10T16:36:59.931088,3.3,False,0,unknown
2026-02-10T16:37:02.772205,3.3,False,0,unknown
2026-02-10T16:37:05.777763,3.3,False,0,unknown
2026-02-10T16:37:08.802409,3.3,False,0,unknown
2026-02-10T16:37:11.804355,3.3,False,0,unknown
2026-02-10T16:37:14.783987,3.3,False,0,unknown
2026-02-10T16:37:17.804088,3.3,False,0,unknown
2026-02-10T16:37:20.863231,3.3,False,0,unknown
2026-02-10T16:37:23.789880,3.3,False,0,unknown
2026-02-10T16:37:26.794188,3.3,False,0,unknown
2026-02-10T16:37:29.798124,3.3,False,0,unknown
2026-02-10T16:37:32.803765,3.3,False,0,unknown
2026-02-10T16:37:35.803541,3.3,False,0,unknown
2026-02-10T16:37:38.808082,3.3,False,0,unknown
2026-02-10T16:37:41.807585,3.3,False,0,unknown
2026-02-10T16:37:44.812251,3.3,False,0,unknown
2026-02-10T16:37:47.903209,3.3,False,0,unknown
2026-02-10T16:37:50.821816,3.3,False,0,unknown
2026-02-10T16:37:54.129226,3.3,False,0,unknown
2026-02-10T16:37:56.827734,3.3,False,0,unknown
2026-02-10T16:37:59.827282,3.3,False,0,unknown
2026-02-10T16:38:02.830378,3.3,False,0,unknown
2026-02-10T16:38:05.839366,3.3,False,0,unknown
2026-02-10T16:38:08.843180,3.3,False,0,unknown
2026-02-10T16:38:11.844250,3.3,False,0,unknown
2026-02-10T16:38:14.844921,3.3,False,0,unknown
2026-02-10T16:38:17.846179,3.3,False,0,unknown
2026-02-10T16:38:20.979268,3.3,False,0,unknown
2026-02-10T16:38:23.859735,3.3,False,0,unknown
2026-02-10T16:38:26.862224,3.3,False,0,unknown
2026-02-10T16:38:29.888866,3.3,False,0,unknown
2026-02-10T16:38:32.866685,3.3,False,0,unknown
2026-02-10T16:38:35.866106,3.3,False,0,unknown
2026-02-10T16:38:38.894379,3.3,False,0,unknown
2026-02-10T16:38:41.872104,3.3,False,0,unknown
2026-02-10T16:38:44.875509,3.3,False,0,unknown
2026-02-10T16:38:47.907324,3.3,False,0,unknown
2026-02-10T16:38:50.883274,3.3,False,0,unknown
2026-02-10T16:38:53.896483,3.3,False,0,unknown
2026-02-10T16:38:56.896895,3.3,False,0,unknown
2026-02-10T16:38:59.911606,3.3,False,0,unknown
2026-02-10T16:39:02.894399,3.3,False,0,unknown
2026-02-10T16:39:05.898209,3.3,False,0,unknown
2026-02-10T16:39:08.901389,3.3,False,0,unknown
2026-02-10T16:39:11.901470,3.3,False,0,unknown
2026-02-10T16:39:14.904766,3.3,False,0,unknown
2026-02-10T16:39:18.012544,3.3,False,0,unknown
2026-02-10T16:39:20.911427,3.3,False,0,unknown
2026-02-10T16:39:23.913777,3.3,False,0,unknown
2026-02-10T16:39:26.923864,3.3,False,0,unknown
2026-02-10T16:39:29.929012,3.3,False,0,unknown
2026-02-10T16:39:32.928492,3.3,False,0,unknown
2026-02-10T16:39:35.936813,3.3,False,0,unknown
2026-02-10T16:39:38.939827,3.3,False,0,unknown
2026-02-10T16:39:41.934508,3.3,False,0,unknown
2026-02-10T16:39:44.941958,3.3,False,0,unknown
2026-02-10T16:39:47.940570,3.3,False,0,unknown
2026-02-10T16:39:50.981152,3.3,False,0,unknown
2026-02-10T16:39:53.944390,3.3,False,0,unknown
2026-02-10T16:39:56.947634,3.3,False,0,unknown
2026-02-10T16:39:59.950190,3.3,False,0,unknown
2026-02-10T16:40:02.955086,3.3,False,0,unknown
2026-02-10T16:40:05.958491,3.3,False,0,unknown
2026-02-10T16:40:08.960465,3.3,False,0,unknown
2026-02-10T16:40:11.978423,3.3,False,0,unknown
2026-02-10T16:40:16.351598,3.3,False,0,unknown
2026-02-10T16:40:17.968717,3.3,False,0,unknown
2026-02-10T16:40:20.975852,3.3,False,0,unknown
2026-02-10T16:40:23.981471,3.3,False,0,unknown
2026-02-10T16:40:26.978186,3.3,False,0,unknown
2026-02-10T16:40:29.984825,3.3,False,0,unknown
2026-02-10T16:40:32.990321,3.3,False,0,unknown
2026-02-10T16:40:35.990867,3.3,False,0,unknown
2026-02-10T16:40:38.994530,3.3,False,0,unknown
2026-02-10T16:40:41.993909,3.3,False,0,unknown
2026-02-10T16:40:45.001850,3.3,False,0,unknown
2026-02-10T16:40:48.031660,3.3,False,0,unknown
2026-02-10T16:40:51.004210,3.3,False,0,unknown
2026-02-10T16:40:54.005776,3.3,False,0,unknown
2026-02-10T16:40:57.068127,3.3,False,0,unknown
2026-02-10T16:41:00.010429,3.3,False,0,unknown
2026-02-10T16:41:03.014600,3.3,False,0,unknown
2026-02-10T16:41:06.020719,3.3,False,0,unknown
2026-02-10T16:41:09.038922,3.3,False,0,unknown
2026-02-10T16:41:12.034888,3.3,False,0,unknown
2026-02-10T16:41:16.358232,3.3,False,0,unknown
2026-02-10T16:41:18.033332,3.3,False,0,unknown
2026-02-10T16:41:21.079565,3.3,False,0,unknown
2026-02-10T16:41:24.040152,3.3,False,0,unknown
2026-02-10T16:41:27.041167,3.3,False,0,unknown
2026-02-10T16:41:30.045378,3.3,False,0,unknown
2026-02-10T16:41:33.075983,3.3,False,0,unknown
2026-02-10T16:41:36.058862,3.3,False,0,unknown
2026-02-10T16:41:39.054341,3.3,False,0,unknown
2026-02-10T16:41:42.054735,3.3,False,0,unknown
2026-02-10T16:41:45.062095,3.3,False,0,unknown
2026-02-10T16:41:48.093940,3.3,False,0,unknown
2026-02-10T16:41:51.063869,3.3,False,0,unknown
2026-02-10T16:41:54.072325,3.3,False,0,unknown
2026-02-10T16:41:57.064986,3.3,False,0,unknown
2026-02-10T16:42:00.075412,3.3,False,0,unknown
2026-02-10T16:42:03.181848,3.3,False,0,unknown
2026-02-10T16:42:06.076166,3.3,False,0,unknown
2026-02-10T16:42:09.092849,3.3,False,0,unknown
2026-02-10T16:42:12.095120,3.3,False,0,unknown
2026-02-10T16:42:15.095784,3.3,False,0,unknown
2026-02-10T16:42:18.131079,3.3,False,0,unknown
2026-02-10T16:42:21.128308,3.3,False,0,unknown
2026-02-10T16:42:24.103878,3.3,False,0,unknown
2026-02-10T16:42:27.114491,3.3,False,0,unknown
2026-02-10T16:42:30.104121,3.3,False,0,unknown
2026-02-10T16:42:33.187221,3.3,False,0,unknown
2026-02-10T16:42:36.124527,3.3,False,0,unknown
2026-02-10T16:42:39.110979,3.3,False,0,unknown
2026-02-10T16:42:42.113293,3.3,False,0,unknown
2026-02-10T16:42:45.122659,3.3,False,0,unknown
2026-02-10T16:42:48.119028,3.3,False,0,unknown
2026-02-10T16:42:51.124961,3.3,False,0,unknown
2026-02-10T16:42:54.128198,3.3,False,0,unknown
2026-02-10T16:42:57.126234,3.3,False,0,unknown
2026-02-10T16:43:00.150561,3.3,False,0,unknown
2026-02-10T16:43:03.163557,3.3,False,0,unknown
2026-02-10T16:43:06.143852,3.3,False,0,unknown
2026-02-10T16:43:09.152089,3.3,False,0,unknown
2026-02-10T16:43:12.145857,3.3,False,0,unknown
2026-02-10T16:43:16.699515,3.3,False,0,unknown
2026-02-10T16:43:18.155841,3.3,False,0,unknown
2026-02-10T16:43:21.154234,3.3,False,0,unknown
2026-02-10T16:43:24.159535,3.3,False,0,unknown
2026-02-10T16:43:27.208511,3.3,False,0,unknown
2026-02-10T16:43:30.162477,3.3,False,0,unknown
2026-02-10T16:43:33.188540,3.3,False,0,unknown
2026-02-10T16:43:36.169013,3.3,False,0,unknown
2026-02-10T16:43:39.171080,3.3,False,0,unknown
2026-02-10T16:43:42.180492,3.3,False,0,unknown
2026-02-10T16:43:45.174516,3.3,False,0,unknown
2026-02-10T16:43:48.180453,3.3,False,0,unknown
2026-02-10T16:43:51.212503,3.3,False,0,unknown
2026-02-10T16:43:55.363595,3.3,False,0,unknown
2026-02-10T16:43:57.190562,3.3,False,0,unknown
2026-02-10T16:44:00.194739,3.3,False,0,unknown
2026-02-10T16:44:03.202514,3.3,False,0,unknown
2026-02-10T16:44:06.199214,3.3,False,0,unknown
2026-02-10T16:44:09.202101,3.3,False,0,unknown
2026-02-10T16:44:12.307502,3.3,False,0,unknown
2026-02-10T16:44:15.255996,3.3,False,0,unknown
2026-02-10T16:44:18.214064,3.3,False,0,unknown
2026-02-10T16:44:21.219207,3.3,False,0,unknown
2026-02-10T16:44:24.216096,3.3,False,0,unknown
2026-02-10T16:44:27.226030,3.3,False,0,unknown
2026-02-10T16:44:30.226306,4.2,False,0,unknown
2026-02-10T16:44:33.228382,3.3,False,0,unknown
2026-02-10T16:44:36.229924,3.3,False,0,unknown
2026-02-10T16:44:39.240299,3.3,False,0,unknown
2026-02-10T16:44:42.237934,3.3,False,0,unknown
2026-02-10T16:44:45.245874,3.3,False,0,unknown
2026-02-10T16:44:48.354243,3.3,False,0,unknown
2026-02-10T16:44:51.247413,3.3,False,0,unknown
2026-02-10T16:44:54.256380,4.2,False,0,unknown
2026-02-10T16:44:57.254051,3.3,False,0,unknown
2026-02-10T16:45:00.260342,4.2,False,0,unknown
2026-02-10T16:45:03.260471,3.3,False,0,unknown
2026-02-10T16:45:06.261559,4.2,False,0,unknown
2026-02-10T16:45:09.259900,3.3,False,0,unknown
2026-02-10T16:45:12.266172,3.3,False,0,unknown
2026-02-10T16:45:15.273090,3.3,False,0,unknown
2026-02-10T16:45:18.442710,4.2,False,0,unknown
2026-02-10T16:45:21.277336,3.3,False,0,unknown
2026-02-10T16:45:24.282230,4.2,False,0,unknown
2026-02-10T16:45:27.293384,4.2,False,0,unknown
2026-02-10T16:45:30.299011,4.2,False,0,unknown
2026-02-10T16:45:33.295857,4.2,False,0,unknown
2026-02-10T16:45:36.296517,3.3,False,0,unknown
2026-02-10T16:45:39.293743,4.2,False,0,unknown
2026-02-10T16:45:42.299353,3.3,False,0,unknown
2026-02-10T16:45:45.405268,3.3,False,0,unknown
2026-02-10T16:45:55.386322,3.3,False,0,unknown
2026-02-10T16:45:55.421944,3.3,False,0,unknown
2026-02-10T16:45:55.422366,3.3,False,0,unknown
2026-02-10T16:45:57.347622,3.3,False,0,unknown
2026-02-10T16:46:00.326019,3.3,False,0,unknown
2026-02-10T16:46:03.319424,3.3,False,0,unknown
2026-02-10T16:46:06.323164,3.3,False,0,unknown
2026-02-10T16:46:09.328695,3.3,False,0,unknown
2026-02-10T16:46:12.330397,3.3,False,0,unknown
2026-02-10T16:46:15.329834,3.3,False,0,unknown
2026-02-10T16:46:18.332750,3.3,False,0,unknown
2026-02-10T16:46:21.338261,3.3,False,0,unknown
2026-02-10T16:46:24.338711,3.3,False,0,unknown
2026-02-10T16:46:27.342399,3.3,False,0,unknown
2026-02-10T16:46:30.359314,3.3,False,0,unknown
2026-02-10T16:46:33.349969,3.3,False,0,unknown
2026-02-10T16:46:37.689832,3.3,False,0,unknown
2026-02-10T16:46:39.358810,3.3,False,0,unknown
2026-02-10T16:46:42.360046,3.3,False,0,unknown
2026-02-10T16:46:45.356871,3.3,False,0,unknown
2026-02-10T16:46:48.384201,3.3,False,0,unknown
2026-02-10T16:46:51.367033,3.3,False,0,unknown
2026-02-10T16:46:54.366654,3.3,False,0,unknown
2026-02-10T16:46:57.373521,3.3,False,0,unknown
2026-02-10T16:47:00.375076,3.3,False,0,unknown
2026-02-10T16:47:03.378673,3.3,False,0,unknown
2026-02-10T16:47:06.397595,3.3,False,0,unknown
2026-02-10T16:47:09.388718,3.3,False,0,unknown
2026-02-10T16:47:12.388031,3.3,False,0,unknown
2026-02-10T16:47:15.400947,3.3,False,0,unknown
2026-02-10T16:47:18.403133,3.3,False,0,unknown
2026-02-10T16:47:21.407611,3.3,False,0,unknown
2026-02-10T16:47:24.412610,3.3,False,0,unknown
2026-02-10T16:47:27.410286,3.3,False,0,unknown
2026-02-10T16:47:30.409398,3.3,False,0,unknown
2026-02-10T16:47:33.412486,3.3,False,0,unknown
2026-02-10T16:47:36.422453,3.3,False,0,unknown
2026-02-10T16:47:39.436033,3.3,False,0,unknown
2026-02-10T16:47:42.425919,3.3,False,0,unknown
2026-02-10T16:47:45.440483,3.3,False,0,unknown
2026-02-10T16:47:48.426201,3.3,False,0,unknown
2026-02-10T16:47:51.426754,3.3,False,0,unknown
2026-02-10T16:47:54.431380,3.3,False,0,unknown
2026-02-10T16:47:57.444784,3.3,False,0,unknown
2026-02-10T16:48:00.436291,3.3,False,0,unknown
2026-02-10T16:48:03.470475,3.3,False,0,unknown
2026-02-10T16:48:06.446174,3.3,False,0,unknown
2026-02-10T16:48:09.445364,3.3,False,0,unknown
2026-02-10T16:48:12.456394,3.3,False,0,unknown
2026-02-10T16:48:15.454656,3.3,False,0,unknown
2026-02-10T16:48:18.583206,3.3,False,0,unknown
2026-02-10T16:48:21.464131,3.3,False,0,unknown
2026-02-10T16:48:24.460799,3.3,False,0,unknown
2026-02-10T16:48:27.626497,3.3,False,0,unknown
2026-02-10T16:48:30.467063,3.3,False,0,unknown
2026-02-10T16:48:33.483191,3.3,False,0,unknown
2026-02-10T16:48:38.184687,3.3,False,0,unknown
2026-02-10T16:48:39.500403,3.3,False,0,unknown
2026-02-10T16:48:42.489307,3.3,False,0,unknown
2026-02-10T16:48:45.486660,3.3,False,0,unknown
2026-02-10T16:48:48.492960,3.3,False,0,unknown
2026-02-10T16:48:51.488757,3.3,False,0,unknown
2026-02-10T16:48:54.563672,3.3,False,0,unknown
2026-02-10T16:48:57.500633,3.3,False,0,unknown
2026-02-10T16:49:00.500703,3.3,False,0,unknown
2026-02-10T16:49:03.536014,3.3,False,0,unknown
2026-02-10T16:49:06.506744,3.3,False,0,unknown
2026-02-10T16:49:09.506830,3.3,False,0,unknown
2026-02-10T16:49:12.547788,3.3,False,0,unknown
2026-02-10T16:49:15.719563,3.3,False,0,unknown
2026-02-10T16:49:18.544293,3.3,False,0,unknown
2026-02-10T16:49:21.521593,3.3,False,0,unknown
2026-02-10T16:49:24.528138,3.3,False,0,unknown
2026-02-10T16:49:27.527789,3.3,False,0,unknown
2026-02-10T16:49:30.547452,3.3,False,0,unknown
2026-02-10T16:49:33.543993,3.3,False,0,unknown
2026-02-10T16:49:36.539124,3.3,False,0,unknown
2026-02-10T16:49:39.542663,3.3,False,0,unknown
2026-02-10T16:49:42.564423,3.3,False,0,unknown
2026-02-10T16:49:45.562291,3.3,False,0,unknown
2026-02-10T16:49:48.694450,3.3,False,0,unknown
2026-02-10T16:49:51.553389,3.3,False,0,unknown
2026-02-10T16:49:54.558802,3.3,False,0,unknown
2026-02-10T16:49:57.565026,3.3,False,0,unknown
2026-02-10T16:50:00.577509,3.3,False,0,unknown
2026-02-10T16:50:03.562177,3.3,False,0,unknown
2026-02-10T16:50:06.567565,3.3,False,0,unknown
2026-02-10T16:50:09.607658,3.3,False,0,unknown
2026-02-10T16:50:12.569660,3.3,False,0,unknown
2026-02-10T16:50:15.596261,3.3,False,0,unknown
2026-02-10T16:50:18.597182,3.3,False,0,unknown
2026-02-10T16:50:21.581018,3.3,False,0,unknown
2026-02-10T16:50:24.599665,3.3,False,0,unknown
2026-02-10T16:50:27.586760,3.3,False,0,unknown
2026-02-10T16:50:30.591957,3.3,False,0,unknown
2026-02-10T16:50:33.591081,3.3,False,0,unknown
2026-02-10T16:50:36.597874,3.3,False,0,unknown
2026-02-10T16:50:39.596884,3.3,False,0,unknown
2026-02-10T16:50:42.610300,3.3,False,0,unknown
2026-02-10T16:50:45.607439,3.3,False,0,unknown
2026-02-10T16:50:48.616439,3.3,False,0,unknown
2026-02-10T16:50:51.698159,3.3,False,0,unknown
2026-02-10T16:50:54.616694,3.3,False,0,unknown
2026-02-10T16:50:57.818705,3.3,False,0,unknown
2026-02-10T16:51:01.890211,3.3,False,0,unknown
2026-02-10T16:51:03.626142,3.3,False,0,unknown
2026-02-10T16:51:06.636634,3.3,False,0,unknown
2026-02-10T16:51:09.632000,3.3,False,0,unknown
2026-02-10T16:51:12.633254,3.3,False,0,unknown
2026-02-10T16:51:15.647613,3.3,False,0,unknown
2026-02-10T16:51:18.705439,3.3,False,0,unknown
2026-02-10T16:51:21.644657,3.3,False,0,unknown
2026-02-10T16:51:24.661871,3.3,False,0,unknown
2026-02-10T16:51:27.723360,3.3,False,0,unknown
2026-02-10T16:51:32.894039,3.3,False,0,unknown
2026-02-10T16:51:33.713030,3.3,False,0,unknown
2026-02-10T16:51:36.662284,3.3,False,0,unknown
2026-02-10T16:51:39.663629,3.3,False,0,unknown
2026-02-10T16:51:42.894937,3.3,False,0,unknown
2026-02-10T16:51:45.670469,2.5,False,0,unknown
2026-02-10T16:51:48.685290,3.3,False,0,unknown
2026-02-10T16:51:51.689125,3.3,False,0,unknown
2026-02-10T16:51:54.828477,3.3,False,0,unknown
2026-02-10T16:51:57.681002,2.5,False,0,unknown
2026-02-10T16:52:00.694797,3.3,False,0,unknown
2026-02-10T16:52:03.705805,2.5,False,0,unknown
2026-02-10T16:52:06.689828,2.5,False,0,unknown
2026-02-10T16:52:09.697551,2.5,False,0,unknown
2026-02-10T16:52:12.700291,2.5,False,0,unknown
2026-02-10T16:52:15.698607,2.5,False,0,unknown
2026-02-10T16:52:18.707930,2.5,False,0,unknown
2026-02-10T16:52:21.719053,2.5,False,0,unknown
2026-02-10T16:52:24.708799,2.5,False,0,unknown
2026-02-10T16:52:27.711591,2.5,False,0,unknown
2026-02-10T16:52:30.750217,2.5,False,0,unknown
2026-02-10T16:52:33.736810,2.5,False,0,unknown
2026-02-10T16:52:36.720799,2.5,False,0,unknown
2026-02-10T16:52:39.793250,2.5,False,0,unknown
2026-02-10T16:52:42.725678,2.5,False,0,unknown
2026-02-10T16:52:45.730108,2.5,False,0,unknown
2026-02-10T16:52:48.817197,2.5,False,0,unknown
2026-02-10T16:52:51.734519,2.5,False,0,unknown
2026-02-10T16:52:54.760927,2.5,False,0,unknown
2026-02-10T16:52:59.195534,2.5,False,0,unknown
2026-02-10T16:53:00.746495,2.5,False,0,unknown
2026-02-10T16:53:03.748750,2.5,False,0,unknown
2026-02-10T16:53:06.753807,2.5,False,0,unknown
2026-02-10T16:53:09.752200,2.5,False,0,unknown
2026-02-10T16:53:12.781521,2.5,False,0,unknown
2026-02-10T16:53:15.767129,2.5,False,0,unknown
2026-02-10T16:53:18.761978,2.5,False,0,unknown
2026-02-10T16:53:21.765315,2.5,False,0,unknown
2026-02-10T16:53:24.797314,2.5,False,0,unknown
2026-02-10T16:53:28.959704,2.5,False,0,unknown
2026-02-10T16:53:30.776980,2.5,False,0,unknown
2026-02-10T16:53:33.895692,2.5,False,0,unknown
2026-02-10T16:53:36.796193,2.5,False,0,unknown
2026-02-10T16:53:39.783483,2.5,False,0,unknown
2026-02-10T16:53:42.787538,2.5,False,0,unknown
2026-02-10T16:53:45.797998,2.5,False,0,unknown
2026-02-10T16:53:48.793713,2.5,False,0,unknown
2026-02-10T16:53:51.806198,2.5,False,0,unknown
2026-02-10T16:53:54.798803,2.5,False,0,unknown
2026-02-10T16:53:57.802345,2.5,False,0,unknown
2026-02-10T16:54:00.810370,2.5,False,0,unknown
2026-02-10T16:54:03.813774,2.5,False,0,unknown
2026-02-10T16:54:06.814888,2.5,False,0,unknown
2026-02-10T16:54:09.821629,2.5,False,0,unknown
2026-02-10T16:54:12.831312,2.5,False,0,unknown
2026-02-10T16:54:15.835849,2.5,False,0,unknown
2026-02-10T16:54:18.962088,2.5,False,0,unknown
2026-02-10T16:54:21.826616,2.5,False,0,unknown
2026-02-10T16:54:24.829617,2.5,False,0,unknown
2026-02-10T16:54:27.837676,2.5,False,0,unknown
2026-02-10T16:54:30.842377,2.5,False,0,unknown
2026-02-10T16:54:33.843018,2.5,False,0,unknown
2026-02-10T16:54:36.848657,2.5,False,0,unknown
2026-02-10T16:54:39.849348,2.5,False,0,unknown
2026-02-10T16:54:42.854003,2.5,False,0,unknown
2026-02-10T16:54:45.861286,2.5,False,0,unknown
2026-02-10T16:54:48.858945,2.5,False,0,unknown
2026-02-10T16:54:51.861202,2.5,False,0,unknown
2026-02-10T16:54:54.861114,2.5,False,0,unknown
2026-02-10T16:54:57.864095,2.5,False,0,unknown
2026-02-10T16:55:02.105320,2.5,False,0,unknown
2026-02-10T16:55:03.871949,2.5,False,0,unknown
2026-02-10T16:55:06.875560,2.5,False,0,unknown
2026-02-10T16:55:09.876889,2.5,False,0,unknown
2026-02-10T16:55:12.878776,2.5,False,0,unknown
2026-02-10T16:55:15.881999,2.5,False,0,unknown
2026-02-10T16:55:18.889887,2.5,False,0,unknown
2026-02-10T16:55:21.929102,2.5,False,0,unknown
2026-02-10T16:55:24.894560,2.5,False,0,unknown
2026-02-10T16:55:27.894153,2.5,False,0,unknown
2026-02-10T16:55:30.898411,2.5,False,0,unknown
2026-02-10T16:55:33.901929,2.5,False,0,unknown
2026-02-10T16:55:36.904370,2.5,False,0,unknown
2026-02-10T16:55:39.926323,2.5,False,0,unknown
2026-02-10T16:55:42.910053,2.5,False,0,unknown
2026-02-10T16:55:45.913642,2.5,False,0,unknown
2026-02-10T16:55:48.940931,2.5,False,0,unknown
2026-02-10T16:55:51.918638,1.7,False,0,unknown
2026-02-10T16:55:54.927934,1.7,False,0,unknown
2026-02-10T16:55:57.928529,1.7,False,0,unknown
2026-02-10T16:56:00.932330,1.7,False,0,unknown
2026-02-10T16:56:03.932294,1.7,False,0,unknown
2026-02-10T16:56:06.940241,1.7,False,0,unknown
2026-02-10T16:56:09.940632,1.7,False,0,unknown
2026-02-10T16:56:12.939842,1.7,False,0,unknown
2026-02-10T16:56:15.944630,1.7,False,0,unknown
2026-02-10T16:56:18.949647,1.7,False,0,unknown
2026-02-10T16:56:21.948338,1.7,False,0,unknown
2026-02-10T16:56:24.965539,1.7,False,0,unknown
2026-02-10T16:56:27.972860,1.7,False,0,unknown
2026-02-10T16:56:32.714474,1.7,False,0,unknown
2026-02-10T16:56:33.963229,1.7,False,0,unknown
2026-02-10T16:56:36.967624,1.7,False,0,unknown
2026-02-10T16:56:39.965054,1.7,False,0,unknown
2026-02-10T16:56:42.971499,1.7,False,0,unknown
2026-02-10T16:56:45.998429,1.7,False,0,unknown
2026-02-10T16:56:48.977526,1.7,False,0,unknown
2026-02-10T16:56:51.981863,1.7,False,0,unknown
2026-02-10T16:56:54.986836,1.7,False,0,unknown
2026-02-10T16:56:57.995197,1.7,False,0,unknown
2026-02-10T16:57:00.998312,1.7,False,0,unknown
2026-02-10T16:57:04.004318,1.7,False,0,unknown
2026-02-10T16:57:07.003803,1.7,False,0,unknown
2026-02-10T16:57:10.332021,1.7,False,0,unknown
2026-02-10T16:57:13.011506,1.7,False,0,unknown
2026-02-10T16:57:16.062832,1.7,False,0,unknown
2026-02-10T16:57:19.028379,1.7,False,0,unknown
2026-02-10T16:57:22.013039,1.7,False,0,unknown
2026-02-10T16:57:25.015969,1.7,False,0,unknown
2026-02-10T16:57:28.040512,1.7,False,0,unknown
2026-02-10T16:57:31.020574,1.7,False,0,unknown
2026-02-10T16:57:34.023835,1.7,False,0,unknown
2026-02-10T16:57:37.028938,1.7,False,0,unknown
2026-02-10T16:57:40.034824,1.7,False,0,unknown
2026-02-10T16:57:43.032205,1.7,False,0,unknown
2026-02-10T16:57:46.036257,1.7,False,0,unknown
2026-02-10T16:57:49.038720,1.7,False,0,unknown
2026-02-10T16:57:52.051768,1.7,False,0,unknown
2026-02-10T16:57:55.055740,1.7,False,0,unknown
2026-02-10T16:57:58.048099,1.7,False,0,unknown
2026-02-10T16:58:01.052986,1.7,False,0,unknown
2026-02-10T16:58:04.091075,1.7,False,0,unknown
2026-02-10T16:58:07.056843,1.7,False,0,unknown
2026-02-10T16:58:10.075819,1.7,False,0,unknown
2026-02-10T16:58:13.124563,1.7,False,0,unknown
2026-02-10T16:58:16.067952,1.7,False,0,unknown
2026-02-10T16:58:19.077547,1.7,False,0,unknown
2026-02-10T16:58:22.073499,1.7,False,0,unknown
2026-02-10T16:58:25.078483,1.7,False,0,unknown
2026-02-10T16:58:28.080433,1.7,False,0,unknown
2026-02-10T16:58:31.096273,1.7,False,0,unknown
2026-02-10T16:58:34.088176,1.7,False,0,unknown
2026-02-10T16:58:37.088523,1.7,False,0,unknown
2026-02-10T16:58:40.090627,1.7,False,0,unknown
2026-02-10T16:58:43.093590,1.7,False,0,unknown
2026-02-10T16:58:46.112200,1.7,False,0,unknown
2026-02-10T16:58:49.178719,1.7,False,0,unknown
2026-02-10T16:58:52.106322,1.7,False,0,unknown
2026-02-10T16:58:55.111558,1.7,False,0,unknown
2026-02-10T16:58:58.124247,1.7,False,0,unknown
2026-02-10T16:59:01.115919,1.7,False,0,unknown
2026-02-10T16:59:04.132922,1.7,False,0,unknown
2026-02-10T16:59:07.157469,1.7,False,0,unknown
2026-02-10T16:59:10.125393,1.7,False,0,unknown
2026-02-10T16:59:13.131828,1.7,False,0,unknown
2026-02-10T16:59:16.132521,1.7,False,0,unknown
2026-02-10T16:59:19.133865,1.7,False,0,unknown
2026-02-10T16:59:22.142487,1.7,False,0,unknown
2026-02-10T16:59:25.164067,1.7,False,0,unknown
2026-02-10T16:59:28.166247,1.7,False,0,unknown
2026-02-10T16:59:31.166089,1.7,False,0,unknown
2026-02-10T16:59:34.151639,1.7,False,0,unknown
2026-02-10T16:59:37.147140,1.7,False,0,unknown
2026-02-10T16:59:40.151341,1.7,False,0,unknown
2026-02-10T16:59:43.155386,1.7,False,0,unknown
2026-02-10T16:59:46.162517,1.7,False,0,unknown
2026-02-10T16:59:49.160732,1.7,False,0,unknown
2026-02-10T16:59:52.180733,1.7,False,0,unknown
2026-02-10T16:59:55.165480,1.7,False,0,unknown
2026-02-10T16:59:58.185384,1.7,False,0,unknown
2026-02-10T17:00:01.199729,1.7,False,0,unknown
2026-02-10T17:00:04.174521,1.7,False,0,unknown
2026-02-10T17:00:07.178954,1.7,False,0,unknown
2026-02-10T17:00:10.192211,1.7,False,0,unknown
2026-02-10T17:00:13.183672,1.7,False,0,unknown
2026-02-10T17:00:16.190108,1.7,False,0,unknown
2026-02-10T17:00:19.188901,1.7,False,0,unknown
2026-02-10T17:00:22.197463,1.7,False,0,unknown
2026-02-10T17:00:25.199355,1.7,False,0,unknown
2026-02-10T17:00:28.198337,1.7,False,0,unknown
2026-02-10T17:00:31.216732,1.7,False,0,unknown
2026-02-10T17:00:34.208833,1.7,False,0,unknown
2026-02-10T17:00:37.208583,1.7,False,0,unknown
2026-02-10T17:00:40.214233,1.7,False,0,unknown
2026-02-10T17:00:43.219739,1.7,False,0,unknown
2026-02-10T17:00:46.218028,1.7,False,0,unknown
2026-02-10T17:00:49.222144,1.7,False,0,unknown
2026-02-10T17:00:52.221136,1.7,False,0,unknown
2026-02-10T17:00:55.225233,1.7,False,0,unknown
2026-02-10T17:00:58.232466,1.7,False,0,unknown
2026-02-10T17:01:01.237714,1.7,False,0,unknown
2026-02-10T17:01:04.264179,1.7,False,0,unknown
2026-02-10T17:01:07.241638,1.7,False,0,unknown
2026-02-10T17:01:10.258101,1.7,False,0,unknown
2026-02-10T17:01:13.244728,1.7,False,0,unknown
2026-02-10T17:01:16.248086,1.7,False,0,unknown
2026-02-10T17:01:19.250203,1.7,False,0,unknown
2026-02-10T17:01:22.278375,1.7,False,0,unknown
2026-02-10T17:01:25.257255,1.7,False,0,unknown
2026-02-10T17:01:28.266069,1.7,False,0,unknown
2026-02-10T17:01:31.264545,1.7,False,0,unknown
2026-02-10T17:01:34.289028,1.7,False,0,unknown
2026-02-10T17:01:37.284503,1.7,False,0,unknown
2026-02-10T17:01:40.275452,1.7,False,0,unknown
2026-02-10T17:01:43.311386,1.7,False,0,unknown
2026-02-10T17:01:46.309345,1.7,False,0,unknown
2026-02-10T17:01:49.291259,1.7,False,0,unknown
2026-02-10T17:01:52.297073,1.7,False,0,unknown
2026-02-10T17:01:55.294162,1.7,False,0,unknown
2026-02-10T17:01:58.298764,1.7,False,0,unknown
2026-02-10T17:02:01.295447,1.7,False,0,unknown
2026-02-10T17:02:04.308121,1.7,False,0,unknown
2026-02-10T17:02:07.300524,1.7,False,0,unknown
2026-02-10T17:02:10.421668,1.7,False,0,unknown
2026-02-10T17:02:13.305713,1.7,False,0,unknown
2026-02-10T17:02:16.313550,1.7,False,0,unknown
2026-02-10T17:02:19.312669,1.7,False,0,unknown
2026-02-10T17:02:22.314055,1.7,False,0,unknown
2026-02-10T17:02:25.317571,1.7,False,0,unknown
2026-02-10T17:02:28.321130,1.7,False,0,unknown
2026-02-10T17:02:31.326264,1.7,False,0,unknown
2026-02-10T17:02:34.330315,1.7,False,0,unknown
2026-02-10T17:02:37.330040,1.7,False,0,unknown
2026-02-10T17:02:40.333838,1.7,False,0,unknown
2026-02-10T17:02:43.346389,1.7,False,0,unknown
2026-02-10T17:02:46.355480,1.7,False,0,unknown
2026-02-10T17:02:49.345294,1.7,False,0,unknown
2026-02-10T17:02:52.353100,1.7,False,0,unknown
2026-02-10T17:02:55.366981,1.7,False,0,unknown
2026-02-10T17:02:58.383509,1.7,False,0,unknown
2026-02-10T17:03:01.359725,1.7,False,0,unknown
2026-02-10T17:03:04.459401,1.7,False,0,unknown
2026-02-10T17:03:07.372652,1.7,False,0,unknown
2026-02-10T17:03:10.363524,1.7,False,0,unknown
2026-02-10T17:03:13.367159,1.7,False,0,unknown
2026-02-10T17:03:16.370159,1.7,False,0,unknown
2026-02-10T17:03:19.374795,1.7,False,0,unknown
2026-02-10T17:03:22.376610,1.7,False,0,unknown
2026-02-10T17:03:25.378775,1.7,False,0,unknown
2026-02-10T17:03:28.382980,1.7,False,0,unknown
2026-02-10T17:03:31.387291,1.7,False,0,unknown
2026-02-10T17:03:34.389332,1.7,False,0,unknown
2026-02-10T17:03:37.391674,1.7,False,0,unknown
2026-02-10T17:03:40.399344,1.7,False,0,unknown
2026-02-10T17:03:43.404179,1.7,False,0,unknown
2026-02-10T17:03:46.400747,1.7,False,0,unknown
2026-02-10T17:03:49.405884,1.7,False,0,unknown
2026-02-10T17:03:52.419249,1.7,False,0,unknown
2026-02-10T17:03:55.413374,1.7,False,0,unknown
2026-02-10T17:03:58.421529,1.7,False,0,unknown
2026-02-10T17:04:01.420885,1.7,False,0,unknown
2026-02-10T17:04:04.422868,1.7,False,0,unknown
2026-02-10T17:04:07.424881,1.7,False,0,unknown
2026-02-10T17:04:10.433178,1.7,False,0,unknown
2026-02-10T17:04:13.431426,1.7,False,0,unknown
2026-02-10T17:04:16.436757,1.7,False,0,unknown
2026-02-10T17:04:19.437402,1.7,False,0,unknown
2026-02-10T17:04:22.449940,1.7,False,0,unknown
2026-02-10T17:04:25.461157,1.7,False,0,unknown
2026-02-10T17:04:28.455717,1.7,False,0,unknown
2026-02-10T17:04:31.452224,1.7,False,0,unknown
2026-02-10T17:04:34.447111,1.7,False,0,unknown
2026-02-10T17:04:37.495696,1.7,False,0,unknown
2026-02-10T17:04:40.491245,1.7,False,0,unknown
2026-02-10T17:04:43.469116,1.7,False,0,unknown
2026-02-10T17:04:46.466936,1.7,False,0,unknown
2026-02-10T17:04:49.525619,1.7,False,0,unknown
2026-02-10T17:04:52.469806,1.7,False,0,unknown
2026-02-10T17:04:55.483520,1.7,False,0,unknown
2026-02-10T17:04:58.479610,1.7,False,0,unknown
2026-02-10T17:05:01.514233,1.7,False,0,unknown
2026-02-10T17:05:04.484642,1.7,False,0,unknown
2026-02-10T17:05:07.484054,1.7,False,0,unknown
2026-02-10T17:05:10.487545,1.7,False,0,unknown
2026-02-10T17:05:13.491113,1.7,False,0,unknown
2026-02-10T17:05:16.499697,1.7,False,0,unknown
2026-02-10T17:05:19.497130,1.7,False,0,unknown
2026-02-10T17:05:22.500892,1.7,False,0,unknown
2026-02-10T17:05:25.525881,1.7,False,0,unknown
2026-02-10T17:05:28.509536,1.7,False,0,unknown
2026-02-10T17:05:31.510452,1.7,False,0,unknown
2026-02-10T17:05:34.515616,1.7,False,0,unknown
2026-02-10T17:05:37.515593,1.7,False,0,unknown
2026-02-10T17:05:40.518993,1.7,False,0,unknown
2026-02-10T17:05:43.525325,1.7,False,0,unknown
2026-02-10T17:05:46.525692,1.7,False,0,unknown
2026-02-10T17:05:49.529764,1.7,False,0,unknown
2026-02-10T17:05:52.530936,1.7,False,0,unknown
2026-02-10T17:05:55.534323,1.7,False,0,unknown
2026-02-10T17:05:58.538612,1.7,False,0,unknown
2026-02-10T17:06:01.545246,1.7,False,0,unknown
2026-02-10T17:06:04.550048,1.7,False,0,unknown
2026-02-10T17:06:07.553140,1.7,False,0,unknown
2026-02-10T17:06:10.550343,1.7,False,0,unknown
2026-02-10T17:06:13.552900,1.7,False,0,unknown
2026-02-10T17:06:16.562348,1.7,False,0,unknown
2026-02-10T17:06:19.563463,1.7,False,0,unknown
2026-02-10T17:06:22.595576,1.7,False,0,unknown
2026-02-10T17:06:25.576633,1.7,False,0,unknown
2026-02-10T17:06:28.569986,1.7,False,0,unknown
2026-02-10T17:06:31.595249,1.7,False,0,unknown
2026-02-10T17:06:34.583679,1.7,False,0,unknown
2026-02-10T17:06:37.579563,1.7,False,0,unknown
2026-02-10T17:06:40.600155,1.7,False,0,unknown
2026-02-10T17:06:43.592012,1.7,False,0,unknown
2026-02-10T17:06:46.623899,1.7,False,0,unknown
2026-02-10T17:06:49.595895,1.7,False,0,unknown
2026-02-10T17:06:52.601662,1.7,False,0,unknown
2026-02-10T17:06:55.606078,1.7,False,0,unknown
2026-02-10T17:06:58.598753,1.7,False,0,unknown
2026-02-10T17:07:01.601619,1.7,False,0,unknown
2026-02-10T17:07:04.916399,1.7,False,0,unknown
2026-02-10T17:07:07.614672,1.7,False,0,unknown
2026-02-10T17:07:10.618187,1.7,False,0,unknown
2026-02-10T17:07:13.614139,1.7,False,0,unknown
2026-02-10T17:07:16.626524,1.7,False,0,unknown
2026-02-10T17:07:19.621729,1.7,False,0,unknown
2026-02-10T17:07:22.636402,1.7,False,0,unknown
2026-02-10T17:07:25.627632,1.7,False,0,unknown
2026-02-10T17:07:28.649461,1.7,False,0,unknown
2026-02-10T17:07:31.638331,1.7,False,0,unknown
2026-02-10T17:07:34.635214,1.7,False,0,unknown
2026-02-10T17:07:37.640518,1.7,False,0,unknown
2026-02-10T17:07:40.642604,1.7,False,0,unknown
2026-02-10T17:07:43.647626,1.7,False,0,unknown
2026-02-10T17:07:46.649770,1.7,False,0,unknown
2026-02-10T17:07:49.663049,1.7,False,0,unknown
2026-02-10T17:07:52.714752,1.7,False,0,unknown
2026-02-10T17:07:55.800024,1.7,False,0,unknown
2026-02-10T17:07:58.684339,1.7,False,0,unknown
2026-02-10T17:08:01.666855,1.7,False,0,unknown
2026-02-10T17:08:04.692775,1.7,False,0,unknown
2026-02-10T17:08:07.790976,1.7,False,0,unknown
2026-02-10T17:08:10.683349,1.7,False,0,unknown
2026-02-10T17:08:13.714969,1.7,False,0,unknown
2026-02-10T17:08:16.715761,1.7,False,0,unknown
2026-02-10T17:08:19.696728,1.7,False,0,unknown
2026-02-10T17:08:22.694092,1.7,False,0,unknown
2026-02-10T17:08:25.711014,1.7,False,0,unknown
2026-02-10T17:08:28.699933,1.7,False,0,unknown
2026-02-10T17:08:35.966109,1.7,False,0,unknown
2026-02-10T17:08:36.025058,1.7,False,0,unknown
2026-02-10T17:08:37.699347,1.7,False,0,unknown
2026-02-10T17:08:40.733723,1.7,False,0,unknown
2026-02-10T17:08:43.709578,1.7,False,0,unknown
2026-02-10T17:08:46.714733,1.7,False,0,unknown
2026-02-10T17:08:49.714057,1.7,False,0,unknown
2026-02-10T17:08:52.737435,1.7,False,0,unknown
2026-02-10T17:08:55.718814,1.7,False,0,unknown
2026-02-10T17:08:58.729155,1.7,False,0,unknown
2026-02-10T17:09:01.732295,1.7,False,0,unknown
2026-02-10T17:09:04.753981,1.7,False,0,unknown
2026-02-10T17:09:07.735134,1.7,False,0,unknown
2026-02-10T17:09:10.743201,1.7,False,0,unknown
2026-02-10T17:09:13.742698,1.7,False,0,unknown
2026-02-10T17:09:16.747274,1.7,False,0,unknown
2026-02-10T17:09:19.757531,1.7,False,0,unknown
2026-02-10T17:09:22.753935,1.7,False,0,unknown
2026-02-10T17:09:25.748662,1.7,False,0,unknown
2026-02-10T17:09:28.766200,1.7,False,0,unknown
2026-02-10T17:09:31.762050,1.7,False,0,unknown
2026-02-10T17:09:34.759707,1.7,False,0,unknown
2026-02-10T17:09:37.782464,1.7,False,0,unknown
2026-02-10T17:09:40.789605,1.7,False,0,unknown
2026-02-10T17:09:43.766839,1.7,False,0,unknown
2026-02-10T17:09:46.783709,1.7,False,0,unknown
2026-02-10T17:09:49.777733,1.7,False,0,unknown
2026-02-10T17:09:52.776312,1.7,False,0,unknown
2026-02-10T17:09:55.780684,1.7,False,0,unknown
2026-02-10T17:09:58.782084,1.7,False,0,unknown
2026-02-10T17:10:02.950587,1.7,False,0,unknown
2026-02-10T17:10:04.793194,1.7,False,0,unknown
2026-02-10T17:10:07.793816,1.7,False,0,unknown
2026-02-10T17:10:10.801220,1.7,False,0,unknown
2026-02-10T17:10:13.798874,1.7,False,0,unknown
2026-02-10T17:10:16.801043,1.7,False,0,unknown
2026-02-10T17:10:19.803993,1.7,False,0,unknown
2026-02-10T17:10:22.814073,1.7,False,0,unknown
2026-02-10T17:10:25.838134,1.7,False,0,unknown
2026-02-10T17:10:28.825932,1.7,False,0,unknown
2026-02-10T17:10:31.834170,1.7,False,0,unknown
2026-02-10T17:10:34.977720,1.7,False,0,unknown
2026-02-10T17:10:37.832117,1.7,False,0,unknown
2026-02-10T17:10:40.831932,1.7,False,0,unknown
2026-02-10T17:10:43.829748,1.7,False,0,unknown
2026-02-10T17:10:46.834722,1.7,False,0,unknown
2026-02-10T17:10:49.834566,1.7,False,0,unknown
2026-02-10T17:10:52.845969,1.7,False,0,unknown
2026-02-10T17:10:55.843923,1.7,False,0,unknown
2026-02-10T17:10:58.848359,1.7,False,0,unknown
2026-02-10T17:11:01.864126,1.7,False,0,unknown
2026-02-10T17:11:04.854021,1.7,False,0,unknown
2026-02-10T17:11:07.882465,1.7,False,0,unknown
2026-02-10T17:11:10.879373,1.7,False,0,unknown
2026-02-10T17:11:13.859544,1.7,False,0,unknown
2026-02-10T17:11:16.867075,1.7,False,0,unknown
2026-02-10T17:11:19.866208,1.7,False,0,unknown
2026-02-10T17:11:22.871167,1.7,False,0,unknown
2026-02-10T17:11:25.870963,1.7,False,0,unknown
2026-02-10T17:11:28.951491,1.7,False,0,unknown
2026-02-10T17:11:31.883269,1.7,False,0,unknown
2026-02-10T17:11:34.885557,0.8,False,0,unknown
2026-02-10T17:11:37.906388,1.7,False,0,unknown
2026-02-10T17:11:40.888892,1.7,False,0,unknown
2026-02-10T17:11:43.911960,0.8,False,0,unknown
2026-02-10T17:11:46.900760,1.7,False,0,unknown
2026-02-10T17:11:49.901262,1.7,False,0,unknown
2026-02-10T17:11:52.902324,0.8,False,0,unknown
2026-02-10T17:11:55.921679,0.8,False,0,unknown
2026-02-10T17:11:58.904368,0.8,False,0,unknown
2026-02-10T17:12:01.915212,0.8,False,0,unknown
2026-02-10T17:12:04.909789,0.8,False,0,unknown
2026-02-10T17:12:07.915415,0.8,False,0,unknown
2026-02-10T17:12:10.918173,0.8,False,0,unknown
2026-02-10T17:12:13.992055,0.8,False,0,unknown
2026-02-10T17:12:16.924806,0.8,False,0,unknown
2026-02-10T17:12:19.927173,0.8,False,0,unknown
2026-02-10T17:12:22.930757,0.8,False,0,unknown
2026-02-10T17:12:25.932294,0.8,False,0,unknown
2026-02-10T17:12:28.936750,0.8,False,0,unknown
2026-02-10T17:12:31.939852,0.8,False,0,unknown
2026-02-10T17:12:34.943027,0.8,False,0,unknown
2026-02-10T17:12:37.944264,0.8,False,0,unknown
2026-02-10T17:12:40.952573,0.8,False,0,unknown
2026-02-10T17:12:43.948275,0.8,False,0,unknown
2026-02-10T17:12:46.965046,0.8,False,0,unknown
2026-02-10T17:12:49.955480,0.8,False,0,unknown
2026-02-10T17:12:52.974701,0.8,False,0,unknown
2026-02-10T17:12:55.971141,0.8,False,0,unknown
2026-02-10T17:12:58.966136,0.8,False,0,unknown
2026-02-10T17:13:01.965554,0.8,False,0,unknown
2026-02-10T17:13:04.971485,0.8,False,0,unknown
2026-02-10T17:13:07.971439,0.8,False,0,unknown
2026-02-10T17:13:10.980370,0.8,False,0,unknown
2026-02-10T17:13:13.983813,0.8,False,0,unknown
2026-02-10T17:13:16.984135,0.8,False,0,unknown
2026-02-10T17:13:19.988674,0.8,False,0,unknown
2026-02-10T17:13:22.991869,0.8,False,0,unknown
2026-02-10T17:13:27.464623,0.8,False,0,unknown
2026-02-10T17:13:29.002540,0.8,False,0,unknown
2026-02-10T17:13:31.998586,0.8,False,0,unknown
2026-02-10T17:13:35.310910,0.8,False,0,unknown
2026-02-10T17:13:38.013708,0.8,False,0,unknown
2026-02-10T17:13:41.024657,0.8,False,0,unknown
2026-02-10T17:13:44.014199,0.8,False,0,unknown
2026-02-10T17:13:47.044221,0.8,False,0,unknown
2026-02-10T17:13:50.018167,0.8,False,0,unknown
2026-02-10T17:13:53.021427,0.8,False,0,unknown
2026-02-10T17:13:56.033176,0.8,False,0,unknown
2026-02-10T17:13:59.032085,0.8,False,0,unknown
2026-02-10T17:14:02.033547,0.8,False,0,unknown
2026-02-10T17:14:05.040506,0.8,False,0,unknown
2026-02-10T17:14:08.047349,0.8,False,0,unknown
2026-02-10T17:14:11.041903,0.8,False,0,unknown
2026-02-10T17:14:14.046931,0.8,False,0,unknown
2026-02-10T17:14:17.050524,0.8,False,0,unknown
2026-02-10T17:14:20.051959,0.8,False,0,unknown
2026-02-10T17:14:23.055192,0.8,False,0,unknown
2026-02-10T17:14:26.065259,0.8,False,0,unknown
2026-02-10T17:14:29.063728,0.8,False,0,unknown
2026-02-10T17:14:32.084566,0.8,False,0,unknown
2026-02-10T17:14:36.464204,0.8,False,0,unknown
2026-02-10T17:14:38.069961,0.8,False,0,unknown
2026-02-10T17:14:42.492320,0.8,False,0,unknown
2026-02-10T17:14:44.086050,0.8,False,0,unknown
2026-02-10T17:14:47.080495,0.8,False,0,unknown
2026-02-10T17:14:50.088599,0.8,False,0,unknown
2026-02-10T17:14:53.087678,0.8,False,0,unknown
2026-02-10T17:14:56.092002,0.8,False,0,unknown
2026-02-10T17:14:59.103724,0.8,False,0,unknown
2026-02-10T17:15:02.102530,0.8,False,0,unknown
2026-02-10T17:15:05.421895,0.8,False,0,unknown
2026-02-10T17:15:08.102155,0.8,False,0,unknown
2026-02-10T17:15:11.105671,0.8,False,0,unknown
2026-02-10T17:15:14.106169,0.8,False,0,unknown
2026-02-10T17:15:17.107735,0.8,False,0,unknown
2026-02-10T17:15:20.112885,0.8,False,0,unknown
2026-02-10T17:15:23.114837,0.8,False,0,unknown
2026-02-10T17:15:26.142470,0.8,False,0,unknown
2026-02-10T17:15:29.121266,0.8,False,0,unknown
2026-02-10T17:15:32.122306,0.8,False,0,unknown
2026-02-10T17:15:35.130220,0.8,False,0,unknown
2026-02-10T17:15:38.147202,0.8,False,0,unknown
2026-02-10T17:15:41.133247,0.8,False,0,unknown
2026-02-10T17:15:44.135410,0.8,False,0,unknown
2026-02-10T17:15:47.157575,0.8,False,0,unknown
2026-02-10T17:15:50.149876,0.8,False,0,unknown
2026-02-10T17:15:53.149101,0.8,False,0,unknown
2026-02-10T17:15:56.166438,0.8,False,0,unknown
2026-02-10T17:15:59.152228,0.8,False,0,unknown
2026-02-10T17:16:02.162940,0.8,False,0,unknown
2026-02-10T17:16:05.164856,0.8,False,0,unknown
2026-02-10T17:16:08.169498,0.8,False,0,unknown
2026-02-10T17:16:11.183238,0.8,False,0,unknown
2026-02-10T17:16:14.191500,0.8,False,0,unknown
2026-02-10T17:16:17.178620,0.8,False,0,unknown
2026-02-10T17:16:20.172085,0.8,False,0,unknown
2026-02-10T17:16:23.183002,0.8,False,0,unknown
2026-02-10T17:16:26.181610,0.8,False,0,unknown
2026-02-10T17:16:29.185734,0.8,False,0,unknown
2026-02-10T17:16:32.183276,0.8,False,0,unknown
2026-02-10T17:16:35.200493,0.8,False,0,unknown
2026-02-10T17:16:38.192362,0.8,False,0,unknown
2026-02-10T17:16:41.206226,0.8,False,0,unknown
2026-02-10T17:16:44.196357,0.8,False,0,unknown
2026-02-10T17:16:47.215434,0.8,False,0,unknown
2026-02-10T17:16:50.205449,0.8,False,0,unknown
2026-02-10T17:16:53.236937,0.8,False,0,unknown
2026-02-10T17:16:56.253768,0.8,False,0,unknown
2026-02-10T17:16:59.247703,0.8,False,0,unknown
2026-02-10T17:17:02.216648,0.8,False,0,unknown
2026-02-10T17:17:05.219647,0.8,False,0,unknown
2026-02-10T17:17:08.234979,0.8,False,0,unknown
2026-02-10T17:17:11.237264,0.8,False,0,unknown
2026-02-10T17:17:14.228252,0.8,False,0,unknown
2026-02-10T17:17:17.270111,0.8,False,0,unknown
2026-02-10T17:17:20.232819,0.8,False,0,unknown
2026-02-10T17:17:23.237245,0.8,False,0,unknown
2026-02-10T17:17:26.244274,0.8,False,0,unknown
2026-02-10T17:17:29.248680,0.8,False,0,unknown
2026-02-10T17:17:32.250037,0.8,False,0,unknown
2026-02-10T17:17:35.247947,0.8,False,0,unknown
2026-02-10T17:17:38.251325,0.8,False,0,unknown
2026-02-10T17:17:41.256514,0.8,False,0,unknown
2026-02-10T17:17:44.263541,0.8,False,0,unknown
2026-02-10T17:17:47.265352,0.8,False,0,unknown
2026-02-10T17:17:50.276373,0.8,False,0,unknown
2026-02-10T17:17:53.269791,0.8,False,0,unknown
2026-02-10T17:17:56.284264,0.8,False,0,unknown
2026-02-10T17:17:59.272913,0.8,False,0,unknown
2026-02-10T17:18:02.282275,0.8,False,0,unknown
2026-02-10T17:18:05.296441,0.8,False,0,unknown
2026-02-10T17:18:08.360233,0.8,False,0,unknown
2026-02-10T17:18:11.288219,0.8,False,0,unknown
2026-02-10T17:18:14.323089,0.8,False,0,unknown
2026-02-10T17:18:17.300117,0.8,False,0,unknown
2026-02-10T17:18:20.298941,0.8,False,0,unknown
2026-02-10T17:18:23.322248,0.8,False,0,unknown
2026-02-10T17:18:26.330714,0.8,False,0,unknown
2026-02-10T17:18:29.337526,0.8,False,0,unknown
2026-02-10T17:18:32.337133,0.8,False,0,unknown
2026-02-10T17:18:35.317175,0.8,False,0,unknown
2026-02-10T17:18:38.352589,0.8,False,0,unknown
2026-02-10T17:18:41.333646,0.8,False,0,unknown
2026-02-10T17:18:44.320674,0.8,False,0,unknown
2026-02-10T17:18:47.322278,0.8,False,0,unknown
2026-02-10T17:18:50.333064,0.8,False,0,unknown
2026-02-10T17:18:53.344645,0.8,False,0,unknown
2026-02-10T17:18:56.331531,0.8,False,0,unknown
2026-02-10T17:18:59.336829,0.8,False,0,unknown
2026-02-10T17:19:02.349239,0.8,False,0,unknown
2026-02-10T17:19:05.344085,0.8,False,0,unknown
2026-02-10T17:19:08.354658,0.8,False,0,unknown
2026-02-10T17:19:11.351678,0.8,False,0,unknown
2026-02-10T17:19:14.387600,0.8,False,0,unknown
2026-02-10T17:19:17.366736,0.8,False,0,unknown
2026-02-10T17:19:20.356210,0.8,False,0,unknown
2026-02-10T17:19:23.358854,0.8,False,0,unknown
2026-02-10T17:19:26.383002,0.8,False,0,unknown
2026-02-10T17:19:29.370534,0.8,False,0,unknown
2026-02-10T17:19:32.373020,0.8,False,0,unknown
2026-02-10T17:19:35.386797,0.8,False,0,unknown
2026-02-10T17:19:38.381346,0.8,False,0,unknown
2026-02-10T17:19:41.386084,0.8,False,0,unknown
2026-02-10T17:19:44.395180,0.8,False,0,unknown
2026-02-10T17:19:47.388730,0.8,False,0,unknown
2026-02-10T17:19:50.394975,0.8,False,0,unknown
2026-02-10T17:19:53.394876,0.8,False,0,unknown
2026-02-10T17:19:56.398179,0.8,False,0,unknown
2026-02-10T17:19:59.402276,0.8,False,0,unknown
2026-02-10T17:20:02.425487,0.8,False,0,unknown
2026-02-10T17:20:06.515702,0.8,False,0,unknown
2026-02-10T17:20:08.410859,0.8,False,0,unknown
2026-02-10T17:20:11.412281,0.8,False,0,unknown
2026-02-10T17:20:14.407779,0.8,False,0,unknown
2026-02-10T17:20:17.445504,0.8,False,0,unknown
2026-02-10T17:20:20.421343,0.8,False,0,unknown
2026-02-10T17:20:23.420711,0.8,False,0,unknown
2026-02-10T17:20:26.434652,0.8,False,0,unknown
2026-02-10T17:20:29.466809,0.8,False,0,unknown
2026-02-10T17:20:32.440407,0.8,False,0,unknown
2026-02-10T17:20:36.549539,0.8,False,0,unknown
2026-02-10T17:20:38.445017,0.8,False,0,unknown
2026-02-10T17:20:41.441546,0.8,False,0,unknown
2026-02-10T17:20:44.441556,0.8,False,0,unknown
2026-02-10T17:20:47.452988,0.8,False,0,unknown
2026-02-10T17:20:50.459727,0.8,False,0,unknown
2026-02-10T17:20:53.453333,0.8,False,0,unknown
2026-02-10T17:20:56.456222,0.8,False,0,unknown
2026-02-10T17:20:59.462070,0.8,False,0,unknown
2026-02-10T17:21:02.467499,0.8,False,0,unknown
2026-02-10T17:21:05.463681,0.8,False,0,unknown
2026-02-10T17:21:08.464863,0.8,False,0,unknown
2026-02-10T17:21:11.555264,0.8,False,0,unknown
2026-02-10T17:21:14.501422,0.8,False,0,unknown
2026-02-10T17:21:17.474743,0.8,False,0,unknown
2026-02-10T17:21:20.502268,0.8,False,0,unknown
2026-02-10T17:21:23.489733,0.8,False,0,unknown
2026-02-10T17:21:26.496603,0.8,False,0,unknown
2026-02-10T17:21:29.491497,0.8,False,0,unknown
2026-02-10T17:21:32.502224,0.8,False,0,unknown
2026-02-10T17:21:35.508842,0.8,False,0,unknown
2026-02-10T17:21:38.496718,0.8,False,0,unknown
2026-02-10T17:21:41.520512,0.8,False,0,unknown
2026-02-10T17:21:44.503174,0.8,False,0,unknown
2026-02-10T17:21:47.553104,0.8,False,0,unknown
2026-02-10T17:21:50.516480,0.8,False,0,unknown
2026-02-10T17:21:53.572412,0.8,False,0,unknown
2026-02-10T17:21:56.514891,0.8,False,0,unknown
2026-02-10T17:21:59.516406,0.8,False,0,unknown
2026-02-10T17:22:02.548120,0.8,False,0,unknown
2026-02-10T17:22:05.544851,0.8,False,0,unknown
2026-02-10T17:22:08.530331,0.8,False,0,unknown
2026-02-10T17:22:11.535651,0.8,False,0,unknown
2026-02-10T17:22:15.989775,0.8,False,0,unknown
2026-02-10T17:22:17.533480,0.8,False,0,unknown
2026-02-10T17:22:20.538488,0.8,False,0,unknown
2026-02-10T17:22:23.540921,0.8,False,0,unknown
2026-02-10T17:22:26.553598,0.8,False,0,unknown
2026-02-10T17:22:29.547658,0.8,False,0,unknown
2026-02-10T17:22:32.551415,0.8,False,0,unknown
2026-02-10T17:22:35.550311,0.8,False,0,unknown
2026-02-10T17:22:38.567535,0.8,False,0,unknown
2026-02-10T17:22:41.556575,0.8,False,0,unknown
2026-02-10T17:22:44.559638,0.8,False,0,unknown
2026-02-10T17:22:47.580486,0.8,False,0,unknown
2026-02-10T17:22:50.579201,0.8,False,0,unknown
2026-02-10T17:22:53.601238,0.8,False,0,unknown
2026-02-10T17:22:56.573731,0.8,False,0,unknown
2026-02-10T17:22:59.577360,0.8,False,0,unknown
2026-02-10T17:23:02.579961,0.8,False,0,unknown
2026-02-10T17:23:05.581687,0.8,False,0,unknown
2026-02-10T17:23:08.582569,0.8,False,0,unknown
2026-02-10T17:23:11.683244,0.8,False,0,unknown
2026-02-10T17:23:14.607616,0.8,False,0,unknown
2026-02-10T17:23:17.628738,0.8,False,0,unknown
2026-02-10T17:23:20.616129,0.8,False,0,unknown
2026-02-10T17:23:23.598567,0.8,False,0,unknown
2026-02-10T17:23:26.612243,0.8,False,0,unknown
2026-02-10T17:23:29.607254,0.8,False,0,unknown
2026-02-10T17:23:33.988083,0.8,False,0,unknown
2026-02-10T17:23:35.613669,0.8,False,0,unknown
2026-02-10T17:23:38.617267,0.8,False,0,unknown
2026-02-10T17:23:41.614827,0.8,False,0,unknown
2026-02-10T17:23:44.619119,0.8,False,0,unknown
2026-02-10T17:23:47.624852,0.8,False,0,unknown
2026-02-10T17:23:50.633026,0.8,False,0,unknown
2026-02-10T17:23:53.627429,0.8,False,0,unknown
2026-02-10T17:23:56.632261,0.8,False,0,unknown
2026-02-10T17:23:59.634224,0.8,False,0,unknown
2026-02-10T17:24:02.680459,0.8,False,0,unknown
2026-02-10T17:24:05.639829,0.8,False,0,unknown
2026-02-10T17:24:08.647210,0.8,False,0,unknown
2026-02-10T17:24:11.651335,0.8,False,0,unknown
2026-02-10T17:24:14.657764,0.8,False,0,unknown
2026-02-10T17:24:17.663300,0.8,False,0,unknown
2026-02-10T17:24:20.731991,0.8,False,0,unknown
2026-02-10T17:24:23.675684,0.8,False,0,unknown
2026-02-10T17:24:26.667114,0.8,False,0,unknown
2026-02-10T17:24:30.994996,0.8,False,0,unknown
2026-02-10T17:24:32.671006,0.8,False,0,unknown
2026-02-10T17:24:35.676273,0.8,False,0,unknown
2026-02-10T17:24:38.679374,0.8,False,0,unknown
2026-02-10T17:24:41.675729,0.8,False,0,unknown
2026-02-10T17:24:44.677842,0.8,False,0,unknown
2026-02-10T17:24:47.700160,0.8,False,0,unknown
2026-02-10T17:24:50.683476,0.8,False,0,unknown
2026-02-10T17:24:53.683292,0.8,False,0,unknown
2026-02-10T17:24:56.714354,0.8,False,0,unknown
2026-02-10T17:24:59.697209,0.8,False,0,unknown
2026-02-10T17:25:02.695413,0.8,False,0,unknown
2026-02-10T17:25:05.700494,0.8,False,0,unknown
2026-02-10T17:25:08.709650,0.8,False,0,unknown
2026-02-10T17:25:11.707060,0.8,False,0,unknown
2026-02-10T17:25:14.713272,0.8,False,0,unknown
2026-02-10T17:25:17.710499,0.8,False,0,unknown
2026-02-10T17:25:20.719866,0.8,False,0,unknown
2026-02-10T17:25:23.722173,0.8,False,0,unknown
2026-02-10T17:25:26.724562,0.8,False,0,unknown
2026-02-10T17:25:29.729779,0.8,False,0,unknown
2026-02-10T17:25:32.724372,0.8,False,0,unknown
2026-02-10T17:25:35.729555,0.8,False,0,unknown
2026-02-10T17:25:38.759892,0.8,False,0,unknown
2026-02-10T17:25:41.773225,0.8,False,0,unknown
2026-02-10T17:25:44.751521,0.8,False,0,unknown
2026-02-10T17:25:47.743043,0.8,False,0,unknown
2026-02-10T17:25:50.743130,0.8,False,0,unknown
2026-02-10T17:25:53.754829,0.8,False,0,unknown
2026-02-10T17:25:56.754659,0.8,False,0,unknown
2026-02-10T17:25:59.755786,0.8,False,0,unknown
2026-02-10T17:26:02.774972,0.8,False,0,unknown
2026-02-10T17:26:05.772694,0.8,False,0,unknown
2026-02-10T17:26:08.766422,0.8,False,0,unknown
2026-02-10T17:26:11.762958,0.8,False,0,unknown
2026-02-10T17:26:14.772470,0.8,False,0,unknown
2026-02-10T17:26:17.801150,0.8,False,0,unknown
2026-02-10T17:26:20.783564,0.8,False,0,unknown
2026-02-10T17:26:23.774994,0.8,False,0,unknown
2026-02-10T17:26:26.789949,0.8,False,0,unknown
2026-02-10T17:26:29.788251,0.8,False,0,unknown
2026-02-10T17:26:32.783618,0.8,False,0,unknown
2026-02-10T17:26:35.789664,0.8,False,0,unknown
2026-02-10T17:26:38.794040,0.8,False,0,unknown
2026-02-10T17:26:41.793521,0.8,False,0,unknown
2026-02-10T17:26:44.799955,0.8,False,0,unknown
2026-02-10T17:26:47.816110,0.8,False,0,unknown
2026-02-10T17:26:50.804255,0.8,False,0,unknown
2026-02-10T17:26:53.806337,0.8,False,0,unknown
2026-02-10T17:26:56.829119,0.8,False,0,unknown
2026-02-10T17:26:59.872530,0.8,False,0,unknown
2026-02-10T17:27:02.812705,0.8,False,0,unknown
2026-02-10T17:27:05.824182,0.8,False,0,unknown
2026-02-10T17:27:09.125079,0.8,False,0,unknown
2026-02-10T17:27:11.822524,0.8,False,0,unknown
2026-02-10T17:27:14.827570,0.8,False,0,unknown
2026-02-10T17:27:17.832322,0.8,False,0,unknown
2026-02-10T17:27:20.839144,0.8,False,0,unknown
2026-02-10T17:27:23.939669,0.8,False,0,unknown
2026-02-10T17:27:26.839692,0.8,False,0,unknown
2026-02-10T17:27:29.840207,0.8,False,0,unknown
2026-02-10T17:27:32.843272,0.8,False,0,unknown
2026-02-10T17:27:35.847678,0.8,False,0,unknown
2026-02-10T17:27:38.849173,0.8,False,0,unknown
2026-02-10T17:27:41.856213,0.8,False,0,unknown
2026-02-10T17:27:44.870282,0.8,False,0,unknown
2026-02-10T17:27:47.858197,0.8,False,0,unknown
2026-02-10T17:27:50.880556,0.8,False,0,unknown
2026-02-10T17:27:53.899534,0.8,False,0,unknown
2026-02-10T17:27:56.888527,0.8,False,0,unknown
2026-02-10T17:27:59.874958,0.8,False,0,unknown
2026-02-10T17:28:02.873139,0.8,False,0,unknown
2026-02-10T17:28:05.876715,0.8,False,0,unknown
2026-02-10T17:28:08.883368,0.8,False,0,unknown
2026-02-10T17:28:11.887838,0.8,False,0,unknown
2026-02-10T17:28:14.885675,0.8,False,0,unknown
2026-02-10T17:28:17.888173,0.8,False,0,unknown
2026-02-10T17:28:20.899182,0.8,False,0,unknown
2026-02-10T17:28:23.919513,0.8,False,0,unknown
2026-02-10T17:28:26.910749,0.8,False,0,unknown
2026-02-10T17:28:29.920427,0.8,False,0,unknown
2026-02-10T17:28:32.907294,0.8,False,0,unknown
2026-02-10T17:28:37.000661,0.8,False,0,unknown
2026-02-10T17:28:38.909766,0.8,False,0,unknown
2026-02-10T17:28:41.918438,0.8,False,0,unknown
2026-02-10T17:28:44.925338,0.8,False,0,unknown
2026-02-10T17:28:47.920332,0.8,False,0,unknown
2026-02-10T17:28:50.920486,0.8,False,0,unknown
2026-02-10T17:28:53.945539,0.8,False,0,unknown
2026-02-10T17:28:56.931413,0.8,False,0,unknown
2026-02-10T17:28:59.940219,0.8,False,0,unknown
2026-02-10T17:29:02.934475,0.8,False,0,unknown
2026-02-10T17:29:05.968487,0.8,False,0,unknown
2026-02-10T17:29:08.943010,0.8,False,0,unknown
2026-02-10T17:29:11.952335,0.8,False,0,unknown
2026-02-10T17:29:14.960738,0.8,False,0,unknown
2026-02-10T17:29:17.953862,0.8,False,0,unknown
2026-02-10T17:29:20.965744,0.8,False,0,unknown
2026-02-10T17:29:23.956782,0.8,False,0,unknown
2026-02-10T17:29:26.956343,0.8,False,0,unknown
2026-02-10T17:29:29.998012,0.8,False,0,unknown
2026-02-10T17:29:32.996677,0.8,False,0,unknown
2026-02-10T17:29:35.985034,0.8,False,0,unknown
2026-02-10T17:29:39.000472,0.8,False,0,unknown
2026-02-10T17:29:42.017984,0.8,False,0,unknown
2026-02-10T17:29:44.988159,0.8,False,0,unknown
2026-02-10T17:29:48.018080,0.8,False,0,unknown
2026-02-10T17:29:50.999739,0.8,False,0,unknown
2026-02-10T17:29:53.999464,0.8,False,0,unknown
2026-02-10T17:29:57.011793,0.8,False,0,unknown
2026-02-10T17:30:00.025996,0.8,False,0,unknown
2026-02-10T17:30:03.017268,0.8,False,0,unknown
2026-02-10T17:30:06.026089,0.8,False,0,unknown
2026-02-10T17:30:09.023377,0.8,False,0,unknown
2026-02-10T17:30:12.031999,0.8,False,0,unknown
2026-02-10T17:30:15.032300,0.8,False,0,unknown
2026-02-10T17:30:18.029792,0.8,False,0,unknown
2026-02-10T17:30:21.035588,0.8,False,0,unknown
2026-02-10T17:30:24.032238,0.8,False,0,unknown
2026-02-10T17:30:27.054314,0.8,False,0,unknown
2026-02-10T17:30:30.056255,0.8,False,0,unknown
2026-02-10T17:30:33.045293,0.8,False,0,unknown
2026-02-10T17:30:36.059785,0.8,False,0,unknown
2026-02-10T17:30:39.065987,0.8,False,0,unknown
2026-02-10T17:30:42.057761,0.8,False,0,unknown
2026-02-10T17:30:45.079189,0.8,False,0,unknown
2026-02-10T17:30:48.066960,0.8,False,0,unknown
2026-02-10T17:30:51.079622,0.8,False,0,unknown
2026-02-10T17:30:54.066372,0.8,False,0,unknown
2026-02-10T17:30:57.073873,0.8,False,0,unknown
2026-02-10T17:31:00.070947,0.8,False,0,unknown
2026-02-10T17:31:03.070304,0.8,False,0,unknown
2026-02-10T17:31:06.094298,0.8,False,0,unknown
2026-02-10T17:31:09.076851,0.8,False,0,unknown
2026-02-10T17:31:12.123757,0.8,False,0,unknown
2026-02-10T17:31:15.068623,0.8,False,0,unknown
2026-02-10T17:31:18.077589,0.8,False,0,unknown
2026-02-10T17:31:21.088864,0.8,False,0,unknown
2026-02-10T17:31:24.080460,0.8,False,0,unknown
2026-02-10T17:31:27.074591,0.8,False,0,unknown
2026-02-10T17:31:30.088038,0.8,False,0,unknown
2026-02-10T17:31:33.084304,0.8,False,0,unknown
2026-02-10T17:31:36.102588,0.8,False,0,unknown
2026-02-10T17:31:39.088918,0.8,False,0,unknown
2026-02-10T17:31:42.099255,0.8,False,0,unknown
2026-02-10T17:31:45.123375,0.8,False,0,unknown
2026-02-10T17:31:48.096771,0.8,False,0,unknown
2026-02-10T17:31:51.106519,0,False,0,unknown
2026-02-10T17:31:54.102870,0.8,False,0,unknown
2026-02-10T17:31:57.105408,0.8,False,0,unknown
2026-02-10T17:32:00.108347,0.8,False,0,unknown
2026-02-10T17:32:03.114982,0.8,False,0,unknown
2026-02-10T17:32:06.111188,0.8,False,0,unknown
2026-02-10T17:32:09.118869,0.8,False,0,unknown
2026-02-10T17:32:12.127205,0,False,0,unknown
2026-02-10T17:32:15.139754,0.8,False,0,unknown
2026-02-10T17:32:18.130046,0.8,False,0,unknown
2026-02-10T17:32:21.143597,0.8,False,0,unknown
2026-02-10T17:32:24.139868,0.8,False,0,unknown
2026-02-10T17:32:27.137042,0,False,0,unknown
2026-02-10T17:32:30.140735,0.8,False,0,unknown
2026-02-10T17:32:33.144661,0.8,False,0,unknown
2026-02-10T17:32:36.145758,0.8,False,0,unknown
2026-02-10T17:32:39.149900,0,False,0,unknown
2026-02-10T17:32:42.166481,0,False,0,unknown
2026-02-10T17:32:45.183153,0,False,0,unknown
2026-02-10T17:32:48.160216,0.8,False,0,unknown
2026-02-10T17:32:51.184496,0,False,0,unknown
2026-02-10T17:32:54.196039,0.8,False,0,unknown
2026-02-10T17:32:57.182435,0.8,False,0,unknown
2026-02-10T17:33:00.194866,0,False,0,unknown
2026-02-10T17:33:03.174598,0,False,0,unknown
2026-02-10T17:33:06.176569,0.8,False,0,unknown
2026-02-10T17:33:09.179782,0.8,False,0,unknown
2026-02-10T17:33:12.192396,0.8,False,0,unknown
2026-02-10T17:33:15.195431,0,False,0,unknown
2026-02-10T17:33:18.214724,0.8,False,0,unknown
2026-02-10T17:33:21.205579,0.8,False,0,unknown
2026-02-10T17:33:24.211174,0.8,False,0,unknown
2026-02-10T17:33:27.214622,0.8,False,0,unknown
2026-02-10T17:33:30.211931,0.8,False,0,unknown
2026-02-10T17:33:33.208944,0.8,False,0,unknown
2026-02-10T17:33:36.247500,0.8,False,0,unknown
2026-02-10T17:33:39.235753,0,False,0,unknown
2026-02-10T17:33:42.210361,0,False,0,unknown
2026-02-10T17:33:45.227762,0,False,0,unknown
2026-02-10T17:33:48.247331,0,False,0,unknown
2026-02-10T17:33:51.222220,0,False,0,unknown
2026-02-10T17:33:54.250092,0,False,0,unknown
2026-02-10T17:33:57.240795,0,False,0,unknown
2026-02-10T17:34:00.264370,0,False,0,unknown
2026-02-10T17:34:03.229907,0,False,0,unknown
2026-02-10T17:34:06.240527,0,False,0,unknown
2026-02-10T17:34:09.240831,0,False,0,unknown
2026-02-10T17:34:12.268472,0,False,0,unknown
2026-02-10T17:34:15.251296,0,False,0,unknown
2026-02-10T17:34:18.293149,0,False,0,unknown
2026-02-10T17:34:21.260553,0,False,0,unknown
2026-02-10T17:34:24.279447,0,False,0,unknown
2026-02-10T17:34:27.274600,0,False,0,unknown
2026-02-10T17:34:30.266064,0,False,0,unknown
2026-02-10T17:34:33.288188,0,False,0,unknown
2026-02-10T17:34:36.283098,0,False,0,unknown
2026-02-10T17:34:39.264185,0,False,0,unknown
2026-02-10T17:34:42.270516,0,False,0,unknown
2026-02-10T17:34:45.312463,0,False,0,unknown
2026-02-10T17:34:48.280986,0,False,0,unknown
2026-02-10T17:34:51.304629,0,False,0,unknown
2026-02-10T17:34:54.318976,0,False,0,unknown
2026-02-10T17:34:57.321412,0,False,0,unknown
2026-02-10T17:35:00.289208,0,False,0,unknown
2026-02-10T17:35:03.306242,0,False,0,unknown
2026-02-10T17:35:06.297577,0.8,False,0,unknown
2026-02-10T17:35:09.297887,0,False,0,unknown
2026-02-10T17:35:12.332943,0,False,0,unknown
2026-02-10T17:35:15.314308,0,False,0,unknown
2026-02-10T17:35:18.320593,0,False,0,unknown
2026-02-10T17:35:21.419948,0,False,0,unknown
2026-02-10T17:35:24.336819,0,False,0,unknown
2026-02-10T17:35:27.349020,0,False,0,unknown
2026-02-10T17:35:30.327673,0,False,0,unknown
2026-02-10T17:35:33.321909,0,False,0,unknown
2026-02-10T17:35:36.355904,0,False,0,unknown
2026-02-10T17:35:39.360405,0,False,0,unknown
2026-02-10T17:35:42.363070,0,False,0,unknown
2026-02-10T17:35:45.335077,0,False,0,unknown
2026-02-10T17:35:48.360873,0,False,0,unknown
2026-02-10T17:35:51.353339,0,False,0,unknown
2026-02-10T17:35:58.620764,0,False,0,unknown
2026-02-10T17:35:58.620936,0.8,False,0,unknown
2026-02-10T17:36:00.355554,0.8,False,0,unknown
2026-02-10T17:36:03.379827,1.7,False,0,unknown
2026-02-10T17:36:06.354232,1.7,False,0,unknown
2026-02-10T17:36:09.354376,1.7,False,0,unknown
2026-02-10T17:36:12.359820,1.7,False,0,unknown
2026-02-10T17:36:15.368977,0,False,0,unknown
2026-02-10T17:36:18.365346,0,False,0,unknown
2026-02-10T17:36:21.369634,0,False,0,unknown
2026-02-10T17:36:24.373968,0,False,0,unknown
2026-02-10T17:36:27.376206,0,False,0,unknown
2026-02-10T17:36:30.381849,0,False,0,unknown
2026-02-10T17:36:33.379529,0,False,0,unknown
2026-02-10T17:36:36.385573,0,False,0,unknown
2026-02-10T17:36:39.411653,0,False,0,unknown
2026-02-10T17:36:42.386926,0,False,0,unknown
2026-02-10T17:36:45.391812,0,False,0,unknown
2026-02-10T17:36:48.395828,0,False,0,unknown
2026-02-10T17:36:51.473505,0,False,0,unknown
2026-02-10T17:36:54.401507,0,False,0,unknown
2026-02-10T17:36:57.408289,0,False,0,unknown
2026-02-10T17:37:00.427952,0,False,0,unknown
2026-02-10T17:37:03.427177,0,False,0,unknown
2026-02-10T17:37:06.724257,0,False,0,unknown
2026-02-10T17:37:09.411842,0,False,0,unknown
2026-02-10T17:37:12.436699,0,False,0,unknown
2026-02-10T17:37:15.421019,0,False,0,unknown
2026-02-10T17:37:18.428837,0,False,0,unknown
2026-02-10T17:37:21.445880,0,False,0,unknown
2026-02-10T17:37:24.439109,0,False,0,unknown
2026-02-10T17:37:27.439686,0,False,0,unknown
2026-02-10T17:37:30.450181,0,False,0,unknown
2026-02-10T17:37:33.470519,0,False,0,unknown
2026-02-10T17:37:36.442170,0,False,0,unknown
2026-02-10T17:37:39.453059,0,False,0,unknown
2026-02-10T17:37:42.477687,0,False,0,unknown
2026-02-10T17:37:45.458632,0,False,0,unknown
2026-02-10T17:37:48.458082,0,False,0,unknown
2026-02-10T17:37:51.480744,0,False,0,unknown
2026-02-10T17:37:54.465510,0,False,0,unknown
2026-02-10T17:37:57.554810,0,False,0,unknown
2026-02-10T17:38:00.486140,0,False,0,unknown
2026-02-10T17:38:03.500773,0,False,0,unknown
2026-02-10T17:38:06.485868,0,False,0,unknown
2026-02-10T17:38:09.475870,0,False,0,unknown
2026-02-10T17:38:12.539948,0,False,0,unknown
2026-02-10T17:38:15.481852,0,False,0,unknown
2026-02-10T17:38:18.484662,0,False,0,unknown
2026-02-10T17:38:21.487843,0,False,0,unknown
2026-02-10T17:38:24.486900,0,False,0,unknown
2026-02-10T17:38:27.522861,0,False,0,unknown
2026-02-10T17:38:30.503421,0,False,0,unknown
2026-02-10T17:38:33.499541,0,False,0,unknown
2026-02-10T17:38:36.503413,0,False,0,unknown
2026-02-10T17:38:39.576113,0,False,0,unknown
2026-02-10T17:38:42.509380,0,False,0,unknown
2026-02-10T17:38:45.515971,0,False,0,unknown
2026-02-10T17:38:48.516234,0,False,0,unknown
2026-02-10T17:38:51.518491,0,False,0,unknown
2026-02-10T17:38:54.626681,0,False,0,unknown
2026-02-10T17:38:57.524509,0,False,0,unknown
2026-02-10T17:39:00.539618,0,False,0,unknown
2026-02-10T17:39:03.532576,0,False,0,unknown
2026-02-10T17:39:06.532811,0,False,0,unknown
2026-02-10T17:39:09.537583,0,False,0,unknown
2026-02-10T17:39:12.546477,0,False,0,unknown
2026-02-10T17:39:15.546214,0,False,0,unknown
2026-02-10T17:39:18.546426,0,False,0,unknown
2026-02-10T17:39:21.550176,0,False,0,unknown
2026-02-10T17:39:24.629257,0,False,0,unknown
2026-02-10T17:39:27.554388,0,False,0,unknown
2026-02-10T17:39:30.557996,0,False,0,unknown
2026-02-10T17:39:33.560150,0,False,0,unknown
2026-02-10T17:39:36.562389,0,False,0,unknown
2026-02-10T17:39:39.563192,0,False,0,unknown
2026-02-10T17:39:42.587222,0,False,0,unknown
2026-02-10T17:39:45.601387,0,False,0,unknown
2026-02-10T17:39:48.593171,0,False,0,unknown
2026-02-10T17:39:51.610138,0,False,0,unknown
2026-02-10T17:39:54.580378,0,False,0,unknown
2026-02-10T17:39:57.585788,0,False,0,unknown
2026-02-10T17:40:00.587029,0,False,0,unknown
2026-02-10T17:40:03.616195,0,False,0,unknown
2026-02-10T17:40:06.594168,0,False,0,unknown
2026-02-10T17:40:09.685613,0,False,0,unknown
2026-02-10T17:40:12.638562,0,False,0,unknown
2026-02-10T17:40:15.617931,0,False,0,unknown
2026-02-10T17:40:18.618078,0,False,0,unknown
2026-02-10T17:40:21.609988,0,False,0,unknown
2026-02-10T17:40:24.635971,0,False,0,unknown
2026-02-10T17:40:27.617985,0,False,0,unknown
2026-02-10T17:40:30.620325,0,False,0,unknown
2026-02-10T17:40:33.620704,0,False,0,unknown
2026-02-10T17:40:36.623710,0,False,0,unknown
2026-02-10T17:40:39.632693,0,False,0,unknown
2026-02-10T17:40:42.631728,0,False,0,unknown
2026-02-10T17:40:45.634151,0,False,0,unknown
2026-02-10T17:40:48.646231,0,False,0,unknown
2026-02-10T17:40:51.638377,0,False,0,unknown
2026-02-10T17:40:54.642041,0,False,0,unknown
2026-02-10T17:40:57.645700,0,False,0,unknown
2026-02-10T17:41:00.665164,0,False,0,unknown
2026-02-10T17:41:03.652276,0,False,0,unknown
2026-02-10T17:41:06.682585,0,False,0,unknown
2026-02-10T17:41:09.658933,0,False,0,unknown
2026-02-10T17:41:12.659025,0,False,0,unknown
2026-02-10T17:41:15.671030,0,False,0,unknown
2026-02-10T17:41:18.667129,0,False,0,unknown
2026-02-10T17:41:21.675988,0,False,0,unknown
2026-02-10T17:41:24.721469,0,False,0,unknown
2026-02-10T17:41:27.672571,0,False,0,unknown
2026-02-10T17:41:30.680176,0,False,0,unknown
2026-02-10T17:41:33.696638,0,False,0,unknown
2026-02-10T17:41:36.684725,0,False,0,unknown
2026-02-10T17:41:39.684346,0,False,0,unknown
2026-02-10T17:41:42.711151,0,False,0,unknown
2026-02-10T17:41:45.707158,0,False,0,unknown
2026-02-10T17:41:48.697584,0,False,0,unknown
2026-02-10T17:41:51.720449,0,False,0,unknown
2026-02-10T17:41:54.731588,0,False,0,unknown
2026-02-10T17:41:57.759868,0,False,0,unknown
2026-02-10T17:42:00.709193,0,False,0,unknown
2026-02-10T17:42:03.747340,0,False,0,unknown
2026-02-10T17:42:06.724566,0,False,0,unknown
2026-02-10T17:42:09.739705,0,False,0,unknown
2026-02-10T17:42:12.724274,0,False,0,unknown
2026-02-10T17:42:15.725206,0,False,0,unknown
2026-02-10T17:42:18.727111,0,False,0,unknown
2026-02-10T17:42:21.731116,0,False,0,unknown
2026-02-10T17:42:24.733013,0,False,0,unknown
2026-02-10T17:42:27.740496,0,False,0,unknown
2026-02-10T17:42:30.743524,0,False,0,unknown
2026-02-10T17:42:33.783838,0,False,0,unknown
2026-02-10T17:42:36.758482,0,False,0,unknown
2026-02-10T17:42:39.777266,0,False,0,unknown
2026-02-10T17:42:42.756764,0,False,0,unknown
2026-02-10T17:42:45.770809,0,False,0,unknown
2026-02-10T17:42:48.784906,0,False,0,unknown
2026-02-10T17:42:51.763854,0,False,0,unknown
2026-02-10T17:42:54.760960,0,False,0,unknown
2026-02-10T17:42:57.788619,0,False,0,unknown
2026-02-10T17:43:00.785630,0,False,0,unknown
2026-02-10T17:43:03.776598,0,False,0,unknown
2026-02-10T17:43:06.775811,0,False,0,unknown
2026-02-10T17:43:11.038285,0,False,0,unknown
2026-02-10T17:43:12.780382,0,False,0,unknown
2026-02-10T17:43:15.803332,0,False,0,unknown
2026-02-10T17:43:18.787609,0,False,0,unknown
2026-02-10T17:43:23.033433,0,False,0,unknown
2026-02-10T17:43:24.793831,0,False,0,unknown
2026-02-10T17:43:27.826464,0,False,0,unknown
2026-02-10T17:43:30.816016,0,False,0,unknown
2026-02-10T17:43:33.831906,0,False,0,unknown
2026-02-10T17:43:36.811656,0,False,0,unknown
2026-02-10T17:43:39.835577,0,False,0,unknown
2026-02-10T17:43:42.816140,0,False,0,unknown
2026-02-10T17:43:45.814998,0,False,0,unknown
2026-02-10T17:43:48.826864,0,False,0,unknown
2026-02-10T17:43:51.826594,0,False,0,unknown
2026-02-10T17:43:54.822711,0,False,0,unknown
2026-02-10T17:43:57.851734,0,False,0,unknown
2026-02-10T17:44:00.848037,0,False,0,unknown
2026-02-10T17:44:03.831178,0,False,0,unknown
2026-02-10T17:44:06.836153,0,False,0,unknown
2026-02-10T17:44:09.868307,0,False,0,unknown
2026-02-10T17:44:12.871473,0,False,0,unknown
2026-02-10T17:44:15.846729,0,False,0,unknown
2026-02-10T17:44:18.877000,0,False,0,unknown
2026-02-10T17:44:21.851962,0,False,0,unknown
2026-02-10T17:44:24.854931,0,False,0,unknown
2026-02-10T17:44:27.857404,0,False,0,unknown
2026-02-10T17:44:30.862893,0,False,0,unknown
2026-02-10T17:44:33.863413,0,False,0,unknown
2026-02-10T17:44:36.870796,0,False,0,unknown
2026-02-10T17:44:41.211514,0,False,0,unknown
2026-02-10T17:44:42.894609,0,False,0,unknown
2026-02-10T17:44:45.876552,0,False,0,unknown
2026-02-10T17:44:48.880924,0,False,0,unknown
2026-02-10T17:44:51.885757,0,False,0,unknown
2026-02-10T17:44:54.946888,0,False,0,unknown
2026-02-10T17:44:57.942124,0,False,0,unknown
2026-02-10T17:45:00.890753,0,False,0,unknown
2026-02-10T17:45:03.907509,3.3,False,0,unknown
2026-02-10T17:45:06.929474,3.3,False,0,unknown
2026-02-10T17:45:09.920802,3.3,False,0,unknown
2026-02-10T17:45:12.959827,3.3,False,0,unknown
2026-02-10T17:45:15.905675,3.3,False,0,unknown
2026-02-10T17:45:18.912438,3.3,False,0,unknown
2026-02-10T17:45:21.914561,3.3,False,0,unknown
2026-02-10T17:45:24.918376,3.3,False,0,unknown
2026-02-10T17:45:27.918016,3.3,False,0,unknown
2026-02-10T17:45:30.923147,3.3,False,0,unknown
2026-02-10T17:45:33.989523,3.3,False,0,unknown
2026-02-10T17:45:36.932454,3.3,False,0,unknown
2026-02-10T17:45:39.960681,3.3,False,0,unknown
2026-02-10T17:45:42.939642,3.3,False,0,unknown
2026-02-10T17:45:45.942295,3.3,False,0,unknown
2026-02-10T17:45:48.950976,3.3,False,0,unknown
2026-02-10T17:45:51.970309,3.3,False,0,unknown
2026-02-10T17:45:54.945207,3.3,False,0,unknown
2026-02-10T17:45:57.958172,3.3,False,0,unknown
2026-02-10T17:46:00.957487,3.3,False,0,unknown
2026-02-10T17:46:03.960907,3.3,False,0,unknown
2026-02-10T17:46:06.970371,3.3,False,0,unknown
2026-02-10T17:46:10.039681,3.3,False,0,unknown
2026-02-10T17:46:12.983313,3.3,False,0,unknown
2026-02-10T17:46:15.986378,3.3,False,0,unknown
2026-02-10T17:46:19.204054,3.3,False,0,unknown
2026-02-10T17:46:21.986803,3.3,False,0,unknown
2026-02-10T17:46:26.706793,3.3,False,0,unknown
2026-02-10T17:46:28.087627,3.3,False,0,unknown
2026-02-10T17:46:31.105099,3.3,False,0,unknown
2026-02-10T17:46:34.039356,3.3,False,0,unknown
2026-02-10T17:46:37.044788,3.3,False,0,unknown
2026-02-10T17:46:41.666908,3.3,False,0,unknown
2026-02-10T17:47:12.496282,3.3,False,0,unknown
2026-02-10T17:47:15.481146,3.3,False,0,unknown
2026-02-10T17:47:18.448827,3.3,False,0,unknown
2026-02-10T17:47:21.470276,3.3,False,0,unknown
2026-02-10T17:47:24.467488,3.3,False,0,unknown
2026-02-10T17:47:27.545352,3.3,False,0,unknown
2026-02-10T17:47:30.483372,3.3,False,0,unknown
2026-02-10T17:47:33.465232,3.3,False,0,unknown
2026-02-10T17:47:36.485046,3.3,False,0,unknown
2026-02-10T17:47:39.470324,3.3,False,0,unknown
2026-02-10T17:47:42.497156,3.3,False,0,unknown
2026-02-10T17:47:48.131344,3.3,False,0,unknown
2026-02-10T17:47:48.490295,3.3,False,0,unknown
2026-02-10T17:47:51.494057,3.3,False,0,unknown
2026-02-10T17:47:54.490264,3.3,False,0,unknown
2026-02-10T17:47:57.522960,3.3,False,0,unknown
2026-02-10T17:48:00.495775,3.3,False,0,unknown
2026-02-10T17:48:03.521443,3.3,False,0,unknown
2026-02-10T17:48:06.521200,3.3,False,0,unknown
2026-02-10T17:48:09.527346,3.3,False,0,unknown
2026-02-10T17:48:12.512976,3.3,False,0,unknown
2026-02-10T17:48:15.522573,3.3,False,0,unknown
2026-02-10T17:48:18.538356,3.3,False,0,unknown
2026-02-10T17:48:21.519126,3.3,False,0,unknown
2026-02-10T17:48:24.542576,3.3,False,0,unknown
2026-02-10T17:48:27.516163,3.3,False,0,unknown
2026-02-10T17:48:30.652515,3.3,False,0,unknown
2026-02-10T17:48:33.532567,3.3,False,0,unknown
2026-02-10T17:48:36.527177,3.3,False,0,unknown
2026-02-10T17:48:39.530639,3.3,False,0,unknown
2026-02-10T17:48:42.531937,3.3,False,0,unknown
2026-02-10T17:48:45.534554,3.3,False,0,unknown
2026-02-10T17:48:48.540015,3.3,False,0,unknown
2026-02-10T17:48:51.540336,3.3,False,0,unknown
2026-02-10T17:48:54.543322,3.3,False,0,unknown
2026-02-10T17:48:57.546973,3.3,False,0,unknown
2026-02-10T17:49:00.551441,3.3,False,0,unknown
2026-02-10T17:49:03.551356,3.3,False,0,unknown
2026-02-10T17:49:06.555111,3.3,False,0,unknown
2026-02-10T17:49:09.562727,3.3,False,0,unknown
2026-02-10T17:49:12.562024,3.3,False,0,unknown
2026-02-10T17:49:15.626091,3.3,False,0,unknown
2026-02-10T17:49:18.648638,3.3,False,0,unknown
2026-02-10T17:49:21.572149,3.3,False,0,unknown
2026-02-10T17:49:25.975051,3.3,False,0,unknown
2026-02-10T17:49:27.587964,3.3,False,0,unknown
2026-02-10T17:49:30.588089,3.3,False,0,unknown
2026-02-10T17:49:33.615861,3.3,False,0,unknown
2026-02-10T17:49:36.600110,3.3,False,0,unknown
2026-02-10T17:49:39.605497,3.3,False,0,unknown
2026-02-10T17:49:42.618824,3.3,False,0,unknown
2026-02-10T17:49:45.593293,3.3,False,0,unknown
2026-02-10T17:49:48.599333,3.3,False,0,unknown
2026-02-10T17:49:51.618946,3.3,False,0,unknown
2026-02-10T17:49:54.624628,3.3,False,0,unknown
2026-02-10T17:49:57.611402,3.3,False,0,unknown
2026-02-10T17:50:00.613675,3.3,False,0,unknown
2026-02-10T17:50:03.656392,3.3,False,0,unknown
2026-02-10T17:50:06.621306,3.3,False,0,unknown
2026-02-10T17:50:09.620980,3.3,False,0,unknown
2026-02-10T17:50:12.625246,3.3,False,0,unknown
2026-02-10T17:50:15.652859,3.3,False,0,unknown
2026-02-10T17:50:18.647692,3.3,False,0,unknown
2026-02-10T17:50:21.633396,3.3,False,0,unknown
2026-02-10T17:50:24.654148,3.3,False,0,unknown
2026-02-10T17:50:27.637030,3.3,False,0,unknown
2026-02-10T17:50:30.670005,3.3,False,0,unknown
2026-02-10T17:50:33.669191,3.3,False,0,unknown
2026-02-10T17:50:36.769278,3.3,False,0,unknown
2026-02-10T17:50:39.648384,3.3,False,0,unknown
2026-02-10T17:50:42.652709,3.3,False,0,unknown
2026-02-10T17:50:45.656242,3.3,False,0,unknown
2026-02-10T17:50:48.678103,3.3,False,0,unknown
2026-02-10T17:50:51.730430,3.3,False,0,unknown
2026-02-10T17:50:54.666596,3.3,False,0,unknown
2026-02-10T17:50:57.666658,3.3,False,0,unknown
2026-02-10T17:51:00.670330,3.3,False,0,unknown
2026-02-10T17:51:03.682183,3.3,False,0,unknown
2026-02-10T17:51:06.717655,3.3,False,0,unknown
2026-02-10T17:51:09.751267,3.3,False,0,unknown
2026-02-10T17:51:13.977621,3.3,False,0,unknown
2026-02-10T17:51:15.688530,3.3,False,0,unknown
2026-02-10T17:51:18.689029,3.3,False,0,unknown
2026-02-10T17:51:21.735485,3.3,False,0,unknown
2026-02-10T17:51:24.701580,3.3,False,0,unknown
2026-02-10T17:51:27.736081,3.3,False,0,unknown
2026-02-10T17:51:30.701388,3.3,False,0,unknown
2026-02-10T17:51:33.704376,3.3,False,0,unknown
2026-02-10T17:51:37.216610,3.3,False,0,unknown
2026-02-10T17:51:39.736095,3.3,False,0,unknown
2026-02-10T17:51:42.739112,3.3,False,0,unknown
2026-02-10T17:51:45.745923,3.3,False,0,unknown
2026-02-10T17:51:48.722278,3.3,False,0,unknown
2026-02-10T17:51:51.760567,2.5,False,0,unknown
2026-02-10T17:51:54.727688,2.5,False,0,unknown
2026-02-10T17:51:57.744597,3.3,False,0,unknown
2026-02-10T17:52:00.730254,3.3,False,0,unknown
2026-02-10T17:52:03.732678,3.3,False,0,unknown
2026-02-10T17:52:27.754092,3.3,False,0,unknown
2026-02-10T17:52:30.778742,3.3,False,0,unknown
2026-02-10T17:52:33.767636,3.3,False,0,unknown
2026-02-10T17:52:36.765602,3.3,False,0,unknown
2026-02-10T17:52:39.785968,3.3,False,0,unknown
2026-02-10T17:52:42.782636,3.3,False,0,unknown
2026-02-10T17:52:45.770821,2.5,False,0,unknown
2026-02-10T17:52:48.783003,3.3,False,0,unknown
2026-02-10T17:52:51.794305,3.3,False,0,unknown
2026-02-10T17:52:54.781096,3.3,False,0,unknown
2026-02-10T17:52:57.788833,3.3,False,0,unknown
2026-02-10T17:53:00.788772,3.3,False,0,unknown
2026-02-10T17:53:03.790404,3.3,False,0,unknown
2026-02-10T17:53:06.796671,3.3,False,0,unknown
2026-02-10T17:53:09.796327,3.3,False,0,unknown
2026-02-10T17:53:12.806257,3.3,False,0,unknown
2026-02-10T17:53:16.084083,3.3,False,0,unknown
2026-02-10T17:53:18.825710,3.3,False,0,unknown
2026-02-10T17:53:21.840608,2.5,False,0,unknown
2026-02-10T17:53:24.854264,3.3,False,0,unknown
2026-02-10T17:53:27.812098,3.3,False,0,unknown
2026-02-10T17:53:30.834596,3.3,False,0,unknown
2026-02-10T17:53:33.871230,3.3,False,0,unknown
2026-02-10T17:53:36.834565,3.3,False,0,unknown
2026-02-10T17:53:39.856123,2.5,False,0,unknown
2026-02-10T17:53:42.970763,3.3,False,0,unknown
2026-02-10T17:53:45.885848,2.5,False,0,unknown
2026-02-10T17:53:48.838659,3.3,False,0,unknown
2026-02-10T17:53:52.991175,3.3,False,0,unknown
2026-02-10T17:53:54.841925,3.3,False,0,unknown
2026-02-10T17:53:57.845016,3.3,False,0,unknown
2026-02-10T17:54:00.850766,3.3,False,0,unknown
2026-02-10T17:54:03.853131,2.5,False,0,unknown
2026-02-10T17:54:06.881217,3.3,False,0,unknown
2026-02-10T17:54:09.868542,3.3,False,0,unknown
2026-02-10T17:54:12.860778,2.5,False,0,unknown
2026-02-10T17:54:17.197128,2.5,False,0,unknown
2026-02-10T17:54:18.867194,3.3,False,0,unknown
2026-02-10T17:54:22.092975,3.3,False,0,unknown
2026-02-10T17:54:25.153743,3.3,False,0,unknown
2026-02-10T17:54:29.984223,3.3,False,0,unknown
2026-02-10T17:54:30.894172,3.3,False,0,unknown
2026-02-10T17:54:33.886788,3.3,False,0,unknown
2026-02-10T17:54:36.913018,3.3,False,0,unknown
2026-02-10T17:54:39.894680,2.5,False,0,unknown
2026-02-10T17:54:42.912007,2.5,False,0,unknown
2026-02-10T17:54:45.897301,2.5,False,0,unknown
2026-02-10T17:54:48.916362,3.3,False,0,unknown
2026-02-10T17:54:51.905880,2.5,False,0,unknown
2026-02-10T17:54:54.906007,2.5,False,0,unknown
2026-02-10T17:54:57.920574,2.5,False,0,unknown
2026-02-10T17:55:00.917239,2.5,False,0,unknown
2026-02-10T17:55:03.938417,3.3,False,0,unknown
2026-02-10T17:55:06.945267,2.5,False,0,unknown
2026-02-10T17:55:09.937916,2.5,False,0,unknown
2026-02-10T17:55:12.946836,2.5,False,0,unknown
2026-02-10T17:55:15.942172,2.5,False,0,unknown
2026-02-10T17:55:18.940281,2.5,False,0,unknown
2026-02-10T17:55:21.965329,2.5,False,0,unknown
2026-02-10T17:55:24.948590,2.5,False,0,unknown
2026-02-10T17:55:27.938693,2.5,False,0,unknown
2026-02-10T17:55:30.975703,2.5,False,0,unknown
2026-02-10T17:55:33.950122,2.5,False,0,unknown
2026-02-10T17:55:36.944201,2.5,False,0,unknown
2026-02-10T17:55:39.946251,2.5,False,0,unknown
2026-02-10T17:55:42.978812,2.5,False,0,unknown
2026-02-10T17:55:45.980362,3.3,False,0,unknown
2026-02-10T17:55:48.968182,2.5,False,0,unknown
2026-02-10T17:55:51.995611,2.5,False,0,unknown
2026-02-10T17:55:54.992305,2.5,False,0,unknown
2026-02-10T17:55:57.967747,2.5,False,0,unknown
2026-02-10T17:56:01.008285,2.5,False,0,unknown
2026-02-10T17:56:03.973419,2.5,False,0,unknown
2026-02-10T17:56:06.975622,2.5,False,0,unknown
2026-02-10T17:56:09.978330,2.5,False,0,unknown
2026-02-10T17:56:12.981206,2.5,False,0,unknown
2026-02-10T17:56:15.984481,2.5,False,0,unknown
2026-02-10T17:56:18.997504,2.5,False,0,unknown
2026-02-10T17:56:22.002846,3.3,False,0,unknown
2026-02-10T17:56:25.022437,2.5,False,0,unknown
2026-02-10T17:56:27.997811,2.5,False,0,unknown
2026-02-10T17:56:31.004307,2.5,False,0,unknown
2026-02-10T17:56:34.014938,2.5,False,0,unknown
2026-02-10T17:56:37.031305,2.5,False,0,unknown
2026-02-10T17:56:40.147575,3.3,False,0,unknown
2026-02-10T17:56:43.013131,2.5,False,0,unknown
2026-02-10T17:56:46.042643,2.5,False,0,unknown
2026-02-10T17:56:49.037948,2.5,False,0,unknown
2026-02-10T17:56:52.022098,2.5,False,0,unknown
2026-02-10T17:56:55.028200,2.5,False,0,unknown
2026-02-10T17:56:58.072343,2.5,False,0,unknown
2026-02-10T17:57:01.064402,2.5,False,0,unknown
2026-02-10T17:57:04.032643,2.5,False,0,unknown
2026-02-10T17:57:07.066205,2.5,False,0,unknown
2026-02-10T17:57:10.059172,2.5,False,0,unknown
2026-02-10T17:57:13.042107,2.5,False,0,unknown
2026-02-10T17:57:16.074452,2.5,False,0,unknown
2026-02-10T17:57:19.077166,2.5,False,0,unknown
2026-02-10T17:57:22.084433,2.5,False,0,unknown
2026-02-10T17:57:25.077048,2.5,False,0,unknown
2026-02-10T17:57:28.083706,2.5,False,0,unknown
2026-02-10T17:57:31.063147,2.5,False,0,unknown
2026-02-10T17:57:34.060409,2.5,False,0,unknown
2026-02-10T17:57:37.092200,2.5,False,0,unknown
2026-02-10T17:57:40.097823,2.5,False,0,unknown
2026-02-10T17:57:43.094185,2.5,False,0,unknown
2026-02-10T17:57:46.078326,2.5,False,0,unknown
2026-02-10T17:57:49.078002,2.5,False,0,unknown
2026-02-10T17:57:52.080748,2.5,False,0,unknown
2026-02-10T17:57:55.083838,2.5,False,0,unknown
2026-02-10T17:57:58.087930,2.5,False,0,unknown
2026-02-10T17:58:01.091917,2.5,False,0,unknown
2026-02-10T17:58:04.091961,2.5,False,0,unknown
2026-02-10T17:58:07.125496,2.5,False,0,unknown
2026-02-10T17:58:10.100614,2.5,False,0,unknown
2026-02-10T17:58:13.101998,2.5,False,0,unknown
2026-02-10T17:58:16.117315,2.5,False,0,unknown
2026-02-10T17:58:19.110467,3.3,False,0,unknown
2026-02-10T17:58:22.111311,3.3,False,0,unknown
2026-02-10T17:58:25.126206,3.3,False,0,unknown
2026-02-10T17:58:28.134592,2.5,False,0,unknown
2026-02-10T17:58:31.120277,3.3,False,0,unknown
2026-02-10T17:58:34.143374,2.5,False,0,unknown
2026-02-10T17:58:37.123543,2.5,False,0,unknown
2026-02-10T17:58:40.139159,2.5,False,0,unknown
2026-02-10T17:58:43.142961,2.5,False,0,unknown
2026-02-10T17:58:46.138082,2.5,False,0,unknown
2026-02-10T17:58:49.156605,2.5,False,0,unknown
2026-02-10T17:58:52.140546,2.5,False,0,unknown
2026-02-10T17:58:55.152705,2.5,False,0,unknown
2026-02-10T17:58:58.154787,2.5,False,0,unknown
2026-02-10T17:59:01.150353,2.5,False,0,unknown
2026-02-10T17:59:04.153307,2.5,False,0,unknown
2026-02-10T17:59:07.187307,2.5,False,0,unknown
2026-02-10T17:59:10.192008,2.5,False,0,unknown
2026-02-10T17:59:13.167935,2.5,False,0,unknown
2026-02-10T17:59:16.208209,2.5,False,0,unknown
2026-02-10T17:59:19.292435,2.5,False,0,unknown
2026-02-10T17:59:22.198543,2.5,False,0,unknown
2026-02-10T17:59:25.205755,3.3,False,0,unknown
2026-02-10T17:59:28.208870,2.5,False,0,unknown
2026-02-10T17:59:31.179142,2.5,False,0,unknown
2026-02-10T17:59:34.198662,2.5,False,0,unknown
2026-02-10T17:59:37.195336,2.5,False,0,unknown
2026-02-10T17:59:40.198287,2.5,False,0,unknown
2026-02-10T17:59:43.214860,2.5,False,0,unknown
2026-02-10T17:59:46.196693,2.5,False,0,unknown
2026-02-10T17:59:49.196914,2.5,False,0,unknown
2026-02-10T17:59:52.200687,2.5,False,0,unknown
2026-02-10T17:59:55.300846,2.5,False,0,unknown
2026-02-10T17:59:58.208921,2.5,False,0,unknown
2026-02-10T18:00:01.209763,2.5,False,0,unknown
2026-02-10T18:00:04.214725,2.5,False,0,unknown
2026-02-10T18:00:07.518034,2.5,False,0,unknown
2026-02-10T18:00:10.221443,2.5,False,0,unknown
2026-02-10T18:00:13.239643,2.5,False,0,unknown
2026-02-10T18:00:16.225113,2.5,False,0,unknown
2026-02-10T18:00:19.228389,2.5,False,0,unknown
2026-02-10T18:00:22.231800,2.5,False,0,unknown
2026-02-10T18:00:25.240657,2.5,False,0,unknown
2026-02-10T18:00:28.237364,2.5,False,0,unknown
2026-02-10T18:00:31.241232,2.5,False,0,unknown
2026-02-10T18:00:34.244179,2.5,False,0,unknown
2026-02-10T18:00:37.250297,2.5,False,0,unknown
2026-02-10T18:00:40.246003,2.5,False,0,unknown
2026-02-10T18:00:43.249753,2.5,False,0,unknown
2026-02-10T18:00:46.316726,2.5,False,0,unknown
2026-02-10T18:00:49.258130,2.5,False,0,unknown
2026-02-10T18:00:52.266628,2.5,False,0,unknown
2026-02-10T18:00:55.272233,2.5,False,0,unknown
2026-02-10T18:00:58.267264,2.5,False,0,unknown
2026-02-10T18:01:01.273640,2.5,False,0,unknown
2026-02-10T18:01:04.274055,2.5,False,0,unknown
2026-02-10T18:01:07.278832,2.5,False,0,unknown
2026-02-10T18:01:10.281190,2.5,False,0,unknown
2026-02-10T18:01:13.282545,2.5,False,0,unknown
2026-02-10T18:01:18.513877,2.5,False,0,unknown
2026-02-10T18:01:19.289530,2.5,False,0,unknown
2026-02-10T18:01:22.291686,2.5,False,0,unknown
2026-02-10T18:01:25.293068,2.5,False,0,unknown
2026-02-10T18:01:28.398726,2.5,False,0,unknown
2026-02-10T18:01:31.301074,2.5,False,0,unknown
2026-02-10T18:01:34.305988,2.5,False,0,unknown
2026-02-10T18:01:37.320869,2.5,False,0,unknown
2026-02-10T18:01:40.308672,2.5,False,0,unknown
2026-02-10T18:01:43.330824,2.5,False,0,unknown
2026-02-10T18:01:46.341824,2.5,False,0,unknown
2026-02-10T18:01:49.326507,2.5,False,0,unknown
2026-02-10T18:01:52.351784,2.5,False,0,unknown
2026-02-10T18:01:55.330223,2.5,False,0,unknown
2026-02-10T18:01:58.328042,2.5,False,0,unknown
2026-02-10T18:02:01.330031,2.5,False,0,unknown
2026-02-10T18:02:04.338391,2.5,False,0,unknown
2026-02-10T18:02:07.366601,2.5,False,0,unknown
2026-02-10T18:02:10.343442,2.5,False,0,unknown
2026-02-10T18:02:13.346280,2.5,False,0,unknown
2026-02-10T18:02:16.361330,2.5,False,0,unknown
2026-02-10T18:02:19.361302,2.5,False,0,unknown
2026-02-10T18:02:22.352419,2.5,False,0,unknown
2026-02-10T18:02:25.357590,2.5,False,0,unknown
2026-02-10T18:02:28.431474,2.5,False,0,unknown
2026-02-10T18:02:31.375997,2.5,False,0,unknown
2026-02-10T18:02:34.365967,2.5,False,0,unknown
2026-02-10T18:02:37.368637,2.5,False,0,unknown
2026-02-10T18:02:40.375314,2.5,False,0,unknown
2026-02-10T18:02:43.381004,2.5,False,0,unknown
2026-02-10T18:02:46.376593,2.5,False,0,unknown
2026-02-10T18:02:49.394815,2.5,False,0,unknown
2026-02-10T18:02:52.426287,2.5,False,0,unknown
2026-02-10T18:02:55.388617,2.5,False,0,unknown
2026-02-10T18:02:58.385976,2.5,False,0,unknown
2026-02-10T18:03:01.414887,2.5,False,0,unknown
2026-02-10T18:03:04.422365,2.5,False,0,unknown
2026-02-10T18:03:07.424319,2.5,False,0,unknown
2026-02-10T18:03:10.403109,2.5,False,0,unknown
2026-02-10T18:03:13.618000,2.5,False,0,unknown
2026-02-10T18:03:16.407035,2.5,False,0,unknown
2026-02-10T18:03:19.412948,2.5,False,0,unknown
2026-02-10T18:03:22.520587,2.5,False,0,unknown
2026-02-10T18:03:25.417926,2.5,False,0,unknown
2026-02-10T18:03:28.459825,2.5,False,0,unknown
2026-02-10T18:03:31.426813,2.5,False,0,unknown
2026-02-10T18:03:51.625777,2.5,False,0,unknown
2026-02-10T18:03:51.732158,2.5,False,0,unknown
2026-02-10T18:03:51.732989,2.5,False,0,unknown
2026-02-10T18:03:51.733275,2.5,False,0,unknown
2026-02-10T18:03:51.733789,2.5,False,0,unknown
2026-02-10T18:03:51.733899,2.5,False,0,unknown
2026-02-10T18:03:52.450644,2.5,False,0,unknown
2026-02-10T18:03:55.448644,2.5,False,0,unknown
2026-02-10T18:03:58.447642,2.5,False,0,unknown
2026-02-10T18:04:01.458606,2.5,False,0,unknown
2026-02-10T18:04:04.457408,3.3,False,0,unknown
2026-02-10T18:04:07.455139,2.5,False,0,unknown
2026-02-10T18:04:10.459690,2.5,False,0,unknown
2026-02-10T18:04:13.464580,2.5,False,0,unknown
2026-02-10T18:04:16.464913,2.5,False,0,unknown
2026-02-10T18:04:19.477783,2.5,False,0,unknown
2026-02-10T18:04:22.471615,2.5,False,0,unknown
2026-02-10T18:04:25.479444,2.5,False,0,unknown
2026-02-10T18:04:28.477857,2.5,False,0,unknown
2026-02-10T18:04:31.480683,2.5,False,0,unknown
2026-02-10T18:04:34.482135,2.5,False,0,unknown
2026-02-10T18:04:37.510523,2.5,False,0,unknown
2026-02-10T18:04:40.497780,2.5,False,0,unknown
2026-02-10T18:04:43.491781,2.5,False,0,unknown
2026-02-10T18:04:46.494695,2.5,False,0,unknown
2026-02-10T18:04:49.514072,2.5,False,0,unknown
2026-02-10T18:04:52.500642,2.5,False,0,unknown
2026-02-10T18:04:55.502078,2.5,False,0,unknown
2026-02-10T18:04:58.505778,2.5,False,0,unknown
2026-02-10T18:05:01.510047,2.5,False,0,unknown
2026-02-10T18:05:04.511919,2.5,False,0,unknown
2026-02-10T18:05:09.027043,2.5,False,0,unknown
2026-02-10T18:05:10.521803,2.5,False,0,unknown
2026-02-10T18:05:13.537819,2.5,False,0,unknown
2026-02-10T18:05:16.524036,2.5,False,0,unknown
2026-02-10T18:05:19.538743,2.5,False,0,unknown
2026-02-10T18:05:22.639684,2.5,False,0,unknown
2026-02-10T18:05:25.533285,2.5,False,0,unknown
2026-02-10T18:05:28.573923,2.5,False,0,unknown
2026-02-10T18:05:31.541123,2.5,False,0,unknown
2026-02-10T18:05:34.544602,2.5,False,0,unknown
2026-02-10T18:05:37.586258,2.5,False,0,unknown
2026-02-10T18:05:42.392279,2.5,False,0,unknown
2026-02-10T18:05:43.590698,2.5,False,0,unknown
2026-02-10T18:05:46.583900,2.5,False,0,unknown
2026-02-10T18:05:49.557280,2.5,False,0,unknown
2026-02-10T18:05:52.645636,2.5,False,0,unknown
2026-02-10T18:05:55.563715,2.5,False,0,unknown
2026-02-10T18:05:58.566990,2.5,False,0,unknown
2026-02-10T18:06:01.572157,2.5,False,0,unknown
2026-02-10T18:06:04.604377,2.5,False,0,unknown
2026-02-10T18:06:07.801242,2.5,False,0,unknown
2026-02-10T18:06:10.592160,2.5,False,0,unknown
2026-02-10T18:06:13.605965,2.5,False,0,unknown
2026-02-10T18:06:16.586534,2.5,False,0,unknown
2026-02-10T18:06:19.588582,2.5,False,0,unknown
2026-02-10T18:06:22.641164,2.5,False,0,unknown
2026-02-10T18:06:25.594004,2.5,False,0,unknown
2026-02-10T18:06:28.597130,2.5,False,0,unknown
2026-02-10T18:06:31.601560,2.5,False,0,unknown
2026-02-10T18:06:34.603948,2.5,False,0,unknown
2026-02-10T18:06:37.694743,2.5,False,0,unknown
2026-02-10T18:06:40.609009,2.5,False,0,unknown
2026-02-10T18:06:43.614831,2.5,False,0,unknown
2026-02-10T18:06:46.620920,2.5,False,0,unknown
2026-02-10T18:06:49.624232,2.5,False,0,unknown
2026-02-10T18:06:52.621199,2.5,False,0,unknown
2026-02-10T18:06:55.629896,2.5,False,0,unknown
2026-02-10T18:07:00.033382,2.5,False,0,unknown
2026-02-10T18:07:01.633568,2.5,False,0,unknown
2026-02-10T18:07:04.653501,2.5,False,0,unknown
2026-02-10T18:07:07.696477,2.5,False,0,unknown
2026-02-10T18:07:10.639576,2.5,False,0,unknown
2026-02-10T18:07:13.646948,2.5,False,0,unknown
2026-02-10T18:07:16.645503,2.5,False,0,unknown
2026-02-10T18:07:19.648932,2.5,False,0,unknown
2026-02-10T18:07:22.650074,2.5,False,0,unknown
2026-02-10T18:07:25.654616,2.5,False,0,unknown
2026-02-10T18:07:28.659238,2.5,False,0,unknown
2026-02-10T18:07:31.661113,2.5,False,0,unknown
2026-02-10T18:07:34.663880,2.5,False,0,unknown
2026-02-10T18:07:37.700010,2.5,False,0,unknown
2026-02-10T18:07:40.670715,2.5,False,0,unknown
2026-02-10T18:07:43.673312,2.5,False,0,unknown
2026-02-10T18:07:46.676183,2.5,False,0,unknown
2026-02-10T18:07:49.981620,2.5,False,0,unknown
2026-02-10T18:07:52.682129,2.5,False,0,unknown
2026-02-10T18:07:55.686764,2.5,False,0,unknown
2026-02-10T18:07:58.689901,2.5,False,0,unknown
2026-02-10T18:08:01.716113,2.5,False,0,unknown
2026-02-10T18:08:04.705698,2.5,False,0,unknown
2026-02-10T18:08:09.169023,2.5,False,0,unknown
2026-02-10T18:08:10.700896,2.5,False,0,unknown
2026-02-10T18:08:13.703695,2.5,False,0,unknown
2026-02-10T18:08:16.870027,2.5,False,0,unknown
2026-02-10T18:08:19.712279,2.5,False,0,unknown
2026-02-10T18:08:22.711939,2.5,False,0,unknown
2026-02-10T18:08:25.726713,2.5,False,0,unknown
2026-02-10T18:08:28.773535,2.5,False,0,unknown
2026-02-10T18:08:31.749995,2.5,False,0,unknown
2026-02-10T18:08:34.758708,2.5,False,0,unknown
2026-02-10T18:08:37.727855,2.5,False,0,unknown
2026-02-10T18:08:40.732133,2.5,False,0,unknown
2026-02-10T18:08:43.746526,2.5,False,0,unknown
2026-02-10T18:08:46.735869,2.5,False,0,unknown
2026-02-10T18:08:49.744033,2.5,False,0,unknown
2026-02-10T18:08:52.742743,2.5,False,0,unknown
2026-02-10T18:08:55.745061,2.5,False,0,unknown
2026-02-10T18:08:58.751845,2.5,False,0,unknown
2026-02-10T18:09:01.754990,2.5,False,0,unknown
2026-02-10T18:09:04.758570,2.5,False,0,unknown
2026-02-10T18:09:07.757800,2.5,False,0,unknown
2026-02-10T18:09:10.765343,2.5,False,0,unknown
2026-02-10T18:09:13.772711,2.5,False,0,unknown
2026-02-10T18:09:16.765660,2.5,False,0,unknown
2026-02-10T18:09:19.775136,2.5,False,0,unknown
2026-02-10T18:09:22.771136,2.5,False,0,unknown
2026-02-10T18:09:25.804552,2.5,False,0,unknown
2026-02-10T18:09:28.778204,2.5,False,0,unknown
2026-02-10T18:09:31.788865,2.5,False,0,unknown
2026-02-10T18:09:34.789420,2.5,False,0,unknown
2026-02-10T18:09:37.787529,2.5,False,0,unknown
2026-02-10T18:09:40.786917,2.5,False,0,unknown
2026-02-10T18:09:43.797877,2.5,False,0,unknown
2026-02-10T18:09:46.826879,2.5,False,0,unknown
2026-02-10T18:09:54.037163,2.5,False,0,unknown
2026-02-10T18:09:54.204505,2.5,False,0,unknown
2026-02-10T18:09:55.805400,2.5,False,0,unknown
2026-02-10T18:09:58.839299,2.5,False,0,unknown
2026-02-10T18:10:01.819682,2.5,False,0,unknown
2026-02-10T18:10:04.815876,2.5,False,0,unknown
2026-02-10T18:10:07.817411,2.5,False,0,unknown
2026-02-10T18:10:10.818730,2.5,False,0,unknown
2026-02-10T18:10:13.822199,2.5,False,0,unknown
2026-02-10T18:10:16.851079,2.5,False,0,unknown
2026-02-10T18:10:19.835783,2.5,False,0,unknown
2026-02-10T18:10:22.831460,2.5,False,0,unknown
2026-02-10T18:10:25.833802,2.5,False,0,unknown
2026-02-10T18:10:28.856266,2.5,False,0,unknown
2026-02-10T18:10:31.841879,2.5,False,0,unknown
2026-02-10T18:10:34.849131,2.5,False,0,unknown
2026-02-10T18:10:37.846281,2.5,False,0,unknown
2026-02-10T18:10:40.852265,2.5,False,0,unknown
2026-02-10T18:10:43.852332,2.5,False,0,unknown
2026-02-10T18:10:46.855346,2.5,False,0,unknown
2026-02-10T18:10:49.862342,2.5,False,0,unknown
2026-02-10T18:10:52.861469,2.5,False,0,unknown
2026-02-10T18:10:55.870621,2.5,False,0,unknown
2026-02-10T18:10:58.870945,2.5,False,0,unknown
2026-02-10T18:11:01.869561,2.5,False,0,unknown
2026-02-10T18:11:04.876547,0,False,0,unknown
2026-02-10T18:11:07.882369,0,False,0,unknown
2026-02-10T18:11:10.881153,0,False,0,unknown
2026-02-10T18:11:13.890172,0,False,0,unknown
2026-02-10T18:11:16.915541,2.5,False,0,unknown
2026-02-10T18:11:19.918099,2.5,False,0,unknown
2026-02-10T18:11:22.893537,0,False,0,unknown
2026-02-10T18:11:25.893723,3.3,False,0,unknown
2026-02-10T18:11:28.906294,0,False,0,unknown
2026-02-10T18:11:31.901549,0,False,0,unknown
2026-02-10T18:11:34.934885,2.5,False,0,unknown
2026-02-10T18:11:37.928000,20.8,False,0,unknown
2026-02-10T18:11:40.919248,96.7,False,0,unknown
2026-02-10T18:11:43.941511,12.5,False,0,unknown
2026-02-10T18:11:46.944382,199.2,False,0,unknown
2026-02-10T18:11:49.917767,3.3,False,0,unknown
2026-02-10T18:11:52.921027,2.5,False,0,unknown
2026-02-10T18:11:55.924393,0,False,0,unknown
2026-02-10T18:11:58.927374,0,False,0,unknown
2026-02-10T18:12:01.974654,0,False,0,unknown
2026-02-10T18:12:04.934416,0,False,0,unknown
2026-02-10T18:12:07.938005,0,False,0,unknown
2026-02-10T18:12:10.939823,0,False,0,unknown
2026-02-10T18:12:13.947742,0,False,0,unknown
2026-02-10T18:12:16.944439,0,False,0,unknown
2026-02-10T18:12:19.949480,0,False,0,unknown
2026-02-10T18:12:22.951708,0,False,0,unknown
2026-02-10T18:12:25.959179,0,False,0,unknown
2026-02-10T18:12:28.960341,0,False,0,unknown
2026-02-10T18:12:31.960489,0,False,0,unknown
2026-02-10T18:12:36.262689,0,False,0,unknown
2026-02-10T18:12:37.973598,0,False,0,unknown
2026-02-10T18:12:40.970447,0,False,0,unknown
2026-02-10T18:12:43.974305,0,False,0,unknown
2026-02-10T18:12:46.977248,0,False,0,unknown
2026-02-10T18:12:49.981440,0,False,0,unknown
2026-02-10T18:12:53.096334,0,False,0,unknown
2026-02-10T18:12:55.987277,0,False,0,unknown
2026-02-10T18:12:58.988191,0,False,0,unknown
2026-02-10T18:13:01.991385,0,False,0,unknown
2026-02-10T18:13:04.994123,0,False,0,unknown
2026-02-10T18:13:08.040794,0,False,0,unknown
2026-02-10T18:13:11.031086,0,False,0,unknown
2026-02-10T18:13:14.000844,0,False,0,unknown
2026-02-10T18:13:17.014302,0,False,0,unknown
2026-02-10T18:13:20.007285,0,False,0,unknown
2026-02-10T18:13:23.014219,0,False,0,unknown
2026-02-10T18:13:26.015223,0,False,0,unknown
2026-02-10T18:13:30.167480,0,False,0,unknown
2026-02-10T18:13:32.018091,0,False,0,unknown
2026-02-10T18:13:35.035638,0,False,0,unknown
2026-02-10T18:13:38.031290,0,False,0,unknown
2026-02-10T18:13:41.033082,0,False,0,unknown
2026-02-10T18:13:44.042119,0,False,0,unknown
2026-02-10T18:13:47.041847,0,False,0,unknown
2026-02-10T18:13:50.046462,0,False,0,unknown
2026-02-10T18:13:53.096527,0,False,0,unknown
2026-02-10T18:13:56.049564,0,False,0,unknown
2026-02-10T18:13:59.051124,0,False,0,unknown
2026-02-10T18:14:15.576813,0,False,0,unknown
2026-02-10T18:14:15.608092,0,False,0,unknown
2026-02-10T18:14:15.608285,0,False,0,unknown
2026-02-10T18:14:15.608387,0,False,0,unknown
2026-02-10T18:14:15.608477,0,False,0,unknown
2026-02-10T18:14:17.063086,0,False,0,unknown
2026-02-10T18:14:20.087535,0,False,0,unknown
2026-02-10T18:14:23.073183,0,False,0,unknown
2026-02-10T18:14:26.073181,0,False,0,unknown
2026-02-10T18:14:29.075446,0,False,0,unknown
2026-02-10T18:14:32.082752,0,False,0,unknown
2026-02-10T18:14:35.085000,0,False,0,unknown
2026-02-10T18:14:38.085895,0,False,0,unknown
2026-02-10T18:14:42.617687,0,False,0,unknown
2026-02-10T18:14:44.093976,0,False,0,unknown
2026-02-10T18:14:47.097354,0,False,0,unknown
2026-02-10T18:14:50.097363,0,False,0,unknown
2026-02-10T18:14:53.105807,0,False,0,unknown
2026-02-10T18:14:56.113916,0,False,0,unknown
2026-02-10T18:14:59.123212,0,False,0,unknown
2026-02-10T18:15:02.111272,0,False,0,unknown
2026-02-10T18:15:05.120643,0,False,0,unknown
2026-02-10T18:15:08.116550,0,False,0,unknown
2026-02-10T18:15:11.117875,0,False,0,unknown
2026-02-10T18:15:14.123926,0,False,0,unknown
2026-02-10T18:15:17.146189,0,False,0,unknown
2026-02-10T18:15:20.428383,0,False,0,unknown
2026-02-10T18:15:23.234857,0,False,0,unknown
2026-02-10T18:15:26.133613,0,False,0,unknown
2026-02-10T18:15:29.135960,0,False,0,unknown
2026-02-10T18:15:32.140064,0,False,0,unknown
2026-02-10T18:15:35.346987,0,False,0,unknown
2026-02-10T18:15:38.145974,0,False,0,unknown
2026-02-10T18:15:41.150656,0,False,0,unknown
2026-02-10T18:15:44.153075,0,False,0,unknown
2026-02-10T18:15:47.168019,0,False,0,unknown
2026-02-10T18:15:50.159548,0,False,0,unknown
2026-02-10T18:15:53.166578,0,False,0,unknown
2026-02-10T18:15:56.167958,0,False,0,unknown
2026-02-10T18:15:59.168450,0,False,0,unknown
2026-02-10T18:16:02.176270,0,False,0,unknown
2026-02-10T18:16:05.292748,0,False,0,unknown
2026-02-10T18:16:09.557239,0,False,0,unknown
2026-02-10T18:16:11.213072,0,False,0,unknown
2026-02-10T18:16:14.179669,0,False,0,unknown
2026-02-10T18:16:17.185371,0,False,0,unknown
2026-02-10T18:16:21.558343,0,False,0,unknown
2026-02-10T18:16:23.191266,0,False,0,unknown
2026-02-10T18:16:26.195761,0,False,0,unknown
2026-02-10T18:16:33.559028,0,False,0,unknown
2026-02-10T18:16:33.579987,0,False,0,unknown
2026-02-10T18:16:35.213432,0,False,0,unknown
2026-02-10T18:16:38.205466,0,False,0,unknown
2026-02-10T18:16:41.207998,0,False,0,unknown
2026-02-10T18:16:44.522198,0,False,0,unknown
2026-02-10T18:16:47.235602,0,False,0,unknown
2026-02-10T18:16:50.221626,0,False,0,unknown
2026-02-10T18:16:53.429242,0,False,0,unknown
2026-02-10T18:16:56.222980,0,False,0,unknown
2026-02-10T18:16:59.223361,0,False,0,unknown
2026-02-10T18:17:02.229166,0,False,0,unknown
2026-02-10T18:17:05.235028,0,False,0,unknown
2026-02-10T18:17:08.235458,0,False,0,unknown
2026-02-10T18:17:11.240985,0,False,0,unknown
2026-02-10T18:17:14.243620,0,False,0,unknown
2026-02-10T18:17:17.249649,0,False,0,unknown
2026-02-10T18:17:20.250106,0,False,0,unknown
2026-02-10T18:17:23.259638,0,False,0,unknown
2026-02-10T18:17:26.253819,0,False,0,unknown
2026-02-10T18:17:29.260800,0,False,0,unknown
2026-02-10T18:17:32.259025,0,False,0,unknown
2026-02-10T18:17:35.262596,0,False,0,unknown
2026-02-10T18:17:38.266779,0,False,0,unknown
2026-02-10T18:17:41.268218,0,False,0,unknown
2026-02-10T18:17:44.271409,0,False,0,unknown
2026-02-10T18:17:47.275661,0,False,0,unknown
2026-02-10T18:17:50.277790,0,False,0,unknown
2026-02-10T18:17:53.299961,0,False,0,unknown
2026-02-10T18:17:56.283544,0,False,0,unknown
2026-02-10T18:17:59.286611,0,False,0,unknown
2026-02-10T18:18:02.292311,0,False,0,unknown
2026-02-10T18:18:05.292576,0,False,0,unknown
2026-02-10T18:18:09.564136,0,False,0,unknown
2026-02-10T18:18:11.303097,0,False,0,unknown
2026-02-10T18:18:14.303920,0,False,0,unknown
2026-02-10T18:18:17.307235,0,False,0,unknown
2026-02-10T18:18:20.315470,0,False,0,unknown
2026-02-10T18:18:23.315530,0,False,0,unknown
2026-02-10T18:18:26.318949,0,False,0,unknown
2026-02-10T18:18:29.316388,0,False,0,unknown
2026-02-10T18:18:32.317171,0,False,0,unknown
2026-02-10T18:18:35.324266,0,False,0,unknown
2026-02-10T18:18:38.323072,0,False,0,unknown
2026-02-10T18:18:41.329030,0,False,0,unknown
2026-02-10T18:18:44.332873,0,False,0,unknown
2026-02-10T18:18:47.337807,0,False,0,unknown
2026-02-10T18:18:50.338154,0,False,0,unknown
2026-02-10T18:18:53.358695,0,False,0,unknown
2026-02-10T18:18:56.358948,0,False,0,unknown
2026-02-10T18:18:59.379944,0,False,0,unknown
2026-02-10T18:19:02.350637,0,False,0,unknown
2026-02-10T18:19:05.429959,0,False,0,unknown
2026-02-10T18:19:08.383749,0,False,0,unknown
2026-02-10T18:19:11.378757,0,False,0,unknown
2026-02-10T18:19:14.363660,0,False,0,unknown
2026-02-10T18:19:17.369883,0,False,0,unknown
2026-02-10T18:19:20.370366,0,False,0,unknown
2026-02-10T18:19:23.535542,0,False,0,unknown
2026-02-10T18:19:26.379996,0,False,0,unknown
2026-02-10T18:19:29.385523,0,False,0,unknown
2026-02-10T18:19:32.412763,0,False,0,unknown
2026-02-10T18:19:35.383638,0,False,0,unknown
2026-02-10T18:19:38.388151,0,False,0,unknown
2026-02-10T18:19:41.412471,0,False,0,unknown
2026-02-10T18:19:44.405404,0,False,0,unknown
2026-02-10T18:19:47.411387,0,False,0,unknown
2026-02-10T18:19:50.399126,0,False,0,unknown
2026-02-10T18:19:53.402606,0,False,0,unknown
2026-02-10T18:19:56.426183,0,False,0,unknown
2026-02-10T18:19:59.416585,0,False,0,unknown
2026-02-10T18:20:02.413594,0,False,0,unknown
2026-02-10T18:20:07.580977,0,False,0,unknown
2026-02-10T18:20:08.425260,0,False,0,unknown
2026-02-10T18:20:11.439180,0,False,0,unknown
2026-02-10T18:20:14.452409,0,False,0,unknown
2026-02-10T18:20:17.434674,0,False,0,unknown
2026-02-10T18:20:20.427558,0,False,0,unknown
2026-02-10T18:20:23.547651,0,False,0,unknown
2026-02-10T18:20:26.453649,0,False,0,unknown
2026-02-10T18:20:29.442112,0,False,0,unknown
2026-02-10T18:20:32.441933,0,False,0,unknown
2026-02-10T18:20:35.451701,0,False,0,unknown
2026-02-10T18:20:43.073130,0,False,0,unknown
2026-02-10T18:20:43.148775,0,False,0,unknown
2026-02-10T18:20:44.452487,0,False,0,unknown
2026-02-10T18:20:47.455688,0,False,0,unknown
2026-02-10T18:20:50.470640,0,False,0,unknown
2026-02-10T18:20:53.561530,0,False,0,unknown
2026-02-10T18:20:56.465068,0,False,0,unknown
2026-02-10T18:20:59.470092,0,False,0,unknown
2026-02-10T18:21:02.476071,0,False,0,unknown
2026-02-10T18:21:05.478202,2.5,False,0,unknown
2026-02-10T18:21:08.482943,2.5,False,0,unknown
2026-02-10T18:21:11.485517,2.5,False,0,unknown
2026-02-10T18:21:15.572633,2.5,False,0,unknown
2026-02-10T18:21:17.488592,2.5,False,0,unknown
2026-02-10T18:21:23.083345,2.5,False,0,unknown
2026-02-10T18:21:23.502238,2.5,False,0,unknown
2026-02-10T18:21:26.516185,2.5,False,0,unknown
2026-02-10T18:21:29.507693,2.5,False,0,unknown
2026-02-10T18:21:32.501423,2.5,False,0,unknown
2026-02-10T18:21:35.524309,2.5,False,0,unknown
2026-02-10T18:21:38.504203,2.5,False,0,unknown
2026-02-10T18:21:41.540312,2.5,False,0,unknown
2026-02-10T18:21:44.524783,2.5,False,0,unknown
2026-02-10T18:21:47.547251,2.5,False,0,unknown
2026-02-10T18:21:50.521612,2.5,False,0,unknown
2026-02-10T18:21:53.556075,2.5,False,0,unknown
2026-02-10T18:21:56.530383,2.5,False,0,unknown
2026-02-10T18:21:59.531315,2.5,False,0,unknown
2026-02-10T18:22:02.531505,2.5,False,0,unknown
2026-02-10T18:22:05.543501,2.5,False,0,unknown
2026-02-10T18:22:08.534616,2.5,False,0,unknown
2026-02-10T18:22:11.541493,2.5,False,0,unknown
2026-02-10T18:22:14.547243,2.5,False,0,unknown
2026-02-10T18:22:17.547632,2.5,False,0,unknown
2026-02-10T18:22:20.547431,2.5,False,0,unknown
2026-02-10T18:22:23.561043,2.5,False,0,unknown
2026-02-10T18:22:26.555846,2.5,False,0,unknown
2026-02-10T18:22:29.560461,2.5,False,0,unknown
2026-02-10T18:22:32.673332,2.5,False,0,unknown
2026-02-10T18:22:35.568435,2.5,False,0,unknown
2026-02-10T18:22:38.614843,2.5,False,0,unknown
2026-02-10T18:22:43.082047,2.5,False,0,unknown
2026-02-10T18:22:44.582228,2.5,False,0,unknown
2026-02-10T18:22:47.581160,2.5,False,0,unknown
2026-02-10T18:22:50.580693,2.5,False,0,unknown
2026-02-10T18:22:53.580434,2.5,False,0,unknown
2026-02-10T18:22:56.589807,2.5,False,0,unknown
2026-02-10T18:22:59.589330,2.5,False,0,unknown
2026-02-10T18:23:02.592806,2.5,False,0,unknown
2026-02-10T18:23:05.599475,2.5,False,0,unknown
2026-02-10T18:23:08.595486,2.5,False,0,unknown
2026-02-10T18:23:11.637053,2.5,False,0,unknown
2026-02-10T18:23:14.614702,2.5,False,0,unknown
2026-02-10T18:23:17.607721,2.5,False,0,unknown
2026-02-10T18:23:23.647619,2.5,False,0,unknown
2026-02-10T18:23:23.647939,2.5,False,0,unknown
2026-02-10T18:23:26.619208,2.5,False,0,unknown
2026-02-10T18:23:29.620719,2.5,False,0,unknown
2026-02-10T18:23:32.626301,2.5,False,0,unknown
2026-02-10T18:23:35.657166,2.5,False,0,unknown
2026-02-10T18:23:38.627139,2.5,False,0,unknown
2026-02-10T18:23:41.636763,2.5,False,0,unknown
2026-02-10T18:23:44.702090,2.5,False,0,unknown
2026-02-10T18:23:47.657183,2.5,False,0,unknown
2026-02-10T18:23:50.688357,2.5,False,0,unknown
2026-02-10T18:23:53.654984,2.5,False,0,unknown
2026-02-10T18:23:56.947920,2.5,False,0,unknown
2026-02-10T18:23:59.711587,2.5,False,0,unknown
2026-02-10T18:24:02.666306,2.5,False,0,unknown
2026-02-10T18:24:05.651828,2.5,False,0,unknown
2026-02-10T18:24:08.691655,2.5,False,0,unknown
2026-02-10T18:24:11.675767,2.5,False,0,unknown
2026-02-10T18:24:14.665150,2.5,False,0,unknown
2026-02-10T18:24:17.668065,2.5,False,0,unknown
2026-02-10T18:24:20.669515,2.5,False,0,unknown
2026-02-10T18:24:23.675707,2.5,False,0,unknown
2026-02-10T18:24:26.680389,2.5,False,0,unknown
2026-02-10T18:24:29.679552,2.5,False,0,unknown
2026-02-10T18:24:32.786487,2.5,False,0,unknown
2026-02-10T18:24:35.689542,2.5,False,0,unknown
2026-02-10T18:25:06.246672,2.5,False,0,unknown
2026-02-10T18:25:09.207546,2.5,False,0,unknown
2026-02-10T18:25:12.219664,2.5,False,0,unknown
2026-02-10T18:25:15.213146,2.5,False,0,unknown
2026-02-10T18:25:18.216293,2.5,False,0,unknown
2026-02-10T18:25:21.220235,2.5,False,0,unknown
2026-02-10T18:25:24.246928,2.5,False,0,unknown
2026-02-10T18:25:27.222483,2.5,False,0,unknown
2026-02-10T18:25:30.241378,2.5,False,0,unknown
2026-02-10T18:25:33.246225,2.5,False,0,unknown
2026-02-10T18:25:36.258861,2.5,False,0,unknown
2026-02-10T18:25:39.292610,2.5,False,0,unknown
2026-02-10T18:25:42.269844,2.5,False,0,unknown
2026-02-10T18:25:45.247215,2.5,False,0,unknown
2026-02-10T18:25:48.253682,2.5,False,0,unknown
2026-02-10T18:25:51.265201,2.5,False,0,unknown
2026-02-10T18:25:54.258829,2.5,False,0,unknown
2026-02-10T18:25:57.256146,2.5,False,0,unknown
2026-02-10T18:26:00.259214,0,False,0,unknown
2026-02-11T15:44:52.206102,10,False,0,unknown
2026-02-11T15:44:55.217995,344.2,False,0,unknown
2026-02-11T15:44:58.213283,134.2,False,0,unknown
2026-02-11T15:45:01.233491,10,False,0,unknown
2026-02-11T15:45:04.234037,8.3,False,0,unknown
2026-02-11T15:45:07.234965,8.3,False,0,unknown
2026-02-11T15:45:10.220028,8.3,False,0,unknown
2026-02-11T15:45:13.245151,8.3,False,0,unknown
2026-02-11T15:45:16.254961,8.3,False,0,unknown
2026-02-11T15:45:19.250454,8.3,False,0,unknown
2026-02-11T15:45:22.288368,8.3,False,0,unknown
2026-02-11T15:45:25.237638,8.3,False,0,unknown
2026-02-11T15:45:28.238500,8.3,False,0,unknown
2026-02-11T15:45:31.275753,8.3,False,0,unknown
2026-02-11T15:45:34.248430,8.3,False,0,unknown
2026-02-11T15:45:37.274049,8.3,False,0,unknown
2026-02-11T15:45:40.257523,8.3,False,0,unknown
2026-02-11T15:45:43.258680,8.3,False,0,unknown
2026-02-11T15:45:46.266502,8.3,False,0,unknown
2026-02-11T15:45:49.264932,8.3,False,0,unknown
2026-02-11T15:45:52.281925,7.5,False,0,unknown
2026-02-11T15:45:55.278474,7.5,False,0,unknown
2026-02-11T15:45:58.303184,7.5,False,0,unknown
2026-02-11T15:46:01.307255,7.5,False,0,unknown
2026-02-11T15:46:04.287384,7.5,False,0,unknown
2026-02-11T15:46:07.286101,8.3,False,0,unknown
2026-02-11T15:46:10.291721,8.3,False,0,unknown
2026-02-11T15:46:13.308176,8.3,False,0,unknown
2026-02-11T15:46:16.293602,8.3,False,0,unknown
2026-02-11T15:46:19.339051,7.5,False,0,unknown
2026-02-11T15:46:22.314037,7.5,False,0,unknown
2026-02-11T15:46:25.320979,8.3,False,0,unknown
2026-02-11T15:46:28.335086,7.5,False,0,unknown
2026-02-11T15:46:31.330768,7.5,False,0,unknown
2026-02-11T15:46:34.330876,7.5,False,0,unknown
2026-02-11T15:46:37.312429,7.5,False,0,unknown
2026-02-11T15:46:40.335433,7.5,False,0,unknown
2026-02-11T15:46:43.333337,7.5,False,0,unknown
2026-02-11T15:46:46.322052,7.5,False,0,unknown
2026-02-11T15:46:49.325897,7.5,False,0,unknown
2026-02-11T15:46:52.326653,7.5,False,0,unknown
2026-02-11T15:46:55.349595,7.5,False,0,unknown
2026-02-11T15:46:58.340198,7.5,False,0,unknown
2026-02-11T15:47:01.350968,7.5,False,0,unknown
2026-02-11T15:47:04.375503,7.5,False,0,unknown
2026-02-11T15:47:07.391649,7.5,False,0,unknown
2026-02-11T15:47:10.380481,7.5,False,0,unknown
2026-02-11T15:47:13.366862,7.5,False,0,unknown
2026-02-11T15:47:37.368794,7.5,False,0,unknown
2026-02-11T15:47:40.386203,7.5,False,0,unknown
2026-02-11T15:47:43.376930,7.5,False,0,unknown
2026-02-11T15:47:46.378400,7.5,False,0,unknown
2026-02-11T15:47:49.386017,7.5,False,0,unknown
2026-02-11T15:47:52.400175,7.5,False,0,unknown
2026-02-11T15:47:55.419246,7.5,False,0,unknown
2026-02-11T15:47:58.387299,7.5,False,0,unknown
2026-02-11T15:48:01.393983,7.5,False,0,unknown
2026-02-11T15:48:04.402389,7.5,False,0,unknown
2026-02-11T15:48:07.398936,7.5,False,0,unknown
2026-02-11T15:48:10.410918,7.5,False,0,unknown
2026-02-11T15:48:13.408737,7.5,False,0,unknown
2026-02-11T15:48:16.422776,7.5,False,0,unknown
2026-02-11T15:48:19.406850,7.5,False,0,unknown
2026-02-11T15:48:22.411691,7.5,False,0,unknown
2026-02-11T15:48:25.422543,7.5,False,0,unknown
2026-02-11T15:48:28.429076,7.5,False,0,unknown
2026-02-11T15:48:31.449125,7.5,False,0,unknown
2026-02-11T15:48:34.425079,7.5,False,0,unknown
2026-02-11T15:48:37.436887,7.5,False,0,unknown
2026-02-11T15:48:40.453636,7.5,False,0,unknown
2026-02-11T15:48:43.454753,7.5,False,0,unknown
2026-02-11T15:48:46.442972,7.5,False,0,unknown
2026-02-11T15:48:49.455655,7.5,False,0,unknown
2026-02-11T15:48:52.459720,7.5,False,0,unknown
2026-02-11T15:48:55.462578,7.5,False,0,unknown
2026-02-11T15:48:58.451088,7.5,False,0,unknown
2026-02-11T15:49:01.464303,7.5,False,0,unknown
2026-02-11T15:49:04.472458,7.5,False,0,unknown
2026-02-11T15:49:07.458257,7.5,False,0,unknown
2026-02-11T15:49:10.482469,7.5,False,0,unknown
2026-02-11T15:49:13.481547,7.5,False,0,unknown
2026-02-11T15:49:16.486708,7.5,False,0,unknown
2026-02-11T15:49:19.499072,7.5,False,0,unknown
2026-02-11T15:49:22.474300,7.5,False,0,unknown
2026-02-11T15:49:25.501758,7.5,False,0,unknown
2026-02-11T15:49:28.504770,7.5,False,0,unknown
2026-02-11T15:49:31.482781,7.5,False,0,unknown
2026-02-11T15:49:34.484781,7.5,False,0,unknown
2026-02-11T15:49:37.485528,7.5,False,0,unknown
2026-02-11T15:49:40.492337,7.5,False,0,unknown
2026-02-11T15:49:43.538951,7.5,False,0,unknown
2026-02-11T15:49:46.523237,7.5,False,0,unknown
2026-02-11T15:49:49.534959,7.5,False,0,unknown
2026-02-11T15:49:52.504918,7.5,False,0,unknown
2026-02-11T15:49:55.509245,7.5,False,0,unknown
2026-02-11T15:49:58.548949,7.5,False,0,unknown
2026-02-11T15:50:01.579001,7.5,False,0,unknown
2026-02-11T15:50:04.520673,7.5,False,0,unknown
2026-02-11T15:50:07.519185,7.5,False,0,unknown
2026-02-11T15:50:10.536715,7.5,False,0,unknown
2026-02-11T15:50:13.531058,7.5,False,0,unknown
2026-02-11T15:50:16.535278,7.5,False,0,unknown
2026-02-11T15:50:19.530564,7.5,False,0,unknown
2026-02-11T15:50:22.550848,7.5,False,0,unknown
2026-02-11T15:50:25.535219,7.5,False,0,unknown
2026-02-11T15:50:28.544128,7.5,False,0,unknown
2026-02-11T15:50:31.548131,7.5,False,0,unknown
2026-02-11T15:50:34.546434,7.5,False,0,unknown
2026-02-11T15:50:37.574066,7.5,False,0,unknown
2026-02-11T15:50:40.573767,7.5,False,0,unknown
2026-02-11T15:50:43.554828,7.5,False,0,unknown
2026-02-11T15:50:46.554338,7.5,False,0,unknown
2026-02-11T15:50:49.559487,7.5,False,0,unknown
2026-02-11T15:50:52.580003,7.5,False,0,unknown
2026-02-11T15:50:55.585623,6.7,False,0,unknown
2026-02-11T15:50:58.583008,6.7,False,0,unknown
2026-02-11T15:51:01.702886,6.7,False,0,unknown
2026-02-11T15:51:04.602608,6.7,False,0,unknown
2026-02-11T15:51:07.572251,6.7,False,0,unknown
2026-02-11T15:51:10.607219,7.5,False,0,unknown
2026-02-11T15:51:13.601550,6.7,False,0,unknown
2026-02-11T15:51:16.618122,6.7,False,0,unknown
2026-02-11T15:51:19.586272,6.7,False,0,unknown
2026-02-11T15:51:22.591342,6.7,False,0,unknown
2026-02-11T15:51:25.605484,6.7,False,0,unknown
2026-02-11T15:51:28.626053,6.7,False,0,unknown
